2.33052185175137,-1103.70451050201,7105.88764299718,-7.44286282871773,-0.00061373474365266,0.00395136139293349,2.33346550626332,-1103.67121247836,7105.91495809904,7.35374048712632,-1.14281404976536,-0.198247225911377
-6.70667357342621,-1103.70203080223,7105.88265346669,-7.44286457663904,0.000822995653556506,-0.00529859104132142,-6.70405784110204,-1103.67315551078,7105.91333638745,7.35375783544824,-1.14423150075063,-0.189121417576439
-1156.23284602723,276.591123135344,6767.94873257754,-7.50644498771468,-0.0522392030439811,-1.27824300797088,-1156.25273797988,276.636755414228,6767.94571016393,5.13502709047724,5.58607173233931,0.649161304224847
3582.0111947056,-856.431397091436,6031.82178975321,-6.47726812462673,-0.534176240046035,3.76217593138101,3582.03264634623,-856.098627510184,6031.85432273964,6.41366496036066,-0.617912696952107,-3.88134978284475
3132.77834193652,-908.199714396132,6043.51991955145,-6.78170844473285,-0.515798641311226,3.43231511662223,3132.8071713497,-908.105721096138,6043.52766074403,5.64449652489589,-3.75915718767854,-3.46406730947874
1009.61516748798,-1087.57818027203,7042.32858354827,-7.36707623047647,-0.158989214227503,1.02948928676571,1009.61277700872,-1087.61075630672,7042.3276360554,7.23929227265587,-1.16519907758961,-1.22687974812055
-1900.31328970045,958.951209771483,-6754.58839909152,7.21715480113858,0.282724798281197,-1.99142809532024,-1900.11554793945,959.330942857871,-6754.57049573235,-4.0596372422616,5.96684455412835,1.9991291013811
12.6503748159476,-1015.7284837429,6992.09948203587,-7.50902353814589,-0.0019933603374852,0.0137219004892474,12.7617507398341,-1015.56252463122,6992.11153113654,2.83898781724726,-6.87355120279199,-0.99230253566013
-1577.31136873951,258.009502011768,6683.48966914153,-7.41181917630339,-0.0672435765989106,-1.7418729677264,-1577.42404749945,258.062446689262,6683.46544559081,-4.67039289260301,5.93869512285001,-1.3669496760058
17.0898397057647,-1015.72723982716,6992.08832159465,-7.50901537374132,-0.00267196805606584,0.0183932919984946,17.2821992821922,-1015.44223851867,6992.12032318885,2.83898932483435,-6.87330934143419,-0.993967496597122
-1573.10645930482,258.045786888907,6684.47555863819,-7.41291740256268,-0.0670633770982297,-1.73721703309745,-1573.24953136749,258.113306031255,6684.44009456564,-4.67108777268903,5.93880501471613,-1.36411092080713
4136.19987202145,-224.279542919288,-5505.39326840977,6.07555440419159,0.185741167728087,4.55937692745831,4136.19873992632,-224.260922201303,-5505.37744472982,-3.61803213866778,6.04396259384775,-3.02788163280542
1018.56867923609,-1087.38424639821,7041.06363675619,-7.36576554649288,-0.160403873888406,1.03864815828103,1018.56739307106,-1087.42306495531,7041.07250373258,7.23798193192641,-1.16381183461243,-1.23586111769506
1014.05632217072,-1087.48659859327,7041.71713030322,-7.36640973458194,-0.15969358691866,1.03404755014432,1014.06109365519,-1087.42949261728,7041.72256535191,7.23866294594397,-1.16441555569809,-1.23129533598047
1045.46491289596,-1086.78926308543,7037.21701232995,-7.36174178265343,-0.164645327689578,1.06611336662482,1045.4689270067,-1086.78446554402,7037.24011941265,7.23399207255555,-1.15954082050221,-1.26286257480316
-1581.5110083993,257.969232405589,6682.4989569037,-7.4107215929594,-0.0674227747523743,-1.74652860108443,-1581.73657601489,258.075731027672,6682.44229831736,-4.669653832013,5.93857850121327,-1.36997947616953
4111.89188656012,-225.018591407797,-5523.54306339741,6.09557435407446,0.184650820928753,4.5326190374581,4111.85179217583,-225.089927009339,-5523.54678458424,-3.63019731567071,6.04461018914674,-3.01198998222566
-1194.61405745124,-252.710321650972,6980.05991851045,-7.39159150304238,0.0458519159372277,-1.26646141852275,-1194.61395203393,-252.743410856224,6980.04097441567,7.28124074214577,-1.31691815922453,1.19550627558452
1819.00234721781,982.811820695301,-6773.6133006414,7.24073639941633,-0.27631240584636,1.90435868016149,1819.00419206837,982.916453120881,-6773.66093688245,-6.93541598948905,-1.86230189649851,-2.12826030508587
-1573.10687921016,258.04693375632,6684.47536374302,-7.41291753485338,-0.0670637415778632,-1.73721870436347,-1573.25996086914,258.118949876523,6684.44106907084,-4.67108790493943,5.93880471456625,-1.36411362774172
1009.57995567925,-1087.58373810188,7042.34790697813,-7.36706360693026,-0.158986398667114,1.02946862751114,1009.58598489749,-1087.50445511477,7042.35158411808,7.23931665052252,-1.16510924857461,-1.22680378474004
4139.66095061986,-224.17408386751,-5502.79501313321,6.07267965051347,0.185897168993355,4.56319837121563,4139.68318309936,-224.093074861456,-5502.76088604289,-3.6162910695388,6.04387017283347,-3.03014536815243
1009.57901591661,-1087.58429990137,7042.34926963594,-7.36706256377204,-0.158986123526752,1.0294665104076,1009.58490725994,-1087.50193869256,7042.35068157351,7.23931769368083,-1.16510886350419,-1.22680595087093
-5361.53495657947,-648.684744994115,4562.82724622132,-4.90279288257545,0.800660985995475,-5.63181151890787,-5361.47956331474,-648.803826266988,4562.79435667333,4.59270181509167,2.11826790474153,5.59011657292836
1018.57091994071,-1087.38723604488,7041.07300873287,-7.36575590813704,-0.160403007079872,1.03864107447012,1018.57888102997,-1087.29185698697,7041.08204702341,7.23799157045405,-1.16381048133623,-1.23586841621404
885.614498632924,-257.025257720008,-6827.69590930022,7.53074568150787,0.0367563687736498,0.976402829881298,885.881763481135,-257.513021960399,-6827.63695457068,-4.01125876487467,-6.4388087425715,-0.275015534740948
1023.04689384799,-1087.29063453507,7040.4408769915,-7.36509209458223,-0.161109632158328,1.04321562889663,1023.05350688144,-1087.20163008043,7040.44411020439,7.23733622166123,-1.1631162404273,-1.24036280077638
-1143.42240124222,276.680911699397,6770.12784447225,-7.50883951642397,-0.0516600141910557,-1.2640674559997,-1143.8333105444,277.644005393546,6770.00537424652,5.13676981658445,5.58565481437601,0.63895717970856
-6800.39943959695,-277.95692013599,1928.05665986976,-2.07737897930605,1.0296494917558,-7.14218938404594,-6800.27882159848,-277.974096946473,1928.59225136427,-2.03561649949499,-0.571262371033117,-7.20293692527453
-4307.70326386826,253.664660517348,5265.40209225884,-5.93170473860009,-0.232622948279965,-4.82861716159209,-4307.52225215567,253.954570247175,5265.55157661391,0.874519023558747,-7.52683348118816,1.07605684256871
881.324575597567,-257.046690226332,-6828.253610458,7.53135583085395,0.0365779494676526,0.971661620244737,881.583101413746,-257.519579832291,-6828.19095809578,-4.01158522626875,-6.43871440115996,-0.272508391797624
-1143.45657296373,276.678723125601,6770.10883914535,-7.50885018255777,-0.0516607579050291,-1.26409209793593,-1143.83257276861,277.553029191664,6770.01740954696,5.13673044254832,5.58566062438976,0.639103763074174
1023.04898716766,-1087.28957477043,7040.44007733747,-7.36509231756463,-0.161109901140068,1.04321827463086,1023.05811263547,-1087.17425451633,7040.44782933734,7.23733599872641,-1.16311680600746,-1.24036002489777
-1139.20216120024,276.707881964057,6770.82462589897,-7.50964384424748,-0.0514681300025757,-1.25937910362447,-1139.5428597832,277.499513610918,6770.74356129602,5.13727387635431,5.58552873742647,0.635876800096687
-1130.68365004453,276.766044073576,6772.2472704351,-7.51122653978866,-0.0510826184385083,-1.249945876904,-1130.86204403407,277.176394735913,6772.21732756503,5.13831748079376,5.58527323206221,0.629624536675091
-1185.83430103079,-252.764858199565,6981.56252631459,-7.39316964491048,0.0455159494470768,-1.25718111361359,-1185.82765914654,-252.753145346984,6981.52916402111,7.28280506469538,-1.31658691210524,1.18635638988176
-2152.53788609539,-922.341602340407,6588.98390895858,-7.18352515940761,0.321496415952631,-2.2966831141814,-2152.92139521769,-921.416727804826,6588.96257732922,4.76290505554804,5.38122874166856,2.29990052878537
-2160.89573462673,-921.96687711822,6586.29903997374,-7.18060167770903,0.322750046527042,-2.30563593885037,-2161.21308021846,-921.196818700739,6586.27625359698,4.7609795904349,5.38040064758081,2.30581437360724
3029.93253594171,906.399881202762,-6336.67365235942,6.7723505461978,-0.454092568530692,3.17456636331138,3029.96278438013,906.613315051874,-6336.61556436707,-6.37173629210805,2.98855526732949,-2.63023879171348
898.495735191663,-256.962680834256,-6826.01313913448,7.52888570572404,0.0372923231481025,0.990637060590257,898.904391917102,-257.707668756896,-6825.92731311507,-4.01030764720952,-6.43908385853856,-0.282322687088171
-1160.48715330242,276.561390692158,6767.2205157758,-7.50564083293304,-0.0524319012600156,-1.28295801317023,-1160.55052543976,276.707695876999,6767.20815100407,5.13449082030987,5.58619936651871,0.65228440406909
911.36982610657,-256.898249512846,-6824.30572910997,7.52700076321783,0.0378278573894774,1.00486365782065,911.702122928525,-257.503361358711,-6824.23934581538,-4.0093015522223,-6.43937021223313,-0.289930219670038
-5364.43472078667,-648.211124330078,4559.49339655748,-4.89921583630056,0.801094011008526,-5.63485442319115,-5364.37266983682,-648.328146312995,4559.45468136424,4.58941206628184,2.117860562802,5.59297901430563
1192.97691455151,961.122417460959,-6839.48963251527,7.42047419378092,-0.178476127736776,1.27005735679366,1193.99067823059,962.007799311213,-6839.1756268914,0.841267888646018,7.38533570780171,1.18374893891911
-1973.75835171157,-911.260511388707,6650.26693585445,-7.2376610075034,0.290866853551452,-2.12270224808759,-1973.76883958769,-911.230364455606,6650.25655822359,4.38173676799232,5.78432661988387,2.09291885907976
-1896.02482121,959.118725595286,-6755.77016652616,7.21842077021028,0.282085303693125,-1.98692422172311,-1895.76834052036,959.614419614871,-6755.75141215211,-4.06034969632386,5.96720133457669,1.9966163732031
915.65906631522,-256.87678352621,-6823.73204525252,7.52636602296768,0.0380063016704747,1.00960335645289,915.931373785305,-257.372434758976,-6823.67873727971,-4.00895455901218,-6.43946820494129,-0.292533199381351
3017.86038061134,907.206073100799,-6342.31835759048,6.77839937729958,-0.452279017818901,3.16189207450315,3017.76971948601,906.672629362393,-6342.42940202294,-6.37733048793749,2.98688315289149,-2.61855307693893
2478.01242550446,1035.73513119442,-6688.3906269936,6.97438102283097,-0.390704383403137,2.52301438848963,2477.70421974755,1036.43981119148,-6688.33376159486,-4.75825625537008,-5.10350750097603,-2.66552332430923
885.617677707001,-257.026374373387,-6827.69611933252,7.5307440639075,0.0367566518237965,0.97640614642974,886.079940070984,-257.869760683037,-6827.59545695142,-4.01128609077196,-6.43880120022458,-0.274812967564324
-2152.53529545838,-922.342591771074,6588.98420434762,-7.18352620250298,0.321496442030233,-2.29668093255691,-2152.93337795964,-921.380706133887,6588.96000787646,4.76293479452392,5.3812413094993,2.29980919891986
-1573.10806915097,258.046533234883,6684.47469214297,-7.41291736521917,-0.0670636897803776,-1.7372198884044,-1573.44398860281,258.205060093352,6684.39145246975,-4.67104195141494,5.93879723524877,-1.36430901999555
1673.73557754174,-969.58463629681,6795.96290006452,-7.29636766277596,-0.25071577983974,1.75729731884924,1674.00262162775,-970.036794355442,6795.7783825378,3.40035580385517,6.7099971339691,0.181047617542034
-5364.43504178556,-648.210743888371,4559.4928952442,-4.89921548156557,0.801093693526839,-5.63485487878069,-5364.37223241656,-648.331843023886,4559.45401727584,4.58941242102987,2.11786099159218,5.59297847119394
1070.93455021537,956.153171940545,-6860.40824599576,7.44168071948185,-0.159052875703814,1.14120121329583,1071.47860693603,955.60441696929,-6860.4112039726,0.0593732511763736,-7.466888666802,-0.949001971922497
1057.8735889787,956.430550778201,-6862.39785864508,7.44384341880902,-0.157110245927037,1.12726278070222,1058.77484706839,955.518238666274,-6862.39134218162,0.0593888819492524,-7.46691984841883,-0.948778467043398
-1169.03595545891,276.498456047086,6765.74258621331,-7.50402461061565,-0.0528176570313012,-1.29240893826999,-1169.35006708004,277.22590569024,6765.674556043,5.13339925213362,5.5864563477157,0.658580826179892
1057.87197755945,956.430175085115,-6862.3986680529,7.44384331073435,-0.157109912009203,1.12726095576227,1058.8042465995,955.486203982928,-6862.39098476336,0.0593887740540903,-7.46691965963991,-0.948779781457294
2946.5926865495,-919.51682526311,6356.99352372746,-6.82807901779175,-0.447436829152477,3.09330184718099,2946.58531533733,-919.477149839912,6356.97469798952,6.70897197057432,-0.935515858976908,-3.23575772799392
2950.63000510706,-919.25204769192,6355.15701728036,-6.8261081287321,-0.448053263143633,3.09756058283075,2950.64266226613,-918.992631417125,6355.16411659504,6.70704799129345,-0.934913868243064,-3.23991665842987
2950.63027166693,-919.25016840806,6355.16124240722,-6.82611014177497,-0.448050225612146,3.09754797147066,2950.63671072437,-919.051706765052,6355.15974609114,6.70704597819754,-0.934913263293204,-3.23992908289908
2938.49278173823,-920.05322169233,6360.68995269373,-6.83198432457885,-0.446205490438391,3.08478335594271,2938.56920500992,-919.533172689976,6360.81355702017,6.71282596823753,-0.936452093565052,-3.22718389140605
99.6476323607649,1011.69994683452,-6810.7890390873,7.59514098320471,-0.0161289658287277,0.108580098211116,100.189551443194,1011.5442906174,-6810.81474407014,6.40647189219979,-4.05140093320162,-0.515707173560461
2950.62896557944,-919.251520473683,6355.16062783241,-6.82611125936765,-0.448050694004832,3.09754635154586,2950.6411704056,-918.974843224975,6355.16543515254,6.70704486064116,-0.934912324312887,-3.23993081097668
2946.59509166012,-919.517969574403,6356.994896327,-6.82808204461874,-0.447435051152377,3.0932863773371,2946.59930219918,-919.321814423902,6356.98877523557,6.70896894380068,-0.935513158810903,-3.23577326898115
2938.49386122777,-920.055164278898,6360.68977425438,-6.83198515006627,-0.44620579708778,3.0847788785543,2938.57430109771,-919.484491211305,6360.81806600347,6.71282514275948,-0.936450486886298,-3.22718851741717
1210.49322651024,960.700559242979,-6836.48238618437,7.41726884854615,-0.181027892084901,1.28821502983174,1211.9295475757,961.955129453737,-6836.029398055,0.840883576983996,7.38503687145306,1.18587511867113
2417.49345369829,-995.908919285229,6665.09724865917,-7.02386367205793,-0.371559350691529,2.48664356355733,2417.50734966127,-995.835782559293,6665.05994776416,4.68799471747247,-5.29953578971725,-2.81265318519436
-1969.54330913288,-911.427070463996,6651.5024891289,-7.23899795750389,0.290247896024911,-2.11819156756746,-1969.56061057233,-911.380166576256,6651.48902989503,4.38255339162656,5.7847006852906,2.09019283052779
2938.49486102927,-920.053515155628,6360.68920948538,-6.83198411446901,-0.446205548595339,3.08478241912389,2938.57516674882,-919.488901318635,6360.81768384297,6.71282617835798,-0.936451761832166,-3.22718485853756
1070.93389398809,956.153900221221,-6860.40730495894,7.44168187450773,-0.15905295025669,1.14120072096275,1071.2385240323,955.849314836176,-6860.4183125059,0.0594202442939109,-7.46684755976964,-0.949297001680364
1066.58045402214,956.246581637601,-6861.07237399746,7.44240679948187,-0.158405462030627,1.13655502069052,1067.15027500542,955.672371748382,-6861.07737552388,0.0593349663749776,-7.46687928771235,-0.949069422519242
1031.76931297615,257.459645023577,6787.39513177408,-7.52915816071072,0.0432817732198785,1.14102999030434,1032.03277862219,258.160297314128,6787.32579608054,5.62990684481598,-5.08433433931549,-0.672096912857782
1097.07939382562,955.589377739915,-6856.35996966211,7.43727996130296,-0.162922587609952,1.1689657936235,1098.22029695309,954.430564090949,-6856.33825765675,0.0588403595215808,-7.4669910192568,-0.948267194553758
1714.49367743611,-1046.61548240974,6905.47377360255,-7.22866276529777,-0.265543962820755,1.75202855919831,1715.43774751652,-1045.16832380001,6905.49211253546,2.73876920688198,-6.72452227728615,-1.67173802069965
-1568.90206956257,258.084990620142,6685.45672135582,-7.41401345153055,-0.0668840820597955,-1.7325636451837,-1569.49887876302,258.366646127936,6685.30865245963,-4.67169035729468,5.93889914211866,-1.361666908082
6686.66639488554,-293.872436096018,2094.82436068346,-2.28073728399194,-0.997835237581458,7.11290823824049,6686.74189935233,-293.915615010898,2094.79149874335,1.12703841255042,8.90426466818169,1.93184949735252
507.558500187824,-991.840705571853,6977.16552196097,-7.48970064257989,-0.075797593289545,0.533200739643395,505.968704209926,-992.666104772055,6977.13563136288,-4.34949558361942,-6.08453215887553,-0.560141981112244
1688.14779491668,-1047.57926571478,6911.82297011417,-7.23529185072403,-0.261454066893103,1.72504144356096,1689.04848866824,-1046.19517593954,6911.83423380892,2.74118290381301,-6.72606572599834,-1.66155385504182
-13.9508644397654,-1015.72815965705,6992.09577112726,-7.50902387920269,0.00207662824379573,-0.0142950876335689,-13.8350210805116,-1015.55614644268,6992.11208289663,2.83894323763037,-6.8750815086021,-0.981768026814601
1219.16666501206,960.488324475658,-6834.97240968251,7.41562216529292,-0.182328291158392,1.29746887349935,1220.4349483851,961.596221659795,-6834.56690748576,0.840727454267261,7.38491387528545,1.18675024665123
99.6492009451102,1011.70048541274,-6810.78799284922,7.59514198216858,-0.0161292355708293,0.108581844461213,100.23696915456,1011.53154091408,-6810.81510361101,6.40647289092928,-4.05140114073418,-0.515705829495519
1705.67568771091,-1046.94172208521,6907.62063299777,-7.23087727126694,-0.264178659616735,1.74301901289227,1706.69395440694,-1045.38072795326,6907.6402087704,2.73940175197123,-6.72521023328887,-1.66786585087414
-9.51119729237232,-1015.72897849254,6992.10522909509,-7.50902924263947,0.00139792718895699,-0.00962305247175443,-9.39974288717836,-1015.56296862563,6992.11735298369,2.83895545511479,-6.87482549669345,-0.98353038742731
1814.62238326652,982.974654690037,-6774.76440548882,7.24190397630157,-0.275679407872306,1.90000411327835,1814.67717118556,982.811802504545,-6774.89321717352,-6.93658173921753,-1.86318908807102,-2.1235462945497
1688.1481727541,-1047.5794632886,6911.82696576883,-7.23528854792114,-0.261453401947583,1.72503772675527,1689.03192124461,-1046.21948938714,6911.83434518679,2.74118620655225,-6.72606525664076,-1.66155719883697
-5364.43460344419,-648.212147061327,4559.49254315975,-4.89921755350062,0.801095291808008,-5.63485348789107,-5364.36583050484,-648.336693692792,4559.44902966043,4.58941034911017,2.11785908216655,5.59298027346821
-13.9500276227453,-1015.7283289322,6992.09757838698,-7.50902204997625,0.0020764754051026,-0.0142940344947449,-13.6053372216443,-1015.21851391946,6992.16038542389,2.83894467184686,-6.87511042621974,-0.981568961528863
-5.06794010500692,-1015.7305303665,6992.11005286271,-7.50903344246955,0.000718708215942691,-0.00494743012722857,-5.05261738672918,-1015.70616946191,6992.10094632221,2.83896482198392,-6.87455543307394,-0.985389486094831
6462.47649402597,-459.599277209652,3037.26581958691,-3.21352190578545,-1.00832105829225,6.66349081354557,6462.43826492813,-459.360508637836,3037.32787445053,3.04068814311097,3.2785298386161,-5.97810426205928
610.186567045324,-1090.73108080705,7068.35939852928,-7.42241987351282,-0.0963927761484142,0.62466009409414,609.813061545046,-1090.26145919188,7068.46126239499,1.81652874242166,7.18229440946237,0.944393614627435
-9.50777020934609,-1015.72993709758,6992.10666778769,-7.50902763984129,0.00139738439968865,-0.00961929935898624,-9.30243788211131,-1015.42512364568,6992.13624853816,2.83895692335921,-6.87484031316677,-0.983428395035107
1053.14179917046,257.335174593003,6784.11201476549,-7.52553387197345,0.0441794369231578,1.16469465361037,1053.51153804177,258.315417914903,6784.02315525239,5.62716664901438,-5.08500254174096,-0.689712718347292
-0.629057502942999,-1015.73029651056,6992.11297177773,-7.50903400113937,4.01442048640889e-05,-0.000276336841979597,-0.253935691970071,-1015.17514146828,6992.17927538243,2.83897357349274,-6.87435680069769,-0.986756861347875
-5223.33467238033,737.576145836769,-4862.60392695159,5.10409487093576,0.813611325161452,-5.36386830109786,-5223.14568051233,738.588232229642,-4862.62897517672,-4.45961401647738,2.86246628956414,5.26183557107806
1669.42047435737,-969.73332937711,6797.0015923637,-7.29748379498939,-0.250067643021748,1.75275353759024,1669.7481612281,-970.284885912606,6796.78942973283,3.40085953407319,6.70968223331983,0.183255266986213
-1568.89900285965,258.084610828806,6685.45708320793,-7.41401448164868,-0.066883868632693,-1.73256075067605,-1569.6695634405,258.448443595734,6685.2630280749,-4.67164572634835,5.9388918225841,-1.36185823345976
2413.25796602996,-996.133440296096,6666.5947540912,-7.02544550140257,-0.370907459340629,2.48227891252253,2413.30795641828,-995.978667884708,6666.56125816021,4.6892463732742,-5.29997103833691,-2.80973880169973
8.24939607571879,-1015.72970623035,6992.10815945053,-7.50902843208481,-0.00131705753263145,0.00906636451669328,8.74186632889908,-1015.00145694724,6992.19939353365,2.83898619558598,-6.8738587799273,-0.990185209263591
-5.071668568288,-1015.73056670754,6992.11213492547,-7.50903118427676,0.00071924177278895,-0.004951114701791,-4.70060774675578,-1015.18119330544,6992.1760220049,2.83896679288585,-6.87461244042309,-0.98499706937532
1696.93223357022,-1047.26279648936,6909.72386540123,-7.23308818038846,-0.26281720336268,1.73403247089277,1697.94210410535,-1045.70606494246,6909.72715522168,2.74041165974178,-6.72556403038524,-1.66486290249552
-2215.53223988343,952.31836528672,-6446.1150658612,7.19682725949673,0.35741718446273,-2.4192988469383,-2215.54555189863,952.342378988266,-6446.0713257425,-1.21011367700923,-7.47048881659288,-0.680307844102378
-5223.33350024724,737.576997457856,-4862.60679275672,5.10409598730022,0.813611364415894,-5.36386552252696,-5223.13845396718,738.618591503842,-4862.63208144713,-4.45954009505068,2.86245515705446,5.26190629838172
1075.25093712549,-982.616945028447,6913.71429694151,-7.4222034317095,-0.16045230104039,1.12894134413017,1075.23585979611,-982.639703639897,6913.65753098952,6.71199055072147,-3.02747184865598,-1.47572763763795
1097.18585783541,-982.13580316974,6910.33415371745,-7.41858245151057,-0.16373512993175,1.15204017532493,1097.17937800145,-982.120517779057,6910.2830817292,6.70870709548464,-3.02450769914249,-1.49658427813935
-5229.50914822448,736.590228300747,-4856.10978057849,5.09726527247908,0.814573115380008,-5.37021537839679,-5229.33853788461,737.514416087746,-4856.13444634532,-4.45361924298344,2.86162861773708,5.26736354583696
1057.40961527138,257.309862372793,6783.4555784439,-7.52479254669907,0.0443585493986484,1.16941844157846,1057.68141127514,258.034712271375,6783.37847806595,5.62660337185149,-5.08514032493189,-0.693346542883871
6675.94717997359,-298.543970499717,2128.1246238913,-2.3168446667446,-0.996226823688675,7.10144267433472,6675.94785353228,-298.362331014499,2128.4732814444,1.12334736110883,8.90349177733005,1.9373584727414
2413.25615758331,-996.133072321278,6666.59543188418,-7.0254461850115,-0.370907011475497,2.48227707976483,2413.32077656115,-995.945451877294,6666.56372341859,4.68924568960695,-5.29997095483492,-2.80974029505371
875.656747146036,-1005.65008499688,6938.68981788886,-7.45129978429865,-0.133258722487874,0.919442265248634,874.72893311186,-1006.34979015536,6938.69090966802,-2.21841242463706,-7.07472224292154,-0.758095829744485
866.848012405444,-1005.80685808171,6939.77094441267,-7.4524638343788,-0.131915343960801,0.910173321183815,865.762585482369,-1006.62602255419,6939.77462886104,-2.21876997618046,-7.07429377499549,-0.761052280910592
-6416.74217684546,-500.235521520706,3224.1381848446,-3.38201343132007,1.0164421504589,-6.55120617289777,-6416.43852169261,-499.583360382313,3224.67159406807,1.15924518971712,-7.56970275832211,1.36124316561451
1678.08477060754,-969.432629458483,6794.91072276725,-7.29525244400364,-0.251362418375448,1.76183311898615,1678.39488642378,-969.955498369987,6794.70647080692,3.39987987398675,6.71029417985141,0.178964006272116
-6416.74147170691,-500.235918132259,3224.13953629746,-3.38201460464201,1.01644242357111,-6.55120548324476,-6416.44119584375,-499.596722279663,3224.66081589449,1.15924401643571,-7.5697029330662,1.36124336933925
-1258.22204461016,-1040.81081440331,6970.34967348178,-7.34436909603131,0.193273040990193,-1.29435200905257,-1257.49376077605,-1040.19280624057,6970.57893123184,-1.00636036258604,-7.28778703206857,-1.26169492301565
-1266.11733808268,1080.33561697035,-7011.41757884998,7.31148361726366,0.199127291372378,-1.29233865980553,-1266.94732732021,1079.26963264731,-7011.48309702626,-1.76294486568666,7.09798292674824,1.41845143466484
1714.49324862007,-1046.61448891622,6905.47257403868,-7.22866380678102,-0.265543861070733,1.75202924637316,1715.52841771254,-1045.02687034339,6905.49114607625,2.73879200514606,-6.72453712182019,-1.67164057110762
1818.96158251107,982.810160213859,-6773.62355217061,7.24071571109191,-0.276323027810121,1.90443798371463,1819.01873016364,982.634290381782,-6773.75527444893,-6.9353870192856,-1.86254137083512,-2.12800851533902
3917.82537499688,-837.644752847993,5822.7887898978,-6.25452619135329,-0.591778739066609,4.11366775588974,3917.8536208691,-837.705692541187,5822.80972641628,6.06166846238104,2.43305552107827,-3.69800297851166
6688.00200762445,-293.288379197438,2090.66292158959,-2.27621745260541,-0.998032442772187,7.11432053088262,6687.99786197787,-293.081947241146,2091.05457876245,1.12718294077884,8.90437667092658,1.9310517673116
-1306.25641452566,1079.22653036277,-7004.22256787633,7.30396560178112,0.205425143617219,-1.33321237624781,-1307.13282849107,1078.09836323068,-7004.28431149215,-1.76109793595016,7.09646182453626,1.42832321004305
4489.19578409412,830.227628201053,-5535.07575293192,5.80815561766122,-0.691346760114237,4.60915387236846,4490.34360688265,830.807891142187,-5534.06167201873,3.52054106020816,5.43249753232777,3.69437106984441
4227.18267652299,256.919001732405,5328.54339413626,-6.00475356937048,0.228509845687321,4.73931761083136,4226.14037665005,258.084143801366,5329.29402125072,-0.924284749526095,7.5897073956297,0.367681048918339
397.663122035058,-1069.07176403484,7067.46603508966,-7.44850046007576,-0.0618332024858977,0.408768032078431,397.681229856915,-1068.95750867574,7067.59399370348,7.35453625593475,-1.26889956361484,-0.608255733417635
-1973.75799965819,-911.259332880551,6650.26815527139,-7.23766033524612,0.290866518539035,-2.12270293594164,-1973.79578876454,-911.176128949745,6650.26388760552,4.3817374401564,5.78432712203242,2.09291708006803
1227.5818995711,1002.24650066156,-6902.73041108525,7.37808200145819,-0.186609175603422,1.28522049489886,1228.61546460078,1001.00784558637,-6902.72809200237,-1.09400404405388,-7.26052699482509,-1.16934602531681
-1306.25740266976,1079.22691620155,-7004.22073995086,7.30396703656461,0.205425477157247,-1.33321371963548,-1307.04677084524,1078.21354118426,-7004.28319189573,-1.76107837469424,7.0964469247295,1.42841970460049
-1017.22091188426,-1056.15226004184,7007.17773825662,-7.38462084216342,0.157716236830447,-1.04638461178086,-1016.06432042145,-1057.16835144313,7007.1869330425,-1.11349343189722,7.31430484598244,0.978211024289139
1065.94128220469,257.259047333312,6782.12374752782,-7.52331336137495,0.0447171374901759,1.17887321255036,1066.18806742544,257.918594829681,6782.04997922086,5.62548843122266,-5.08540808706466,-0.700406666727169
-2156.71752911684,-922.155379861813,6587.64628780103,-7.18206357084723,0.322122170471114,-2.30115078552459,-2157.16876069033,-921.063503164724,6587.61719223384,4.76197537048074,5.380826396538,2.30277309106002
-5957.74278973754,-131.388898751043,3841.94771075298,-4.07313672342092,0.215307433665349,-6.29580277821497,-5957.77305736195,-131.762599040608,3841.8889015758,3.9144403950689,-2.35745717196387,5.94170722556539
-2239.6970989099,951.120610056546,-6437.99206584666,7.18721384279786,0.361499763940845,-2.44692729544376,-2239.97062658561,951.448518450731,-6437.83855347061,-1.20914583532853,-7.47081939331158,-0.677386249899629
2421.73043379482,-995.685989309937,6663.59738300294,-7.02227816540159,-0.372211440774565,2.4910046946097,2421.79641282374,-995.480775135853,6663.55243546991,4.68674211422313,-5.29909949069915,-2.81557073170214
1652.15701873618,-970.322198345115,6801.13454252523,-7.30191541695402,-0.247473060211133,1.73456918962398,1652.5312570282,-970.950025255746,6800.90054381163,3.40277036218221,6.70847751384097,0.191699011977557
-2215.5329612536,952.320177589589,-6446.11438646574,7.19682692337765,0.357418005524056,-2.41929954790934,-2215.60237420349,952.410694061781,-6446.042501493,-1.21014620419387,-7.47047466324468,-0.680404478476516
-999.408180364322,-1056.52511263572,7009.67684737481,-7.38726524818793,0.154948317373836,-1.02802429137758,-998.162063766896,-1057.62046645505,7009.68884874231,-1.1138205618746,7.31387300332699,0.981075957410189
-1021.71401289872,-1056.04757654264,7006.51860825228,-7.38397089863439,0.158412091290343,-1.05100665003741,-1020.59864678409,-1057.03206732787,7006.54378594082,-1.11343780666457,7.31440961706637,0.977515219909495
-1891.73639305805,959.286772484509,-6756.95072426658,7.21968180227781,0.281445888312795,-1.98241945194221,-1891.46387244017,959.812180034473,-6756.92891898025,-4.06106263371095,5.96755796262002,1.99410389130953
-2779.19648412473,859.800290853659,-6364.12247634183,6.91458352074546,0.401888367894604,-2.97471109070786,-2779.17711357016,859.845932773285,-6364.11445568067,-5.29912246776683,4.56167798302635,2.85092773302529
3578.19130168,-856.73629187763,6033.98215176995,-6.47966439569093,-0.53361598469161,3.75823817474474,3578.22871403186,-856.296536359223,6034.04044973629,6.41605761303549,-0.618476283153865,-3.87738846306552
902.786949285766,-256.941593756144,-6825.44699678643,7.52825980767279,0.0374708659947529,0.995379016745172,903.52644042164,-258.28905487869,-6825.29498322784,-4.01001814113603,-6.43916692073452,-0.284528893083228
-1244.93275906652,-1041.15971446043,6972.6798201875,-7.3468281362778,0.19122715603458,-1.28064950187878,-1244.15620084557,-1040.50074879021,6972.92502506244,-1.006704433228,-7.2880826651375,-1.25971506649287
-5364.43468715407,-648.213078805612,4559.49370125192,-4.89921469712413,0.801096393622337,-5.63485456797695,-5364.36367304207,-648.350963149343,4559.44985792204,4.58941320547761,2.11785833238374,5.59297941054734
-2779.19464659105,859.800084138475,-6364.12358792768,6.91458407746824,0.401887927820235,-2.97470906251015,-2779.17519706492,859.845337336232,-6364.11512413503,-5.2991219110491,4.56167786377022,2.85092953212695
-5367.33263264395,-647.737685730222,4556.15719057301,-4.89563688633537,0.801527366564326,-5.63789514542106,-5367.26358530255,-647.849213020339,4556.1119759989,4.58612047447442,2.11745290722804,5.59583951093843
424.606874184941,-1068.83835945769,7065.92974646711,-7.44689224773682,-0.0660349736415395,0.436545584545488,424.626357103173,-1068.72027802968,7066.06665835402,7.35292860039266,-1.26475487037491,-0.635656001149655
424.609237552755,-1068.83833590805,7065.92851845497,-7.44689315878067,-0.0660354091319445,0.436548403707985,424.634292309989,-1068.66227108067,7066.07751423068,7.35292768944433,-1.26475528177069,-0.635653208978205
-1239.30922294802,267.87327894759,6752.25859392159,-7.49149128639715,-0.0543286797362936,-1.36945221554795,-1239.130693508,267.25440706128,6752.33537154206,6.26695511429352,4.20661619272692,0.98398434722284
3582.00972636329,-856.430566004215,6031.81976633295,-6.47726695306321,-0.534176651145597,3.76218121510156,3582.04483576534,-855.943190776336,6031.87363957996,6.41366613196282,-0.617913783707584,-3.88134449175437
-6046.69482057204,-528.062106088514,3628.84346529869,-3.90302692900526,0.923844403575028,-6.34865034825955,-6046.67350674808,-526.63707844185,3629.17577478192,3.84981563029857,-2.09579892348642,6.10309331652594
-4596.28500754147,851.699396251043,-5485.50033726546,5.72033625432313,0.727510970589738,-4.68563422256292,-4595.0057875095,851.502412389341,-5486.56131914014,5.1896830701562,-2.37358143773824,-4.74968529331857
-2156.71963972518,-922.154625138048,6587.64425780861,-7.1820633842391,0.322122436185639,-2.30115386526944,-2157.43851636995,-920.432773518002,6587.61731183493,4.76206808261073,5.38086654562049,2.30248703679509
-5367.33208344944,-647.736222501255,4556.15739959417,-4.89563826355635,0.80152545465339,-5.63789469106407,-5367.25363878792,-647.901902921834,4556.11059685333,4.5861190972858,2.11745460343433,5.5958395426829
438.079909403369,-1068.71551149065,7065.12276414473,-7.44604908419249,-0.068136064798955,0.450435863106623,438.10435404205,-1068.55137631783,7065.27340055543,7.35208493447297,-1.2626834712445,-0.649349995265915
-20.344156771221,-1103.69521134857,7105.84457815304,-7.44285478278491,0.0029818440021868,-0.0191977056798017,-20.321536482681,-1103.40470751773,7105.84977932736,7.35385220420448,-1.14637963063124,-0.175291316723548
1114.80668453204,-981.86615638918,6907.55889209822,-7.41562712718425,-0.166384011341706,1.1705289199924,1115.00697897801,-980.961733829917,6907.65462853496,6.71119512495667,-3.01092864746166,-1.51239625759207
257.964749451837,1106.05325840917,-7117.88679829441,7.42065698309119,-0.0410055757576116,0.263885994659508,257.316024651907,1106.20583079808,-7117.97938526885,6.75777406851384,-3.14240906990393,-0.202269792617561
-5367.3307124792,-647.736631170624,4556.15903981023,-4.89564009765141,0.801525443350234,-5.63789308021708,-5367.25117680003,-647.907964360521,4556.11197836726,4.5861172631618,2.11745416796609,5.59584120323962
-3980.89782908793,-877.254673298336,5887.75747535079,-6.20579988534281,0.610240474000117,-4.09566087946245,-3980.7693465543,-876.769941954279,5887.88578002624,5.34315656877463,-4.3228271190347,2.9763596488372
-108.597405464912,-1057.1313155368,7079.50132873753,-7.4591583589196,0.016666648007286,-0.111614417400273,-108.874008987937,-1057.78387342709,7079.41092990115,5.21201131460934,-5.27260655901583,-0.701591119666431
-1012.80644210266,-1056.23883304311,7007.78121647844,-7.38530347712726,0.157028134237632,-1.04182365379577,-1011.73085694598,-1057.18847906109,7007.80646692837,-1.11358066842873,7.31421480113828,0.978807995143651
433.590836691774,-1068.75810446702,7065.39599140487,-7.44633134285737,-0.0674359745114968,0.445807161510084,433.603702463923,-1068.71375248062,7065.52193635108,7.35237079565789,-1.26337400593144,-0.644784455240552
-3980.89915205941,-877.253673903869,5887.75726564758,-6.20580146082044,0.610239381143115,-4.09565806755507,-3980.75791379612,-876.711699154766,5887.90466945968,5.34315499339349,-4.32282707442413,2.97636325435051
-1017.22267770848,-1056.15329749509,7007.17673070914,-7.38462127936723,0.157716787957851,-1.04638709489686,-1015.9068185518,-1057.30949119863,7007.1878356272,-1.11352228761403,7.31427555589349,0.978405488513446
2365.75886855532,248.784649361905,6449.6940518607,-7.15012939085022,0.100805983859149,2.61336493988189,2365.60628244071,247.821330181407,6449.8277238236,6.74133419740215,-2.77383269961129,-2.24591977148451
1092.84024139588,-982.354221398295,6910.99759105511,-7.41930988440543,-0.163100609824097,1.14743068815073,1093.04916137362,-981.412779675783,6911.09951961622,6.71454301909911,-3.01390462480295,-1.49146059595479
1061.67545427315,257.284369719584,6782.79268143376,-7.52405278406455,0.0445377474568596,1.17414420337582,1061.97029492762,258.071804897615,6782.70598559096,5.62604866762161,-5.0852742624745,-0.696878786350979
-2717.82321461245,-873.757098193785,6384.60521979872,-6.95691825779858,0.397017550891374,-2.90102466146331,-2716.05379078217,-873.371069222166,6385.39479808583,-6.10268859101606,-3.25656581919965,-3.02907440587232
4471.55238463212,832.318724459823,-5549.01266457204,5.82277791938689,-0.6886380557019,4.59109155981461,4472.73117603527,832.913008713527,-5547.98216575341,3.52946803502504,5.43413696148142,3.68343908283124
1214.82979207213,960.593549261288,-6835.72930680726,7.41644681814782,-0.18167783953506,1.29284171873579,1216.01469450545,961.628490375912,-6835.35923479287,0.84074164546797,7.38500546379115,1.18609873216226
-1199.00471261274,-252.677640906604,6979.30691275204,-7.39079516178316,0.0460190593360042,-1.2711052978608,-1198.98975067275,-252.563935594235,6979.28080765732,7.28047408106461,-1.31717904536605,1.19997494029387
6839.22373584115,209.121987189415,-1501.40712645743,1.62230831909993,-1.01628714361337,7.29650427260815,6839.2552732034,208.631743984961,-1501.40926217581,-1.55609465196121,-1.15719618288718,-7.29284764493833
-1026.12737965485,-1055.96443155241,7005.91558143387,-7.38327664334793,0.159099742176543,-1.05556121435695,-1024.85461880688,-1057.08116783433,7005.92078122821,-1.11334404341965,7.31449836579107,0.976927246517158
1692.53991073812,-1047.41852314766,6910.77043602891,-7.23419544965407,-0.262135883754723,1.72954199820601,1693.44671982874,-1046.02676467663,6910.78503426097,2.74078201938535,-6.72580876267861,-1.6632499633028
4772.04256035276,-797.41678551332,5281.27492894265,-5.56921266255586,-0.74111347838227,4.90836750424728,4771.99665540847,-797.751501156206,5281.2911993584,5.00346768380806,-2.66418986812991,-4.82374077777323
-2239.69799436589,951.113207368492,-6437.99594841192,7.18721061584133,0.361496625897524,-2.44692657483876,-2240.11573938783,951.612958579091,-6437.76613048101,-1.20921414625805,-7.47079274642244,-0.677563115972726
-4606.83373542767,850.366267313547,-5476.91379225178,5.71138801563292,0.729152317758467,-4.69620529126176,-4605.55036783931,850.168616849534,-5477.97718997881,5.18151806458141,-2.37209436699393,-4.75926267163753
-1573.10469057728,258.045630189899,6684.47244635609,-7.41291995176531,-0.0670634367046684,-1.73721882018891,-1574.36338543878,258.640281704058,6684.15008343603,-4.67081561920751,5.9387598921074,-1.3652799409991
143.745502192098,-947.720456952233,6925.09518979312,-7.55164980307329,-0.0206569711900433,0.150942027004366,143.80074646491,-947.714161586626,6925.10418444369,-7.28310226713079,-1.98541662561233,-0.12331353866179
-1035.02955503279,-1055.77009053375,7004.63359159158,-7.38193020538456,0.160483263305042,-1.064741428661,-1033.677380566,-1056.95729615539,7004.64197471024,-1.11320256723738,7.31469312636121,0.9756348295846
4136.19776450499,-224.277441858084,-5505.3944729405,6.07555501425255,0.185739291005391,4.55937456381278,4136.26615567631,-224.079875496946,-5505.32930655321,-3.61809156287764,6.04396693043182,-3.02780180424105
4768.68371069484,-797.864356749373,5284.23853932013,-5.57232991577429,-0.740591825951993,4.90491200870067,4768.52567834489,-798.814884080786,5284.25469521615,5.00608171183542,-2.66463792193529,-4.82077283098953
7071.09344152469,42.3845959855792,-291.648389766978,0.303844057756714,-1.07864794767852,7.42216954024664,7071.12350271392,43.260580213921,-291.436197489259,-0.287517646483785,2.45831677521331,-7.095551417701
7071.26879391383,41.7455191910252,-287.251047945663,0.299130022292379,-1.07867579651407,7.42236489090198,7071.31750190593,42.2745228803758,-287.124120322918,-0.282884093309567,2.45834090974554,-7.0957211497938
-1573.10360163167,258.04634035777,6684.4716566577,-7.41292082449131,-0.0670636216318049,-1.73721862166099,-1574.34896943053,258.634403895346,6684.15741817457,-4.67081649213709,5.93875974837955,-1.36528040695691
-15.8271236937258,-1103.69672541787,7105.85523387457,-7.44286615917915,0.00226382770887548,-0.0145749748546154,-15.8039608775783,-1103.39903753702,7105.8613295322,7.35385183437101,-1.14567057485886,-0.179856371412173
4768.68303392416,-797.864257592722,5284.24008975237,-5.57233327139971,-0.740590917798079,4.90490803972545,4768.49809410277,-798.969917608425,5284.2576691771,5.00607835637711,-2.66463761323796,-4.82077668147714
4768.68351136914,-797.864301416921,5284.2386361037,-5.57233333349929,-0.740591243452966,4.90490858039805,4768.5155974865,-798.879762757779,5284.25689007667,5.00607829416439,-2.66463746526602,-4.8207762344565
-2156.71948055146,-922.154587299976,6587.64566797338,-7.18206293468825,0.322122192598946,-2.30115271056573,-2157.22578465635,-920.934015553701,6587.61803954217,4.76200684866506,5.38084008932019,2.30267642788587
4768.68442100491,-797.864243104062,5284.23793519015,-5.57233266037176,-0.740591391870761,4.90490927351631,4768.51242000117,-798.90297353623,5284.25634704083,5.00607896727813,-2.66463752834988,-4.8207755582823
-3977.15441616593,-877.62106435523,5890.2277183705,-6.20840728858912,0.60966420550596,-4.09180098404789,-3976.96957070208,-876.880030875674,5890.44274185695,5.34534358248663,-4.32234397915648,2.97312374748939
-3586.40709331464,-817.855568325721,5949.12707786581,-6.48445315748169,0.526236801037619,-3.82786319817001,-3586.46291077781,-817.8679604396,5949.1508102766,-5.6535793391229,-3.21463920236622,-3.82702437402532
4768.6822558252,-797.864696484671,5284.23887924904,-5.57233438599254,-0.740591464348827,4.90490783812449,4768.53641428119,-798.767878357784,5284.25892834628,5.006077241603,-2.66463704114256,-4.82077710417834
1227.84168505129,960.273139147854,-6833.44708634854,7.41396742072599,-0.183628979568551,1.30672586950082,1228.96607502949,961.25525772646,-6833.09515884317,0.84047569537368,7.38479274521788,1.18761222184278
-2223.72161681941,951.912142812092,-6443.35599193666,7.1937382477845,0.358742659470463,-2.428267238465,-2223.72601577862,951.92609604627,-6443.31467571014,-1.20959622451368,-7.47070748793147,-0.678828049950969
4768.68140662168,-797.863904084071,5284.23728784774,-5.57233794954039,-0.74059062478024,4.90490567279696,4768.58304943706,-798.507811720813,5284.25769233644,5.00614025723457,-2.66464833487157,-4.82070529543873
4482.11999465647,831.066835199407,-5540.66444672256,5.81400326899076,-0.690268429928398,4.60195952839041,4483.23370634028,831.62845145513,-5539.68989158388,3.52416417884416,5.43315901029757,3.68995793180854
-5370.22800112294,-647.262662734839,4552.82057845539,-4.89205739914501,0.801958356342486,-5.6409325105989,-5370.16041087,-647.249404771749,4552.76204938686,4.58282567584418,2.11704718265558,5.59869865686131
-6724.29997625841,310.990578347913,-2191.30126318943,2.33974355503346,1.00174283434662,-7.05847189758647,-6724.54468269512,311.515126384818,-2191.11089757679,-1.05863720099263,-5.27571873466367,5.87046239481059
1116.4528391195,-938.940663028112,6838.32865299077,-7.45210662609152,-0.163578312983662,1.19134000707038,1116.05045184031,-939.460091152359,6838.36139024625,1.58121638883742,-7.30596865617562,-1.10158734419119
-1275.07156028378,1080.0951223731,-7009.83351201921,7.3098429911754,0.200518232656333,-1.30136156851962,-1276.00297541785,1078.89542536571,-7009.89805779423,-1.76253998754451,7.09764313339817,1.42065556472336
-2160.89886109575,-921.967289989028,6586.30630453187,-7.18059790222862,0.322747724790141,-2.30562086543042,-2161.2222266223,-921.174701411427,6586.27439684244,4.76098336592185,5.3803987404862,2.30582899205702
-1306.25643262374,1079.2267804633,-7004.21443333258,7.30397367137932,0.2054257078826,-1.33321418473868,-1306.88388509839,1078.4279003781,-7004.28061658953,-1.76103548665934,7.09641688126877,1.42861443579346
4768.68205549323,-797.863611881989,5284.23543860431,-5.57233720701631,-0.740590851239975,4.90490725588598,4768.60920497347,-798.370083803161,5284.25639703889,5.00614099961769,-2.66464858482234,-4.82070370760002
4768.68478868778,-797.862514982669,5284.23917040629,-5.57233147945031,-0.740589724624204,4.90491000094613,4768.48727035978,-799.05034128808,5284.25932374021,5.00601356891611,-2.66462816672829,-4.82084792666368
2465.46868065545,1036.43006906017,-6692.8817465639,6.97938765352902,-0.388619726576347,2.50955378426622,2465.3494211875,1036.64579974819,-6692.80765996904,-4.76154860512508,-5.10477166078888,-2.65736083153737
-999.368122140981,-1056.53330623226,7009.69913290861,-7.387251114707,0.154944812479186,-1.02799632760023,-997.965463522445,-1057.76215139417,7009.6979927579,-1.11382914101716,7.31384392031924,0.981269460975251
1057.29603115445,257.310825325599,6783.50445351267,-7.52476943883998,0.0443557512233971,1.16934871426328,1057.66366725455,258.287663299672,6783.41015119986,5.62667678198203,-5.08503073923917,-0.693098801973452
-2905.63754286023,980.259755627057,-6486.85754146485,6.80639617503084,0.450619419030653,-2.98195890558961,-2905.64628150049,980.259042035998,-6486.88301958128,-4.11173065315443,-6.13480621601196,0.94725162994268
-2235.60724107474,951.310583101835,-6439.3873626942,7.18876818575032,0.360831799413395,-2.44244745171761,-2235.59806741709,951.302352303588,-6439.38023316718,-1.20931169744702,-7.4707533247525,-0.677826511352357
-1244.93573122762,-1041.15935052885,6972.67958527117,-7.34682746188582,0.191227537368059,-1.28065246797023,-1244.04695800645,-1040.40516522316,6972.95914841335,-1.00672114900358,-7.28809682654355,-1.25962029102386
4768.67941566732,-797.864237530642,5284.23613652482,-5.57234001495586,-0.740590998943577,4.90490503078642,4768.64440043691,-798.163115742229,5284.25717924904,5.00620477094817,-2.66465893587773,-4.8206323404279
-2905.63711621204,980.259334473971,-6486.85828211928,6.80639601468898,0.450619062054071,-2.98195816333926,-2905.64829791799,980.263937343551,-6486.88163831685,-4.11173081349909,-6.13480625727951,0.947252901287185
298.737805079052,1105.81186529148,-7116.32446850607,7.41903201147259,-0.0474530726755908,0.305377627827936,297.903962496025,1106.0059480967,-7116.42873861114,6.75607973370596,-3.14824952751591,-0.164684568992635
-2036.27321473241,241.135588695152,-6800.57405924808,7.1690923605888,0.0758799674254799,-2.13998027500201,-2036.89519879082,241.674994048838,-6800.36870510362,1.23593324906,-7.35020202530973,-0.604398895426337
-1977.97284049617,-911.089842132499,6649.02963653031,-7.23632212533561,0.291483917840418,-2.12720812063234,-1978.01431449369,-911.003268871822,6649.03113134602,4.38091748833064,5.78395325163835,2.09564521464106
-2897.38928598108,980.804265556363,-6490.4601562124,6.81019281772982,0.449338162627412,-2.97347991730476,-2897.40060220432,980.805687058013,-6490.48933735666,-4.11404469362305,-6.13403672578163,0.942159274684662
-2897.38728480329,980.804483250619,-6490.46078588237,6.81019389338338,0.449337931761754,-2.97347801298657,-2897.39896081928,980.80645519328,-6490.49004535492,-4.11404361798923,-6.13403702891593,0.942161057473093
4633.94255262771,240.192197886352,4980.95722728484,-5.61376317054119,0.250524548890546,5.19520824795863,4635.19140192471,239.129963610955,4979.87210486568,-2.65434603433377,6.85388749826367,2.13707177502774
-6044.38144891413,-528.608194545192,3632.60033826596,-3.90706428862341,0.923490792453115,-6.34622757480064,-6044.37251203651,-527.113487571901,3632.95729980325,3.85379288039116,-2.09544861229086,6.10069313056158
3574.3586365917,-857.050152756316,6036.20304118192,-6.48205185783702,-0.533043153125538,3.75421018635191,3574.40055570792,-856.577660339374,6036.26861105909,6.41841055331125,-0.619044628560355,-3.87339199545857
-4096.39109319024,197.038889958182,-5806.09050057887,6.10800989919,0.146373290889144,-4.31312898059857,-4096.43259963176,197.055986713441,-5806.03953461888,5.18778027519733,-3.83894864949794,-3.72566596075451
-1017.25818478798,-1056.14514691722,7007.15414933606,-7.38463648680051,0.157719657191507,-1.04641082873078,-1016.15318934554,-1057.11986390234,7007.17691053325,-1.11351437157913,7.31430398006413,0.978216359281526
-2036.27492206254,241.134459644303,-6800.57408899566,7.16909134160846,0.0758796599569386,-2.13998163729713,-2036.92717406771,241.700222260002,-6800.35822008271,1.23590356218954,-7.35019868282084,-0.604494767642123
-2580.24109485039,937.148481171904,-6528.28380073518,6.97750323980921,0.388030682151685,-2.70305651536443,-2580.15161981628,937.159715888809,-6528.0640760999,-6.8350551560971,1.17071824499705,2.8815965607533
424.527526636999,-1068.83158149052,7065.92354656517,-7.44690656061908,-0.0660303609731007,0.43651748284012,424.54692306217,-1068.73494175419,7066.0832590194,7.35292425973113,-1.26477618602334,-0.635517452789379
2394.10659496107,248.379476610862,6439.28892392053,-7.13851375150657,0.102014167116758,2.64472737966964,2394.1186873277,248.397253078096,6439.31261752324,6.7309739686181,-2.77496338456495,-2.27526874171617
-2783.22730538978,859.564999999889,-6362.38473024838,6.91269971087086,0.402471304244103,-2.97902769009715,-2783.18927963726,859.671906056516,-6362.38135070285,-5.29772606030141,4.56123397423602,2.85421554281622
-6940.7755706881,-81.4406180247023,604.96193284836,-0.679371689400086,1.00486246486969,-7.46437504889907,-6940.77792795423,-81.5643456708342,604.962490283983,0.65713876720113,1.04664585090925,7.46160113149459
-2239.69667248448,951.105351250678,-6437.99794405793,7.18721076048743,0.361493342681554,-2.44692531665274,-2239.81694917211,951.250989136993,-6437.92403052034,-1.2091163752275,-7.4708352965777,-0.67727152874582
-149.116371656942,-1057.02331029968,7078.77823273575,-7.45840182339627,0.022902187437267,-0.153373033189143,-149.394919359602,-1057.6806135153,7078.69049735226,5.21144591616353,-5.27696435736758,-0.672407165058707
4765.32092523869,-798.310986454364,5287.19853503215,-5.57545579864875,-0.740068140560912,4.9014454793115,4765.09327398186,-799.683960234662,5287.22256025393,5.00874965310386,-2.66509632514865,-4.81773848125557
2394.13372379146,248.379481918036,6439.25189926455,-7.13853206676724,0.102016320458784,2.64476793986102,2394.05954442577,247.947965263985,6439.29511610092,6.73098610753609,-2.77497030663143,-2.27543447134534
765.414196368188,1053.36320263286,-7056.14696019988,7.40043031383425,-0.117375779490919,0.786260236705165,764.799790190763,1053.75342867435,-7056.18480690142,3.37236007622294,-6.59991047110445,-0.661226920593795
6982.19427424321,-161.7188173882,1134.58082866015,-1.22569500599424,-1.04520277561108,7.33289018256192,6982.14641060176,-160.565775640505,1134.82035690414,1.22085084543911,2.05894143001139,-7.12096798781202
-1973.75756332219,-911.258338874177,6650.26575898801,-7.23766164188414,0.290866360983077,-2.12270333748969,-1973.85500958128,-911.051513234985,6650.26482869214,4.38176434362678,5.78434040295917,2.09282108850371
-2779.19438199247,859.799992281071,-6364.12160453644,6.91458665469552,0.401888049342774,-2.97470935415404,-2779.15593501623,859.906575367376,-6364.11710428636,-5.29911933392381,4.56167782703136,2.85092935363852
17.4095417873104,-1015.72809225608,6992.10043540295,-7.50900099835256,-0.0026924163394143,0.0185340668234289,17.8448834666699,-1015.087531246,6992.20297711813,2.83890354234952,-6.87329133317049,-0.994091462592882
-0.390124796045556,-1015.73107160648,6992.1212436608,-7.5090248226898,2.49444214186338e-05,-0.000171709603132989,0.175452556791779,-1014.89872329124,6992.25368211592,2.83888314286806,-6.87435028126466,-0.986801741338074
-15.8267782934379,-1103.6968193502,7105.85492986931,-7.44286646606813,0.00226379118378719,-0.0145747369352257,-15.8031024366742,-1103.39276315515,7105.86272512036,7.3538515274947,-1.14567060816691,-0.17985615575339
-2036.27201913989,241.135067164401,-6800.57230192753,7.16909433409323,0.0758798330102991,-2.13998055788765,-2036.95438254347,241.726183410414,-6800.35016678317,1.235906554752,-7.35019866120282,-0.604494419971153
-13.7108431012638,-1015.72895169887,6992.10824179094,-7.5090109966342,0.00206119651222646,-0.0141888748127003,-13.2826149985582,-1015.09921483548,6992.21206598083,2.83885659258222,-6.87508964946626,-0.981711974248574
12.4912548836824,-1015.72560762889,6992.08439408541,-7.50904000415788,-0.00198311370241251,0.0136513777500941,12.8676296565738,-1015.17221329978,6992.17589825381,2.83897205391532,-6.87361786681554,-0.991843626227593
-1165.34503589718,-252.886308060889,6984.99857405052,-7.39783510047374,0.0445139182518483,-1.22951861324817,-1165.35658093327,-253.096826446288,6984.94986525085,7.28539831935766,-1.3161267997755,1.1708983145321
-4092.74000831331,197.126575794213,-5808.66532242064,6.11072606084889,0.146242853861926,-4.30927875600856,-4092.99220114471,197.214171241019,-5808.46611950617,5.18987001486782,-3.83905118273261,-3.72263915513296
-742.370255379232,-1066.46390725343,7053.46683853705,-7.41358256267824,0.115017534158474,-0.760709521212438,-742.588291623282,-1066.32438668748,7053.45900453436,-3.24763728390846,6.70608060322956,0.676842717386625
-0.831453993076767,-1015.72761021445,6992.09498989094,-7.50905329449831,5.34839998755523e-05,-0.00036817039854593,-0.637918746737799,-1015.44392139221,6992.14822527187,2.83895395929913,-6.87435682708639,-0.986756683600822
-9.22798428521813,-1015.73066123591,6992.11490523289,-7.50901943314623,0.00137950905135559,-0.00949625640847094,-9.08122145563281,-1015.51594673191,6992.15829244588,2.8388662361911,-6.87478490718504,-0.983809794122879
-5962.5795784152,-131.133726209642,3834.46357217589,-4.06521361929526,0.215483123980022,-6.30090298403009,-5962.60411521644,-131.592147677936,3834.38323279165,3.90687600916248,-2.35762670910942,5.94662938526782
298.735526242724,1105.8117373612,-7116.3207960755,7.41903598659305,-0.0474527453939773,0.305375393871855,297.932400730539,1105.99976973288,-7116.42847586412,6.75608370852317,-3.14824917169,-0.164686991202006
894.161936746167,-256.982909794067,-6826.57527667686,7.52950166480437,0.0371177814412303,0.986004090840618,894.629045100698,-257.832054447846,-6826.4894354187,-4.01065038450909,-6.43898299539255,-0.279645079627519
-6773.15829050467,-73.2335350976199,2118.98749199519,-2.2449718996393,0.247037424856941,-7.14793792925321,-6773.05856364095,-73.1306872710651,2118.97337634173,2.18187139201573,-2.12514862261375,6.84369334547979
-1275.07057476843,1080.0942747347,-7009.83375534197,7.30984327689061,0.200517919635531,-1.30136060094315,-1276.0229439961,1078.86752077756,-7009.89958253588,-1.76253970171232,7.09764315623218,1.42065568153256
-1003.8612035671,-1056.43330351905,7009.05350902096,-7.38661081603938,0.155640709531819,-1.0326159581919,-1002.80085938863,-1057.36574098702,7009.06508617934,-1.11371724079473,7.31400678787044,0.980188523005545
-6773.15698104397,-73.2333920837526,2118.99085766197,-2.24497606375369,0.2470365168808,-7.14793696642723,-6773.05653421913,-73.1140177019162,2118.97931616925,2.1818672277966,-2.12514782020831,6.84369459831677
-5.27134714396652,-1015.72718656367,6992.09094854219,-7.50905384571463,0.000732233137502485,-0.00504054364910913,-5.01001932420416,-1015.3439427807,6992.16165228264,2.83894375228736,-6.87461284638722,-0.984994267135697
885.535870483045,-257.02565978426,-6827.69498706828,7.53072920174851,0.0367648866960199,0.976627446936382,885.486205541017,-256.932380941944,-6827.71959739147,-4.01125360158258,-6.43880658167456,-0.274957217054644
907.000153701276,-256.920123667942,-6824.88106820662,7.52761085724102,0.0376578016772277,1.00034544142167,906.794941226265,-256.543135301607,-6824.93864045466,-4.00959368440732,-6.43928506489941,-0.287667688639601
2771.19594324973,292.439758312977,6219.54387122824,-6.98861069111889,0.145741168125101,3.09957820143326,2771.34926895851,293.795132822272,6219.48760035858,6.83616861332931,-1.67036644064947,-2.97482362781759
-6774.49226918321,-73.0863019368304,2114.73430635588,-2.24047889596682,0.247085150657011,-7.14934238338985,-6774.39099476255,-72.9932215660278,2114.7181128843,2.17752519714015,-2.12519529035588,6.84506646409682
6982.19513805347,-161.71901663968,1134.5813924328,-1.22569486235383,-1.04520344444734,7.33288948368833,6982.14103407801,-160.589390192818,1134.81483579749,1.2208509890691,2.05894224556909,-7.12096836789599
-1977.97284608046,-911.088735801017,6649.03022560378,-7.23632217483075,0.291483407648554,-2.12720716850952,-1977.99655824218,-911.040557304118,6649.03279517312,4.38091743888585,5.78395348149987,2.09564520433767
-113.337058646239,-1057.11948313044,7079.41755775476,-7.45909584422508,0.0173756595043323,-0.116362497681185,-113.702945440239,-1057.97671504038,7079.24391965658,5.21204170969125,-5.27312243542417,-0.69813637424146
138.922574523316,-947.757784644225,6925.3836855081,-7.55155014306737,-0.019906479414745,0.145458454364468,139.247805994214,-947.713642281866,6925.38591793674,-7.28299303689256,-1.98473203550506,-0.128315578877544
725.012387395473,1053.98490050901,-7060.31850353787,7.40481223218653,-0.111189900378086,0.744823877390924,724.372636816653,1054.39020060396,-7060.3536630262,3.37412041821669,-6.59709282560891,-0.680101592731507
95.3226380591185,1011.70902199474,-6810.84739901905,7.59520766188316,-0.015425743219806,0.10384597127391,95.125515589337,1011.76855538418,-6810.85687902794,6.40653442494005,-4.05068989391072,-0.520493943207123
5447.37674206776,167.819421582595,4194.15058605089,-4.65643396814231,0.240891673032888,6.02036297682402,5447.28867526918,166.710043576996,4194.22652038616,4.59936615821722,-1.31158231486941,-5.92616698038092
-15.8276315528304,-1103.69921180847,7105.85545048063,-7.44286554537242,0.00226387859296067,-0.0145752713896988,-15.8037617058288,-1103.39260977987,7105.86293100963,7.35385244817834,-1.14567046829686,-0.179857054855662
7075.2032790762,189.567853592386,-1239.69328295067,1.29250315288398,-1.10882130792847,7.25121549679301,7075.1406441189,189.549529911636,-1239.68464120321,-1.30635848015586,0.915195222294746,-7.29354588989878
3126.62597260926,999.216003237168,-6422.82428027304,6.69071837218979,-0.495042977473987,3.18205872950073,3126.09080022595,998.86360780648,-6423.1374145755,2.54841245966863,6.59426593035739,2.28342726039814
-3977.15534313957,-877.622248430787,5890.22721429568,-6.20840734442439,0.609665007847772,-4.0918005003312,-3976.92960569818,-876.712466914986,5890.49316721269,5.34534352691999,-4.32234465463688,2.97312319996291
-1301.79914450599,1079.35130312895,-7005.02142793133,7.30482617230153,0.204724419103032,-1.32866258658467,-1302.51252581288,1078.4420866468,-7005.09449049061,-1.76125508411701,7.09659802141886,1.42743882875586
1711.71897332646,1050.56823937894,-6888.27462500984,7.22864859090737,-0.267737603113697,1.75547223980004,1710.69866660936,1048.93922781066,-6888.8020805427,-3.14964103014383,6.72024456492163,0.249250143729843
-5370.21021988591,-647.195304561787,4552.76251352309,-4.89204886733684,0.801898854277007,-5.64102907846509,-5370.14656323622,-647.299392424618,4552.72103199214,4.58283730274945,2.11711246224948,5.59871365928163
-3862.04781386739,-839.424278868656,5859.59899339981,-6.29359596738786,0.580930052524473,-4.05516834972847,-3861.25490823816,-839.240616287943,5860.16728438505,-5.40883278537257,-3.28919748354452,-4.03886701176807
-1021.71183711071,-1056.05201719484,7006.52494648785,-7.38396506640668,0.158411435334918,-1.05099882103739,-1020.80831412942,-1056.84885951208,7006.54300492181,-1.11338915848629,7.31445222817399,0.977232916852622
-5960.16049611745,-131.261065770811,3838.2035522286,-4.06917850514968,0.215395099304282,-6.29835606919824,-5960.20062681319,-131.761006225457,3838.12464048972,3.91065644376215,-2.35754164304529,5.94416766654547
-3977.15608050939,-877.622136333673,5890.22672023803,-6.20840381220049,0.609665793755237,-4.09180595643855,-3976.92831979972,-876.707383980132,5890.49283449189,5.34534705911131,-4.3223438237061,2.97311777533073
6675.94368609697,-298.543988379179,2128.12479388813,-2.3168419369495,-0.996227467930286,7.10144740744617,6675.87578166573,-298.127248904976,2128.87846535889,1.12303388013204,8.90349066426259,1.93736641290213
250.783677515473,1099.79142723158,-7116.66079188377,7.42361454034406,-0.0387456425603436,0.250718889382516,251.553597341927,1099.72553879639,-7116.6240005101,7.32343730584861,-1.31604505021772,0.0596191954876336
2745.45101763596,923.881269079291,-6462.54287338865,6.90678843324437,-0.411158521578554,2.87604074659799,2745.21464997658,922.707108082005,-6462.73802302292,-6.38854939068514,3.13270066712738,-2.3428947690944
2942.53312228123,-919.78898258006,6358.86710374902,-6.83002372844113,-0.446817279300964,3.08901479670564,2942.62167297942,-919.07841821475,6359.00183992079,6.71098579743829,-0.935872189589683,-3.23119487332122
1124.98333042725,-938.761436650987,6837.0257979461,-7.4505280793658,-0.164840177662888,1.20053060049218,1124.45242157175,-939.445371518221,6837.06434244782,1.58116755258353,-7.3056017731498,-1.10352415734973
95.3200576844729,1011.70953601371,-6810.86023393783,7.59519708881484,-0.015425248110197,0.103842772714576,95.1765489278586,1011.75337923849,-6810.87038135525,6.40652246756806,-4.05070421535204,-0.520397429376304
-2036.27190226093,241.133930372671,-6800.57567245822,7.16909179987585,0.0758793467621709,-2.13997799098206,-2037.04373074,241.803287362588,-6800.32083869653,1.23587535265698,-7.35019546920666,-0.60458622543427
7075.20170225957,189.567891986362,-1239.69417230122,1.29249353236631,-1.10882122733644,7.2512187019982,7075.13827821782,189.549874543679,-1239.68534694326,-1.30636810064821,0.915194184109675,-7.29354284037694
1716.0963720258,1050.40540755648,-6887.20732858379,7.22753102346064,-0.268424289462705,1.75997471843992,1715.12177574534,1048.84864454261,-6887.71443369339,-3.14918273903226,6.72052640539692,0.247402084669292
797.022712328228,-993.035961692057,6949.66145394343,-7.46161989044036,-0.119546451732183,0.836630316026266,797.933589373187,-992.299883780758,6949.61793939698,-1.78399696066099,-7.24376150665513,-0.826283502639467
268.883778481392,1099.69345867873,-7116.02685398505,7.4229395457461,-0.0416027164359622,0.269206713591562,269.814338008344,1099.61395875855,-7115.98343041456,7.32274326070225,-1.31887892633362,0.0779569146940189
1816.62175064311,1030.29410956682,-6864.66234549679,7.20085472682099,-0.279769191695481,1.86404448141483,1816.22143877419,1029.26343370456,-6864.88620683702,-5.34709691588267,5.15210437704029,-0.706327877086854
273.409870551262,1099.66786972534,-7115.86127262318,7.42276340225154,-0.0423171510895904,0.273829748474333,274.388734097655,1099.58427413396,-7115.81583010023,7.32255952898414,-1.3195990061831,0.0826164812260611
3803.48585255883,-795.708326046642,5815.72017508213,-6.33937694068051,-0.555550228604154,4.06042550007505,3803.3626452653,-796.296204816607,5815.74527083217,5.43678699183312,-3.36851551421847,-4.01955957565254
237.166711724984,1099.86499111193,-7117.13680958325,7.42405717672127,-0.0366146006845706,0.236929140544225,238.175668907704,1099.77968688351,-7117.0954128427,7.323885300149,-1.3139734644997,0.0462141757495763
743.035205974771,1053.71317300117,-7058.49568543555,7.40289826688566,-0.113919421257389,0.76310774118637,741.550130530442,1054.64397630192,-7058.53158420789,3.37346327762366,-6.59817300752503,-0.672865707236419
273.409371498009,1099.66787484241,-7115.86129771421,7.42276341725127,-0.0423170726133802,0.273829239050165,274.451699989339,1099.57907107566,-7115.81432352643,7.32255954400789,-1.31959892782086,0.0826159716891743
3803.48673011308,-795.708222943278,5815.72111892836,-6.33937726061655,-0.555549813965977,4.06042365522023,3803.30744381162,-796.533813437633,5815.7472391466,5.43673229350069,-3.36850403998767,-4.01964445816387
-2710.35161636385,-874.048823383212,6386.73376603753,-6.96121009771882,0.395979720758498,-2.89343976702706,-2711.67856299937,-874.337293945198,6386.11427424853,-6.105271006251,-3.25711960235109,-3.02576417286328
-117.023754997048,-1075.1505508699,7076.61299656812,-7.45906944713715,0.0183205111435056,-0.120584658077344,-115.967955275127,-1073.71048692154,7076.85694003684,2.35926144984196,-7.01776618747371,-1.07890602568041
-5929.64161907486,-612.602000311408,3997.76240313297,-4.20822258093388,0.931899157745229,-6.08144522404188,-5929.29935384854,-612.518323510715,3998.26759204106,-3.62468281646617,-2.83986503288721,-5.85205817884867
7075.20281696617,189.567800524952,-1239.69248694968,1.29249815638455,-1.10882192429352,7.25121690157372,7075.13870444851,189.549815077389,-1239.68353412449,-1.30636347667091,0.915195393067863,-7.29354437557584
1083.7887332652,-933.531389721475,6850.34863814528,-7.45082001380242,-0.159888292687509,1.17327196347843,1083.56114347361,-933.779209922313,6850.29416590878,0.980504271640082,-7.38206144284439,-1.19642945937855
-2040.55107584928,241.089694943554,-6799.2988472855,7.16773665193472,0.0760397086525107,-2.14449135313928,-2041.3051603067,241.744245774736,-6799.04705576952,1.23565093463667,-7.35016743100844,-0.605375093423841
2767.28232525567,292.522603743909,6221.28116449385,-6.99056275973026,0.145535350668182,3.09518867162548,2767.43365583363,293.861267075696,6221.22545549183,6.83808024832327,-1.67016530821821,-2.97053396534707
-1973.76046148189,-911.260450740353,6650.26613624658,-7.2376595304126,0.290867619480537,-2.12270773004361,-1973.82709726445,-911.113101397706,6650.25778871818,4.38173824493858,5.78432735515864,2.09291341656459
-5960.1571240702,-131.261261340036,3838.20446693784,-4.06918338719316,0.215395347552558,-6.29835544120356,-5960.20460853631,-131.829071372119,3838.11608472005,3.9106515616715,-2.35754191842232,5.94416818448306
-1222.31953081688,268.000534672507,6755.3374012953,-7.49492550033294,-0.0535834420263276,-1.35064138164648,-1222.53534358635,268.743513796933,6755.25363209625,6.26988394442715,4.20607632730132,0.967831762153573
1048.76720919834,257.361239146617,6784.82883670739,-7.52623203933602,0.0439971391030955,1.1598938459697,1049.11711341895,258.292129601911,6784.73583916933,5.62778713078109,-5.08476284379536,-0.686035557435086
3147.03461985175,997.701663301111,-6413.08886442719,6.68054061438396,-0.498279392195762,3.20286120024261,3146.57589642761,997.399704918897,-6413.35652378491,2.54442536459296,6.59301484359537,2.2914684984417
-5238.78165955151,735.094954617997,-4846.32253945029,5.08703076830052,0.816001118693929,-5.37970817742775,-5238.49991345283,736.719901907182,-4846.3822760298,-4.44438496696521,2.86035363475992,5.27583798968988
-117.023721497908,-1075.14951703249,7076.60813825595,-7.45907403285046,0.018320521677752,-0.120584760701147,-115.926413853888,-1073.65320265522,7076.86434862663,2.35925686409836,-7.01776621615146,-1.0789058408278
3807.17611246759,-795.385450266839,5813.3597275753,-6.33679793427368,-0.556088861180676,4.06436186410983,3806.86526095216,-796.747004140148,5813.38068496989,5.4344639722699,-3.36802837923543,-4.02311959936745
-4089.02753946515,197.213905485419,-5811.21855215664,6.11343862039743,0.14611579002537,-4.30551972938849,-4089.39001940535,197.336838750296,-5810.95242418128,5.19206779262192,-3.83915573536758,-3.71954601775643
-5967.39633535578,-130.877637744938,3826.97538083435,-4.05730332333586,0.215657145724409,-6.3059916359233,-5967.41209743702,-131.269978397481,3826.90324093523,3.89928622360211,-2.3577947766663,5.95154415815271
355.019184105337,-1083.79392263485,7095.16548404628,-7.43885947367767,-0.0552682126369579,0.361817491089517,356.446455497387,-1083.72506216205,7095.27686494077,-7.42877519837316,-0.267278723445896,0.363668314451073
788.237282532358,-993.176285522544,6950.63453453037,-7.46268356741592,-0.118221771855832,0.827358645522222,788.986578381823,-992.576226705652,6950.62196763429,-1.78438800370503,-7.24341486604977,-0.828709819869115
494.033980668154,1008.81032951234,-6992.54706483769,7.47312704649472,-0.0746166912359553,0.517201893320336,494.453453797842,1009.9933831782,-6992.37173950297,-5.84293386896468,4.68625555579734,0.251195743678197
355.01814851013,-1083.79515559153,7095.16615271778,-7.43885851103445,-0.0552686439030973,0.36181993411376,356.440500484702,-1083.72649625862,7095.28129901393,-7.42877423593304,-0.267279155009931,0.363670724507939
-4110.96822394505,196.690139964229,-5795.76179741573,6.09713513440995,0.1468966450157,-4.32851153355675,-4111.34108244964,196.81758645776,-5795.48119413524,5.17849259143092,-3.83849277075679,-3.73906645907773
1088.19730895446,-982.110756316225,6911.88227061287,-7.4199396115468,-0.162360619884938,1.14265419628549,1087.85505574749,-983.607264234215,6911.68734714314,6.69918945899726,-3.04856276612823,-1.48962420505793
765.49691157668,1053.36325781941,-7056.15250359444,7.40043451608794,-0.117349838615935,0.786087041865203,764.013210244797,1054.29360993034,-7056.19020442614,3.37247633645639,-6.59973114777604,-0.662427923898563
3807.17796370867,-795.385198725756,5813.35917083895,-6.33679601229713,-0.556089085111272,4.06436440145536,3806.82863381155,-796.912860123115,5813.38187727319,5.43441146294855,-3.36801747128207,-4.0232000926972
341.483292103864,-1083.89284032903,7095.81095687506,-7.43954030652063,-0.0531499341026181,0.347949905986787,342.436010234253,-1083.84689875993,7095.96557393908,-7.42954360981096,-0.265087891599411,0.349325744555898
3807.17561008946,-795.385608412457,5813.35888830135,-6.33679512716288,-0.556089827697098,4.06436753342703,3806.88377907881,-796.686167230767,5813.38632242786,5.43446677927066,-3.36802897297008,-4.02311405955923
1692.54216905143,-1047.41834606843,6910.77168045985,-7.23419344742972,-0.262135857816806,1.72954243576939,1693.46462667252,-1046.00159171532,6910.78466594649,2.74078402184613,-6.72580891179369,-1.66324919136266
-4111.02997680673,196.689096416444,-5795.78242686143,6.09713352552681,0.146892187068416,-4.32841854052038,-4111.40317213564,196.818318643165,-5795.49034290264,5.17849508274223,-3.83849722812666,-3.73896707084711
-6736.72343440144,305.637178924831,-2153.57933366698,2.29935047498441,1.00358767991991,-7.07146842965846,-6737.09057758568,306.524429055516,-2153.24314840818,-1.02148631572228,-5.27653364190028,5.8762018082882
-4337.47532242425,252.486733345624,5240.95609832986,-5.90424798524297,-0.234234971836418,-4.86208278203642,-4336.97635928255,253.280381507209,5241.36114602709,0.870210794530042,-7.52658105513912,1.08129584491394
-5960.15686589708,-131.26130916547,3838.20508606785,-4.06918310644998,0.215395378945734,-6.2983550793269,-5960.20592192026,-131.888671406677,3838.10521247855,3.91065184238174,-2.35754197201981,5.94416852848587
-4081.72358052096,197.387550682958,-5816.3589380135,6.11885096322756,0.145853641061774,-4.29781258299539,-4082.10729638188,197.517758974672,-5816.07676562831,5.19651756141442,-3.83937573804082,-3.71307799210446
-4307.70240645303,253.664706436566,5265.40461784166,-5.93171166764537,-0.23262242591304,-4.82860775500317,-4307.20881939918,254.441523721585,5265.79529097287,0.874258987804368,-7.52681814002185,1.07637552220277
-1407.02800802175,999.124700318164,-6868.62717673409,7.34249164470336,0.214257422889317,-1.4729378424892,-1406.47688518292,999.74779860282,-6868.49675185169,-1.2859188988992,7.26185923483664,1.31767623875739
-4092.74141570673,197.125817118678,-5808.6647706908,6.11072419350392,0.146242346084789,-4.30927997257782,-4093.12920627374,197.258707216256,-5808.37070712447,5.18975299586987,-3.83904606950959,-3.72280329458287
-1973.7615264457,-911.259429234355,6650.26652292043,-7.2376595469151,0.290867119496155,-2.12270658678261,-1973.80975391983,-911.152201967181,6650.25972094612,4.38173822848464,5.78432752378545,2.09291368867698
4136.19803410548,-224.276609504337,-5505.39383842521,6.07555443848033,0.18573864550364,4.55937511566614,4136.35141124111,-223.867230143793,-5505.27370730183,-3.61815217292122,6.04397064943828,-3.02772048750973
-4107.32533069872,196.777648775268,-5798.34671704723,6.09985879592512,0.146766060125848,-4.32466839196561,-4107.71491361798,196.910644828529,-5798.05467422462,5.18070352984568,-3.83860098401744,-3.73588180811422
-4089.15427099246,197.214836179679,-5811.25445006089,6.1134338341168,0.146109466193804,-4.30533967049305,-4089.53067284836,197.345557632552,-5810.95724042551,5.19201364218828,-3.83915960978322,-3.7194370863848
-5367.33225243334,-647.73852482347,4556.15630646201,-4.89563928618551,0.801528385315074,-5.63789391437879,-5367.25400678891,-647.864310671375,4556.10499835282,4.58611807466373,2.11745159433228,5.59584101512811
-3858.33957576573,-839.750050314941,5861.87261199288,-6.29620795889592,0.58038859617906,-4.05138842354518,-3857.96002450233,-839.66202995132,5862.1716563077,-5.41082338403472,-3.28960209976989,-4.03604235592349
881.362706853302,-257.046881715505,-6828.25505079277,7.53136348063049,0.0365736841519027,0.971547790509071,881.667760358352,-257.606275795623,-6828.17385268961,-4.01156915908427,-6.43872114938764,-0.272687390811992
-117.026433370304,-1075.15026621988,7076.6099194274,-7.45907271243866,0.018320944641426,-0.12058749808427,-115.889636593617,-1073.60033302367,7076.87703499803,2.35925818401369,-7.01776573046797,-1.07890904329828
2404.7264032406,-996.598274979803,6669.67313201251,-7.02855912504689,-0.369590353356117,2.47345217771195,2404.84353412836,-996.25196981614,6669.60966793484,4.69177608248306,-5.30086491866432,-2.80374698614394
1066.25713884751,-982.587845555188,6915.23473938163,-7.42353061787991,-0.159077943928429,1.1195506838284,1065.90555716744,-984.124150286801,6915.03277369067,6.70244119162666,-3.05152192213644,-1.46879751155584
-2718.47480291439,-873.580029361913,6383.31675933029,-6.95754923552856,0.397170271029511,-2.9021430334239,-2718.26787976291,-873.534384462525,6383.39477187343,-6.10277037507441,-3.25630041611871,-3.03175339204826
-2702.22328680553,-874.51543564873,6390.1509860322,-6.96486070366395,0.394784807815321,-2.88471193044227,-2701.01001329488,-874.250092911304,6390.67339699859,-6.10962176978736,-3.25854315430693,-3.01536520144153
-2506.0304122369,1008.17406151549,-6674.60554742676,6.96784387098056,0.385974626168617,-2.55533214527142,-2506.08748183543,1008.02078897031,-6674.60129516644,-4.89958996010028,4.95128285167885,2.72814658306593
-2044.82727256216,241.0439925878,-6798.02270714313,7.16637723468816,0.0761994184045969,-2.14899956789645,-2045.49536697007,241.625538331429,-6797.79175751919,1.23545337830906,-7.35014307699158,-0.606062192028336
-6941.16853130783,-80.8592520755518,600.643305652474,-0.674648158706441,1.00491765054051,-7.4647838719848,-6941.16199569399,-80.9789473792301,600.643058693286,0.652570180997944,1.04658908295591,7.4620217425805
6984.49257662275,71.2513469004802,-516.416918169667,0.557527865343424,-1.02901886514098,7.45813793048289,6984.4788741749,71.0607431750264,-516.652279353382,-0.0403294702667225,7.53320454290565,0.55895623386562
-6424.94545999688,-497.762472098491,3208.20009419568,-3.36533013616524,1.01773818528857,-6.55956213795629,-6424.59404836684,-497.054801691034,3208.76670186182,1.15286304953121,-7.57015883222252,1.36418336995129
4136.19797299152,-224.27728121878,-5505.39537612893,6.07555449251089,0.185739096173691,4.55937379400727,4136.31642064817,-223.951689141394,-5505.29531217128,-3.61809208449597,6.04396700696272,-3.02780236417802
-5232.61768419561,736.094632015088,-4852.82459700078,5.09387446405392,0.815055080788437,-5.37337304339407,-5232.3313761332,737.744009659798,-4852.88493572675,-4.45038850292074,2.861176400472,5.27032742727737
3888.16857900887,-840.440760774529,5842.22524497462,-6.27535810737451,-0.587289761487193,4.08246342419295,3888.37670582208,-842.08243264672,5841.91823254541,6.08187138947041,2.42868005774094,-3.66758770698893
-2722.03693550743,-873.482190397783,6382.59974754859,-6.95523190235139,0.397645223577946,-2.9056125912096,-2721.13683617978,-873.285150249431,6382.98217269032,-6.10085937807601,-3.25598969690929,-3.0340229977174
712.665829207431,-1024.94306388211,6984.70288754459,-7.45051907862795,-0.1092470921737,0.744485688757986,712.679022804173,-1024.91588692091,6984.73798798951,6.10888772883024,-4.15640859338227,-1.21867445239558
3972.28464810264,889.058074536485,-5925.33646277189,6.1989741973219,-0.610147470911096,4.06645973409469,3972.21677437748,889.435134734695,-5925.36974078616,-5.4054480528131,-3.40555036649159,-3.93881970716265
-5238.77828954117,735.107051152218,-4846.31977630343,5.0870337422193,0.816014727798539,-5.37970630178832,-5238.55806738072,736.402748200605,-4846.37137366952,-4.44445501343121,2.86035059069928,5.27577747578493
2958.70402094224,-918.720224853129,6351.50041826068,-6.82216612631649,-0.449274104977304,3.10601055840845,2958.65107852569,-918.598203092741,6351.37842853641,6.70323317292579,-0.933684458780123,-3.24842570675627
827.972990571428,-992.530202055383,6946.1039386048,-7.45783418460923,-0.124195815753483,0.869166036772669,828.78514911105,-991.878983197655,6946.08711148046,-1.78319304491559,-7.2448569371766,-0.818617348281064
-7162.03717139426,51.0739532555081,-340.006296991529,0.3492054852991,1.10658466347953,-7.3666796638291,-7162.14579644209,50.5204272444279,-340.05262573457,-0.288058072177887,-0.00847245725996858,7.4499516434937
5259.8687021967,-605.771777753293,4458.05321256311,-4.92184794835796,-0.781221598799185,5.74922748461259,5259.74559246027,-605.41084529551,4458.18560194149,3.69008507528714,5.58084090812767,-3.58733763576322
3917.81373339661,-837.650487140429,5822.84326426575,-6.25454348007349,-0.591761298184934,4.11355684097138,3917.8606361777,-837.749212750236,5822.87898601847,6.06166958265265,2.43304052695252,-3.69790870157603
2386.00269744733,248.494599943696,6442.28843456813,-7.14184114935528,0.101667854248897,2.63575527057746,2385.96145041104,248.182331561921,6442.35489761688,6.73391895493177,-2.77464087310118,-2.26691316609418
4136.19993930746,-224.277046270458,-5505.3932306856,6.07555256010864,0.185739079406405,4.55937638897733,4136.40324400088,-223.74229651018,-5505.24008730533,-3.61821408569543,6.0439737033151,-3.02763979649634
-5223.33422833785,737.577042711925,-4862.60480247143,5.1040955832525,0.813612020766545,-5.36386732856579,-5223.1320971625,738.67126110447,-4862.6338613247,-4.45954049908882,2.86245507217485,5.26190463535344
-1381.04871781958,1053.5963683693,-6961.84124707351,7.30390990462268,0.214483713890311,-1.41723724114995,-1381.26428012589,1052.53720803554,-6961.99107418348,-6.75182959412822,2.63989358805511,1.65957370085511
-117.023691209441,-1075.14725789315,7076.61348659262,-7.45906915919662,0.018320444910108,-0.120584599639058,-115.860188102484,-1073.56017287013,7076.8814463944,2.35926010306129,-7.01778171813888,-1.0788038423174
-2040.55046063951,241.089880071415,-6799.30236269922,7.16773403875524,0.0760396106341129,-2.14448804661322,-2041.25586254381,241.702969227817,-6799.06299029108,1.23567704964603,-7.35017093720864,-0.605276128479075
-2706.27576276701,-874.285763888901,6388.47033436364,-6.9630262306141,0.395378318392538,-2.88904764783301,-2705.13574829782,-874.036326496135,6388.95780633242,-6.10797869186847,-3.25800999425215,-3.01926007975146
2390.05242089408,248.43699336379,6440.78863113572,-7.14018035390259,0.101841103544514,2.64024419009022,2390.04555469896,248.332327518005,6440.83054082907,6.73242888400911,-2.77480384738935,-2.27113593314047
2381.94925944817,248.552803938598,6443.78214127218,-7.14350115631372,0.10149514032964,2.63127140280315,2381.88418763068,248.093083303716,6443.86776090026,6.73540433521801,-2.77447791929668,-2.26268299932252
2938.4960721228,-920.053825712662,6360.69211855906,-6.83198718373249,-0.446203134971831,3.08476610198636,2938.58690957486,-919.31268796364,6360.82948444647,6.71290627276526,-0.936475494225503,-3.22702115155011
-1152.01098668911,276.618540422348,6768.65438830339,-7.50725764478925,-0.0520471914030349,-1.27355120576931,-1152.26414017318,277.201115120105,6768.61064293136,5.13560488770692,5.58592980251772,0.645692832720451
1197.31676921424,961.017256390897,-6838.74452947243,7.41966616612375,-0.17912682039039,1.27468836877302,1198.33087993295,961.902938578486,-6838.43120028339,0.841176275453559,7.38526028563598,1.18428565572563
3979.81239009961,888.315866721123,-5920.39521513122,6.1937903534815,-0.611304845912489,4.07417702248316,3979.71720851399,888.806532011774,-5920.42849784814,-5.40119464984944,-3.40454567155126,-3.94551873718483
-3977.15495242886,-877.622297835519,5890.22786710867,-6.20840230215518,0.609666097212349,-4.09180803337196,-3976.89834449467,-876.58660195402,5890.53123625512,5.34529303193131,-4.32235576424109,2.97319795837454
1680.7254160569,1051.70410845608,-6895.68899838726,7.23629675035352,-0.263026127915383,1.72457225236056,1679.70851938436,1050.07830682222,-6896.22619136826,-3.15328680941387,6.71800321496539,0.263950113934796
3979.81136281986,888.316126396159,-5920.39526875493,6.19379149640559,-0.611304941977384,4.07417650668028,3979.69746521499,888.891258290853,-5920.43091108858,-5.40119350704672,-3.40454543419598,-3.94551936919842
11.2878701498837,-1103.70166453327,7105.87094899985,-7.44286098823711,-0.00204694882573117,0.013178674853011,11.3100641048977,-1103.41145918388,7105.86071628615,7.35380034835865,-1.14141882801581,-0.207229937856022
2456.8160021958,-1011.59266117668,6683.83881675993,-6.99635882402914,-0.379753259757946,2.50911353972856,2456.08785331631,-1013.17398501202,6683.7444225478,4.52152983108311,-5.3855078465221,-2.48079702475457
2486.58789395097,-1009.95332029901,6673.02256407884,-6.98515021205075,-0.384364286999347,2.53958544734849,2485.85972708044,-1011.54329395598,6672.93793178166,4.51426606779055,-5.38252046252984,-2.50053903372441
-5232.61537459061,736.091066628736,-4852.82618863297,5.0938766659309,0.815050770379131,-5.37337241123858,-5232.3488765855,737.64470113657,-4852.88588689519,-4.45038630106667,2.86118025121828,5.27032649037423
3968.51824502578,889.429801566111,-5927.8006481445,6.20156407481621,-0.609569831749244,4.06260082853295,3968.44264830847,889.850988711318,-5927.83818596886,-5.40756992651065,-3.40605232702293,-3.93546679128906
2041.26041487616,967.783467355257,-6712.033465828,7.17383362650843,-0.308431753658203,2.13911121454473,2040.23006397024,966.826737390819,-6712.61934254417,0.570029807103493,7.37459385444329,1.2065847052717
2448.40278991362,1037.37808559671,-6699.00275505503,6.98573257563247,-0.385938327113234,2.49223800362039,2448.2210604615,1037.74016396644,-6698.91975842464,-4.76617742883074,-5.10660420751968,-2.64552672829897
-7162.46129196665,49.7369603323788,-331.104048128842,0.339872922500464,1.10665456893365,-7.36710708162391,-7162.56348296597,49.2704533826756,-331.143424866881,-0.278767569542021,-0.00853099757209795,7.45030380986151
3126.63262163756,999.218572594375,-6422.83856309665,6.69070290297926,-0.495042252150445,3.18205296048195,3126.13806814575,998.894397298279,-6423.1163044055,2.54839699031559,6.59426670310919,2.28342186564143
3979.81114764447,888.317581058862,-5920.39145006447,6.19379251782085,-0.611306704120116,4.07417895521277,3979.76409802357,888.618494554201,-5920.42823241544,-5.40119248526701,-3.40454451028548,-3.94551785587801
-2501.78796896348,1008.40927988821,-6676.16027097621,6.96947109072031,0.385319313744307,-2.55099269863713,-2501.84901840943,1008.24588691564,-6676.15620607141,-4.9008147512469,4.95174114005655,2.72511176856613
801.473762115833,-992.962605061155,6949.15221974748,-7.46109278471475,-0.1202127720724,0.841293977053505,802.600020068015,-992.051020251183,6949.09229140727,-1.7838417693445,-7.2439609241373,-0.82488770819231
-1253.79345936278,-1040.92623840849,6971.1296313929,-7.34519139102845,0.192591009280245,-1.28978572153445,-1252.7404872458,-1040.03271147339,6971.46050751374,-1.00653942206628,-7.28793902010196,-1.2606772821732
-117.027522945553,-1075.15111128417,7076.62226334583,-7.45905939250362,0.0183210441621285,-0.120588271049964,-115.901505875644,-1073.6138254274,7076.87179513998,2.35927150379935,-7.01776576750925,-1.0789088149911
3972.28345305768,889.058672769887,-5925.33699350297,6.1989754113074,-0.610147674924084,4.06645871883274,3972.18370811157,889.574300687867,-5925.37245821637,-5.40544683902581,-3.40554988518608,-3.9388209618737
-4301.04009895839,253.691099958629,5270.65186118968,-5.93787808891684,-0.232063143187807,-4.82129728333795,-4300.22662859936,254.925001766793,5271.25091250675,0.828419214098464,-7.53759726699035,1.03818314603487
2448.40180950043,1037.3781401918,-6699.00313136312,6.98573295500941,-0.385938171271419,2.49223700352439,2448.2104152991,1037.76368279156,-6698.91958732114,-4.76617704949676,-5.1066040543965,-2.64552772591872
2966.77387948841,-918.188395515146,6347.82177132963,-6.81820970799273,-0.45049988863366,3.11448398197037,2966.73652943044,-918.14132943605,6347.73896498385,6.69931351617038,-0.932595245454823,-3.25665351003388
-6449.89070761265,-462.000227354797,3087.19482731152,-3.25921158738829,0.993246226641142,-6.63709858189407,-6449.84225647453,-461.245680703913,3087.34759763092,3.25997302276613,-2.06307239205224,6.3907792912329
-1977.97326624196,-911.090264819977,6649.02807399522,-7.23632346642167,0.291483812654253,-2.1272058684628,-1978.09318218537,-910.841605905796,6649.0345486814,4.38094441757862,5.78396577129187,2.09555295036989
805.845227378518,-992.895748827528,6948.6658936449,-7.46054915585361,-0.120873687463019,0.845917064271621,806.677844271731,-992.222416017716,6948.62417407267,-1.78374449575634,-7.24406492956754,-0.824160327991707
-2040.54826436257,241.089702098654,-6799.28893882335,7.16774604798615,0.0760400048214648,-2.14449651739409,-2041.83697445911,242.205881699084,-6798.8703622853,1.23548796136222,-7.35014684921844,-0.605954995316505
751.923888761287,1053.57263014234,-7057.55499846017,7.40192158152819,-0.115323219995425,0.772511410897714,751.33511827785,1053.94794130013,-7057.59753937777,3.37296137582747,-6.59898274229219,-0.667441401938834
-4337.47194569705,252.487243627041,5240.95585322677,-5.90425246198472,-0.234235297320592,-4.86207947833847,-4337.29363269042,252.784427563125,5241.11724330967,0.870461174357821,-7.5265956238324,1.08099193219476
-1581.51287396806,257.968644028452,6682.49900563015,-7.41072132824305,-0.0674227873432987,-1.74653292896154,-1580.7544645593,257.60950664389,6682.7064495233,-4.66990672356243,5.93861974896036,-1.36891359775713
-6940.77499188812,-81.4412940400276,604.963631164864,-0.679369337387772,1.00486799090459,-7.46437509193675,-6940.77734489557,-81.6080105468795,604.964308439942,0.65714111922832,1.04664053508934,7.46160111879926
-5887.95103447739,-601.559214129935,4037.30264451579,-4.25867898473296,0.902749865617216,-6.05870282773577,-5888.10905075626,-601.639732802273,4036.98828511228,-3.20186513681612,-4.16015947353656,-5.29313022589448
-2049.09805502019,240.99893354036,-6796.73341229067,7.16502606542707,0.0763596017487272,-2.15351123736041,-2049.73835886179,241.555631826542,-6796.51523941248,1.23523768391976,-7.35011508154176,-0.606850392984755
-1192.36190532746,255.017726937906,-7006.22713604676,7.36625882864276,0.0456824328461943,-1.25505103114406,-1192.97853755204,254.717298461133,-7006.14022526512,4.63483660373565,5.83820145761386,-0.611233274120048
3163.33516917314,996.481492623279,-6405.24252408839,6.67236261511788,-0.500866093941372,3.21948650104677,3162.89070110869,996.187871511568,-6405.50995636483,2.54126397417584,6.59202535923947,2.29782790386773
2486.58910384758,-1009.95342445108,6673.02464659764,-6.98514880373671,-0.384363767791134,2.53958254847841,2485.8467987058,-1011.57321088212,6672.93732136567,4.51426747610688,-5.38252009927288,-2.50054177810723
-491.265976274882,1055.64905008558,-7080.16213772158,7.42542669432033,0.0752677887514956,-0.504813705061509,-491.389767127518,1055.83897963349,-7080.09023012237,-3.14496266887795,-6.71188161803245,-0.775123015144084
732.259518661067,1073.88992518248,-7087.01819676038,7.38967323020326,-0.113370328730977,0.748172199017159,733.888449333174,1072.84610217718,-7086.89386222747,3.34372866556254,-6.59461127374483,-0.656949919493354
-6781.10387170028,-72.3498764743728,2093.40977365478,-2.21794322769981,0.247330108871435,-7.15637470562226,-6781.02612871937,-72.1594449483976,2093.41775691803,2.15566351089103,-2.12543299080713,6.8518909687089
-5947.40546353115,-608.648500454721,3971.96700921479,-4.18111716351763,0.934685531602804,-6.09963592124485,-5947.12712693537,-608.58097914275,3972.36912424094,-3.60101051556697,-2.83745770997522,-5.86777402858502
-478.018659755422,1055.78342534827,-7081.06747379769,7.42639446198108,0.0731198885368204,-0.490408230862192,-478.185494368859,1056.03966373115,-7080.98005899793,-3.14524159765218,-6.71112804331939,-0.78017719825615
-478.01694160784,1055.78511519594,-7081.06831387497,7.42639370166133,0.0731197136867881,-0.490406326699623,-478.155009563948,1055.99684682222,-7080.98836022396,-3.14523569602567,-6.71114286985595,-0.780078073681136
-478.016405106184,1055.78475383178,-7081.06802189396,7.4263940418942,0.0731196171315455,-0.490405825390006,-478.16521209504,1056.01310449846,-7080.98537152835,-3.14523535579735,-6.71114297911548,-0.780077274503546
-994.951821377081,-1056.61750898586,7010.28843085084,-7.38792509829852,0.154256748748413,-1.02343578008838,-993.791941193759,-1057.63890606002,7010.30618090787,-1.11388983469696,7.31378370648434,0.981668497036376
-6782.41997445309,-72.2021809334186,2089.15245841989,-2.21344777994422,0.247376159047777,-7.1577626089136,-6782.28101675197,-72.1323535053492,2089.12099399977,2.15143432920255,-2.12538036382969,6.85331709214824
-1288.439914137,1079.72490446472,-7007.4493951048,7.30733763937192,0.202621390620698,-1.31501453781236,-1289.44633871317,1078.42550880741,-7007.51103786646,-1.76195556987488,7.09715828462889,1.4238029729704
95.322709223587,1011.71144960464,-6810.85748035104,7.59519963589741,-0.0154257246430253,0.103845750531785,95.2546064206396,1011.73378721122,-6810.87219644272,6.4065250145403,-4.05070448372783,-0.520395797771109
-478.01885529226,1055.7850195155,-7081.06903558043,7.42639262761856,0.0731199741598874,-0.490408173003332,-478.115151081268,1055.93211774473,-7080.99981794542,-3.14523677004001,-6.71114261760564,-0.780079729395648
-4334.17430753277,252.617242054974,5243.67419967803,-5.90731440556731,-0.23405591826312,-4.85837452096841,-4333.54626798728,253.614583693551,5244.18207383411,0.870525591684844,-7.52659997859846,1.08090444231033
-6449.89252151252,-462.00042973912,3087.19583673705,-3.25920725009787,0.99324632435083,-6.63709849729557,-6449.8442175108,-461.223016266975,3087.35404521562,3.25997736005663,-2.06307250618343,6.39077932613025
2876.60195356192,992.520652638202,-6532.96776753662,6.80965904925968,-0.445652456862671,2.93336328904671,2876.85125484502,993.673634197871,-6532.86509838526,-6.37397240854693,2.87888960895599,-2.38897015363239
-478.019099592969,1055.78428225687,-7081.07125482995,7.42639041669588,0.0731198957382796,-0.49040814346452,-478.140071058184,1055.9694402703,-7080.9928730078,-3.14523898099925,-6.71114273867904,-0.780078698776579
-1577.30924655817,258.007620077771,6683.48561246755,-7.41182275622736,-0.0672432890149981,-1.74187716291818,-1577.32443285081,258.013583172357,6683.50112555571,-4.67041942560089,5.93869906826717,-1.36685506531483
732.302678235609,1073.88918578797,-7087.03965980909,7.38965491530482,-0.113358182509074,0.748094820895837,733.885804601383,1072.87102899634,-7086.90182382913,3.34371271838668,-6.59459646946248,-0.657046375136703
-7161.83035703087,51.7425244901474,-344.456108919508,0.353902422391765,1.10655296959356,-7.3664482050774,-7161.90889560498,51.5357138183329,-344.475099957703,-0.292672292226711,-0.00845027889003085,7.44978375382421
-6449.89092697779,-462.000582784989,3087.19628896532,-3.25921189196773,0.99324639518727,-6.6370977429671,-6449.84233333542,-461.216834090745,3087.35583876189,3.2599727181874,-2.06307278758411,6.39077999782659
-478.017433017549,1055.78307457328,-7081.07379207127,7.4263881400815,0.0731194873812938,-0.490406136546445,-478.128374855678,1055.95264108292,-7080.99628206535,-3.14524125756861,-6.7111432105858,-0.780075205374903
-478.016066894324,1055.78262295797,-7081.07509862157,7.42638711900792,0.0731192123732538,-0.490404588541684,-478.14573681463,1055.98107845102,-7080.99069820954,-3.14524227863874,-6.71114351144859,-0.780073051538554
-6449.89110832257,-462.000418981655,3087.19484706486,-3.25921179948288,0.993246590635028,-6.63709830389481,-6449.84167394704,-461.213193551626,3087.35479180653,3.25997281068091,-2.06307280682777,6.39077938653277
-6782.41940917491,-72.2022875124603,2089.15385002188,-2.21344952452627,0.247376345669529,-7.1577622096826,-6782.2803674289,-72.1351675108705,2089.12190092207,2.1514325845564,-2.12538056896121,6.85331742505675
-1612.10232729859,-926.429700529706,6752.36669897822,-7.33675042923076,0.236473942714584,-1.723554820006,-1611.71909387388,-927.06571997723,6752.35297379285,3.29558465490836,6.56916416902674,1.69731321767895
-6940.77584653608,-81.4412580933375,604.964510630686,-0.679376923174078,1.00486589166143,-7.46437364491076,-6940.77482284975,-81.5906852069727,604.964837198415,0.657133533429253,1.04664217626823,7.46160255535362
797.060192954526,-993.034249073246,6949.64688052605,-7.46162864215512,-0.119549249828722,0.836649583228399,798.271812816212,-992.05467557958,6949.58698963163,-1.78396420174716,-7.24381589123526,-0.825902975037091
-4096.67100428986,197.041526892266,-5806.13700833698,6.10806187849536,0.146359187505357,-4.31269022930483,-4096.86262326384,197.109824539549,-5805.97386418799,5.18765571559909,-3.83906009736085,-3.72531105201664
-5957.73932881742,-131.389466722768,3841.94282556925,-4.07313909109861,0.215308756158032,-6.29580623144118,-5957.80202885743,-132.114704161353,3841.83127959381,3.91452205389882,-2.3574563348029,5.94164909484046
797.139118414745,-993.032381017699,6949.61726633344,-7.46164538707445,-0.119555572095267,0.836691841621122,796.535511014223,-993.51403294883,6949.61990831892,-1.7843131821307,-7.24353306373917,-0.827882808576043
-7162.46068225539,49.7372236025504,-331.105901735126,0.339874126256562,1.10665429339989,-7.36710749395876,-7162.56599193832,49.2591165839178,-331.146281702005,-0.278766365832573,-0.0085306091273979,7.45030344750116
-6451.85284706592,-461.399969920881,3083.18798657212,-3.2550052260679,0.993546607650749,-6.63911489685972,-6451.80418041419,-460.605115203567,3083.35012297618,3.25579753037602,-2.06337530091715,6.39281239678272
2893.20170304203,991.430661400156,-6525.80268894177,6.80215888343081,-0.448227221487478,2.95031513539161,2893.44401373773,992.558527881991,-6525.69732482313,-6.36694973769242,2.8812882497107,-2.40476244058508
885.654506506113,-257.025729577472,-6827.70120515246,7.5307485094073,0.0367521629688329,0.97629006871945,885.966162954242,-257.597579222578,-6827.61657472847,-4.01124747854174,-6.43881545592325,-0.275193331814025
-6782.4206830369,-72.2025653734023,2089.15292324971,-2.21344780955951,0.247377402574119,-7.15776207094597,-6782.33939906316,-72.0244647634319,2089.15776334404,2.15140484595047,-2.12547822748086,6.8532182513484
-6451.85138052686,-461.400463021334,3083.18887973868,-3.255008972506,0.993547250268294,-6.63911401730202,-6451.8021331851,-460.60398395165,3083.35110714999,3.25579378393375,-2.06337614411015,6.39281292781487
-4304.35591534039,253.561312620269,5267.95174009792,-5.93483917211032,-0.232242632643549,-4.82502296552606,-4304.27179511188,253.68045658408,5268.00315526957,0.82869528065005,-7.53761315882382,1.0378522959898
2806.45212581598,916.160369471179,-6437.16896797544,6.87899338884818,-0.418640453960916,2.94146087862487,2806.38547295937,916.060412951542,-6436.9579665017,-5.1557559081867,-4.63320700464614,-2.85671579655431
3957.1750731839,890.539025495326,-5935.20995642406,6.20928699143504,-0.607835467039521,4.05105313907502,3957.0499298583,891.183502732319,-5935.25381051862,-5.4139970554816,-3.40758033281381,-3.92529248833876
-1585.63300522893,-1050.03944086552,6902.139607918,-7.27538928040234,0.248045571855664,-1.6304518827295,-1587.30500892235,-1050.73203327179,6901.66019407381,-4.89094739820587,-5.25010236905889,-2.0034492909523
2798.44368824654,916.653863947972,-6440.6303009953,6.88280452923194,-0.417379688260608,2.93259967968045,2798.26244592276,916.891255307629,-6440.42604222268,-5.15815560801499,-4.63403140044156,-2.85092137789419
-3869.45605831277,-838.771520243449,5855.03870033905,-6.28833911210463,0.582019963520223,-4.06277388546356,-3870.76502645225,-839.074438472326,5854.17427020537,-5.40279568936406,-3.28784294812661,-4.04761488973813
-5694.0818735012,520.288653844991,-3908.26138055673,4.29990472699264,0.827882412620079,-6.21880720556875,-5694.12191002673,519.942288184807,-3908.26543204553,-4.08351031656851,1.65198770200993,6.17195586012276
-6451.84975026045,-461.398806626901,3083.18746093103,-3.25501335810802,0.993544247028419,-6.63911472870344,-6451.8021060677,-460.596693244879,3083.35181054802,3.25578939834201,-2.06337317736839,6.3928136167985
-2905.83139956214,980.250454800583,-6486.79538145599,6.80651489444256,0.450571442235656,-2.98164113325421,-2905.80556133629,980.104105311355,-6486.968855832,-4.11138267666604,-6.13479549546837,0.947849780933966
-1577.59380508686,257.995816363101,6683.17310898166,-7.41204277192224,-0.0672520046230632,-1.74210116904675,-1577.08512476628,257.754099470529,6683.32555159305,-4.67071075970933,5.93871916873963,-1.36633325492418
-2889.36612497185,981.340057003896,-6493.97390717312,6.81412525322044,0.44800077405067,-2.9646152384774,-2889.32606254882,981.156890194192,-6494.17060318938,-4.11594969534584,-6.13327556804103,0.937782581610726
2828.70518423237,-932.564836732432,6408.26386814703,-6.88396603583071,-0.432084585465924,2.96912571174124,2828.02295085706,-931.542040949807,6408.79413767193,2.23733969059226,7.2035538811349,-0.0233895163799308
4115.28410942125,-224.913541031569,-5520.98648898063,6.0926784300825,0.184810619124067,4.53655976714849,4114.78636966248,-226.113320809424,-5521.27675242853,-3.62830876592258,6.04450497116791,-3.0145837953952
-6451.8511665914,-461.399804670087,3083.18766486012,-3.25500992874596,0.993546307166224,-6.63911457356771,-6451.80194907233,-460.593518178604,3083.35220758847,3.2557928277037,-2.06337511720514,6.39281283365478
-6782.42103755872,-72.2026048143222,2089.15400738226,-2.21344783044116,0.247377386433497,-7.15776140756868,-6782.33929501491,-72.0123284753073,2089.16076666129,2.15140482505008,-2.12547825681057,6.85321891249491
-478.01857355146,1055.78216565982,-7081.08284795745,7.42637874612063,0.0731193246691693,-0.490406096063022,-478.163069787704,1056.00321344339,-7080.9864807114,-3.14525065156595,-6.71114346356651,-0.780073047580576
-2779.19465484861,859.802596558532,-6364.1181776007,6.91458922532401,0.40188964106105,-2.97471052761989,-2779.11745589786,860.023734884768,-6364.1142301825,-5.29907704663796,4.56166437406917,2.85102109745347
-3696.43821738249,-861.576924040484,5961.87039232363,-6.40456509187255,0.560814767911543,-3.88066855369713,-3696.36533995634,-860.867175444698,5962.16387297478,5.82551937192313,-3.57175008013058,3.07646818629867
-7162.46029857112,49.7370472288003,-331.104441173914,0.339871010064764,1.10665533236423,-7.36710803736128,-7162.57206765144,49.2443677983927,-331.146187635395,-0.278769481986786,-0.00853145331202621,7.45030276238597
2810.53821514006,915.912348589223,-6435.42435797411,6.87711782826921,-0.419250911807736,2.9457492008348,2810.51268894326,915.685018319104,-6435.20646746709,-5.15443481826848,-4.63276471926623,-2.85982273497682
-6782.42146021325,-72.2022612162316,2089.15126884544,-2.21344521825121,0.247376571348354,-7.15776250548162,-6782.33846511068,-72.0320587316292,2089.15423824848,2.15140743729887,-2.12547740434265,6.8532180969791
6284.37220280463,-536.260530193659,3469.08383024035,-3.6375939498358,-0.991917523647933,6.41673284298722,6285.02094579062,-537.418565236393,3467.93677073723,0.29447147064722,7.39656524530066,0.171845703027492
-2901.74247915959,980.524021825077,-6488.57764925744,6.8084465991816,0.449923571404138,-2.97734098774885,-2901.71006787474,980.357453862731,-6488.76700073728,-4.11248111159393,-6.13442987168094,0.94542232070509
-1620.71172848041,-1048.83062817793,6894.18470018857,-7.26698906674533,0.253545371879784,-1.66660094744208,-1621.34180301412,-1049.09245410193,6894.01619622771,-4.88512956652983,-5.24656560547648,-2.02669559975089
2884.90149515843,991.976763979717,-6529.39031969608,6.80591593982978,-0.446940038281633,2.94183952087152,2885.17710257289,993.301198630659,-6529.24517054715,-6.37050453453107,2.88007592039836,-2.39677973372341
4765.31612993498,-798.310629462053,5287.19356766365,-5.57546162887711,-0.740068367329503,4.90144456748178,4765.31025361338,-798.485426255104,5287.22179054264,5.00894341938014,-2.66512928350898,-4.8175180759324
-1288.44139238311,1079.72454772209,-7007.44838071399,7.30733811361667,0.202621613447538,-1.31501623228657,-1289.45886012221,1078.4110505326,-7007.51109330266,-1.76195509586545,7.09715858363634,1.42380108585032
-5691.61809002851,520.761781429681,-3911.81811421633,4.30381151086672,0.827525292347786,-6.21612895334514,-5691.6246094544,520.683137651527,-3911.8172938544,-4.08725158331128,1.65232720248348,6.16940975219642
3964.74658498953,889.800227680855,-5930.26278759543,6.20415472265203,-0.608990989920457,4.05873845924487,3964.69848822775,890.122507211604,-5930.30571346527,-5.40974159744733,-3.40656721827418,-3.93203146087841
2806.45309465239,916.161294234074,-6437.17177720765,6.87898993179268,-0.418640498923223,2.94145950848065,2806.4613587956,915.835883251615,-6436.95239221467,-5.15579899363422,-4.63321952293421,-2.85662660669881
5430.65064303013,-650.867892723783,4480.14510330285,-4.81629982771683,-0.828396233691088,5.70212159013356,5430.39876917982,-651.445046731624,4480.00289635791,4.43048002098623,-2.05659477241547,-5.69086863972895
2794.68296646854,291.950921149494,6209.04002642271,-6.97686096754137,0.14698162450528,3.12590582743639,2794.71013196801,292.01920294072,6209.08095301011,6.82454540029995,-1.67168485827395,-3.00068102516761
-1961.93338858804,-973.816009692414,6746.74944424563,-7.19814418577292,0.296423239902773,-2.05365883372666,-1961.89894048284,-973.900387799273,6746.77559519282,3.95132463921348,6.10936627726888,2.01529717624921
-1214.91010309045,950.018021851493,-6837.55011166041,7.41610640608487,0.179654754178312,-1.29302107510236,-1214.89144217391,950.52359990212,-6837.35354930975,-7.56951774444378,-0.207437720320669,1.12530033145548
345.990932638238,-1083.85993763686,7095.59914705281,-7.43931616363607,-0.0538555291031716,0.352569306166253,347.081996631339,-1083.80730144733,7095.74978281627,-7.4292936898513,-0.265807619667848,0.354037683514798
-6451.85061757371,-461.397779462521,3083.18718206531,-3.25501145066077,0.993542219371538,-6.63911535974411,-6451.80658932993,-460.572103795795,3083.35886499162,3.25579130579592,-2.06337113115145,6.39281394136496
2864.10038352442,993.333719369903,-6538.33051885276,6.81522916540318,-0.443728134220244,2.92070195045081,2864.33925375871,994.408212887936,-6538.25191857133,-6.37927223927851,2.87706688278033,-2.37697728333024
-6451.84789101005,-461.397573467508,3083.1878149869,-3.2550187038442,0.993541438575492,-6.63911446730817,-6451.80285575061,-460.568159235229,3083.35987168052,3.25578405261372,-2.06337066853474,6.39281512547303
-1787.27436715137,-1069.67160236776,6883.23169322248,-7.21075781282747,0.283295718683451,-1.82297350053791,-1786.58334957788,-1070.89529193051,6883.38059230813,3.05428590446392,6.52406791689852,1.82676147816696
-1585.63067805315,-1050.03858760847,6902.13509345372,-7.27539353859565,0.248046227193994,-1.63045644567551,-1586.97903857812,-1050.59746456899,6901.75360206853,-4.89101810002553,-5.25014572265563,-2.0031645022473
4765.31591741474,-798.310161199337,5287.19169084153,-5.57546237742884,-0.740068271743457,4.90144507176278,4765.36114701637,-798.193893456824,5287.21791890297,5.00900920308993,-2.66514066618261,-4.81744368694416
919.910468803371,-256.854562692539,-6823.1556326191,7.52571840537533,0.0381889320240009,1.01445683302441,920.408045376098,-257.758732228649,-6823.06569968455,-4.00867795813915,-6.43954449364185,-0.294561004404958
-1577.31121485209,258.008679044505,6683.48933514329,-7.41182018449749,-0.0672435318423836,-1.74187727718504,-1575.79665193731,257.291997656184,6683.89540454862,-4.67080705618078,5.93876270420384,-1.36520261906359
-2698.14656418222,-874.752213867145,6391.87368758825,-6.96666963997894,0.394186542385455,-2.88033701646815,-2697.41498456559,-874.591458910311,6392.16781058934,-6.11096737666191,-3.25899280877805,-3.01207661080284
6983.83894947114,72.4508051041644,-525.11096803474,0.566973958148545,-1.0289203230729,7.4574321420676,6983.81543281237,72.20937516752,-525.408550947811,-0.0409429184737989,7.53319846170002,0.558999699118795
2942.53097263166,-919.789347142313,6358.86459989212,-6.83002296845633,-0.446818912092125,3.08902364182593,2942.62603217755,-919.021938675204,6359.00888274346,6.71098655745238,-0.935873115056343,-3.23118608294967
3957.20775474453,890.539718368679,-5935.18309023593,6.20931891928717,-0.60783235721497,4.05101092569873,3957.1602540668,890.866613512375,-5935.22861334481,-5.41397787069877,-3.4075736382813,-3.92531939126548
-2362.44958874331,-1019.42781093945,6695.79682406671,-7.03901114927486,0.368808723649441,-2.42239774244925,-2362.72131978785,-1018.83034240134,6695.82025166904,4.46363234724887,5.40893438927803,2.45683903545368
2800.15290310282,-934.349472642801,6420.52327904368,-6.89709766472172,-0.427722611767994,2.93914997763153,2799.70166081539,-933.657593362676,6420.91444397138,2.24208447251856,7.20209882247938,-0.0133895441708994
3134.84156792876,998.610877067249,-6418.94709184686,6.68665559872749,-0.496326348147185,3.19031424447369,3134.34188100672,998.284524700408,-6419.21846635355,2.54684972507791,6.59378590832369,2.28651504754037
-1924.74347934266,-238.269115512328,6812.61945156495,-7.221063961667,0.0711932301969772,-2.03555775494969,-1925.18850996119,-238.851687539358,6812.46692636248,1.68611361443333,-7.3188289104052,0.201799918937673
3957.208332139,890.539810432297,-5935.18304954687,6.20931837727691,-0.607832466888532,4.05101121116078,3957.16044622313,890.867829363244,-5935.22840572835,-5.41397841270046,-3.40757361895211,-3.92531915110136
-1407.58150967652,1052.81056608491,-6956.62572738128,7.29845787340705,0.218615022280511,-1.4445307486873,-1407.72314231932,1052.16418188856,-6956.76208160979,-6.74706061091229,2.63608176378984,1.68475691668922
-1787.27573374332,-1069.67461146406,6883.23167786656,-7.21075704102353,0.283296560857937,-1.82297379061589,-1786.51243098825,-1071.01735847398,6883.38084603664,3.05426182361095,6.52405232609202,1.8268595678887
-1218.06988042567,268.024727529574,6756.10892141976,-7.49577039239915,-0.0533947700899778,-1.34591786271109,-1217.77542249917,267.005283349574,6756.23377730956,6.27049181462027,4.2058433978358,0.964510078306356
-2036.27036595903,241.135217810473,-6800.57027144378,7.16909665754804,0.0758799033015959,-2.13998056173467,-2037.64377095592,242.324696285732,-6800.12449399118,1.23567953449602,-7.35017148080329,-0.605260606401618
-1301.79764380704,1079.35160675538,-7005.01519544913,7.30483280771557,0.204724644045096,-1.32866248959192,-1302.4981947723,1078.46170547788,-7005.09435261912,-1.76124844867523,7.09659776067759,1.42744014046532
828.011334205282,-992.527818892599,6946.08926049318,-7.45784303855479,-0.124198737020216,0.869186730320027,827.283619932785,-993.107440418009,6946.08794488549,-1.78339316632694,-7.24463061876304,-0.820201167637132
-2878.2903170539,-978.859241147817,6482.52150156481,-6.83315595960472,0.447015874974418,-2.96036466727775,-2878.63168157533,-979.362510433701,6482.3397979218,2.54389794271937,-7.00698634044424,0.0686161774300749
-1787.27379341963,-1069.67546414338,6883.23084499835,-7.21075819726226,0.283296780296131,-1.82297352461585,-1786.58007124932,-1070.9060162153,6883.38387081278,3.05428552008101,6.52406691081477,1.82676498953546
-4334.17313306937,252.617709246515,5243.67692448268,-5.90731469671276,-0.234056150876517,-4.85837288234478,-4333.34130012431,253.931763793164,5244.3411061218,0.870334304105705,-7.526588699609,1.08113762346313
792.646951153365,-993.105787775255,6950.13848544581,-7.46216153529646,-0.118885810764644,0.832005504898472,793.775703649992,-992.193142613862,6950.08220703455,-1.78420784298604,-7.24364437756995,-0.827103628907271
-6226.91925327894,-439.903414564428,3185.63745755944,-3.45948961809557,0.916832273720148,-6.63939204449788,-6226.6526853242,-439.497136362039,3186.10715988259,-0.300136037831826,-7.69328798146741,-0.984913395922807
-1791.65264289538,-1069.50092004759,6882.12501441988,-7.20959227759618,0.283991753639213,-1.82745018482201,-1790.79502934605,-1070.99739956687,6882.27152618143,3.05373555142157,6.52374309475636,1.82885067692711
-7162.46135439501,49.7371002824832,-331.10546569316,0.339875071377137,1.10665293659711,-7.36710702628753,-7162.56854081068,49.266633498578,-331.145348916735,-0.278765420701363,-0.00852943545011473,7.45030410562715
1790.38415592056,-983.805059069607,6764.1129886393,-7.26521556492171,-0.273307127911597,1.87910512070874,1790.91587221638,-984.484909892543,6764.01728431848,2.06139110424179,7.22060836764745,0.461866433476222
-1569.18844363097,258.072285907064,6685.14367406686,-7.41423381250851,-0.0668926505993945,-1.73278976354469,-1569.29152329667,258.119602420979,6685.13962827981,-4.67198106367495,5.93891934459318,-1.36114632347462
-5927.12290771616,-613.177642133943,4001.5095631225,-4.21210113464431,0.93148845675024,-6.07875074651491,-5926.6983459648,-613.074411185591,4002.12696210616,-3.62822064691335,-2.8402368411551,-5.84961940565087
-2244.53617574183,-243.60263926668,6714.42909713489,-7.11646785886079,0.0861294177905098,-2.37397975647146,-2245.27105051403,-245.144644261701,6714.12482192177,4.26899798134742,-6.04741530884169,1.21180358338493
3932.62785176819,-836.234469122551,5812.99038724582,-6.24405287978765,-0.594021841752461,4.12926397677572,3932.36832611041,-834.550460001315,5813.23399117328,6.05153838879764,2.43537601260111,-3.71343472997886
1794.67846595726,-983.645525357722,6762.99928258635,-7.26401873538936,-0.273964773523253,1.88362202987769,1795.48097669516,-984.685997168195,6762.77820902712,2.06110321852436,7.22075290728578,0.460873985051765
623.66699216312,-1090.55225958308,7067.20558958835,-7.42121899298003,-0.0985281651556444,0.638498641088261,623.29899598295,-1090.08981081792,7067.31167391245,1.81621629950936,7.18281499291507,0.941019775404111
752.003977272586,1053.57493327334,-7057.5634978936,7.40192304993924,-0.115297015555796,0.772335108123164,750.508692213928,1054.51292067536,-7057.60317036275,3.37307293547328,-6.59880276258988,-0.66864734450253
-2702.17858472123,-874.529227529494,6390.2461935206,-6.96481617943923,0.394772421261256,-2.88461890891816,-2701.11820929499,-874.296779571933,6390.68761447376,-6.10949582025566,-3.2585292008535,-3.01546496327148
2785.71377417381,916.326756602288,-6446.21776125866,6.88801397361903,-0.415157518295065,2.9205589402684,2786.64487971589,915.777842608057,-6445.81798033134,6.84579649700717,-0.498348234678744,2.90466117843827
-1782.89443697675,-1069.84156030624,6884.33650233599,-7.21192058475294,0.282599373140219,-1.81849554067184,-1782.16198351557,-1071.13669780419,6884.49131610254,3.05476034930211,6.52434819074867,1.824959263333
-1249.21315903471,-1041.05342227264,6971.989348785,-7.34596718372421,0.191895162295048,-1.28512708585798,-1248.98574479065,-1040.86058119639,6972.01848904219,-1.00640411124919,-7.28787998609837,-1.26107287331978
-3548.82308989505,222.799851801363,5885.38636330438,-6.52591999760339,-0.148357311546317,-3.91892996765248,-3548.9146700332,223.711891592759,5885.33052646337,6.40353776834552,1.62282087099228,3.80542269693286
-1787.27514553945,-1069.67554341493,6883.23095976809,-7.21075759769981,0.283296921028128,-1.82297432873891,-1786.47000667597,-1071.08915689475,6883.38363367465,3.05423641446561,6.52403727172145,1.82695566722134
-1275.82265900335,-1040.3464928045,6967.26983752518,-7.34101502194219,0.195988899831985,-1.3125457614509,-1274.68365077442,-1039.38021063422,6967.58652229114,-1.00593617289583,-7.28746551569547,-1.26384864854129
-2358.19044183002,-1019.65082801906,6697.26098316515,-7.04055337222411,0.368142619881067,-2.41802241484759,-2358.45777489486,-1019.06613683055,6697.28728932979,4.46464225555195,5.40935626492275,2.4540679437743
4111.81446706097,-225.020310191847,-5523.56867723441,6.09553063468471,0.18465574503962,4.53272630850905,4111.65056668975,-225.384074295911,-5523.63992882835,-3.63034424187755,6.04461298050402,-3.01191320329872
3582.02043925083,-856.420791809367,6031.76151864038,-6.4772851874489,-0.534184536102218,3.76224335286262,3582.05780540452,-855.906675714527,6031.81890531911,6.41369132683028,-0.617906153057759,-3.88140476685051
1776.83020243606,-984.379600486734,6768.06583000462,-7.26843778229473,-0.271255799385057,1.86500205652951,1777.75358419092,-985.586600990471,6767.76179088784,2.0632341116144,7.21990672009021,0.466690649045798
-495.540175236398,1086.14592461825,-7107.77076668404,7.40893293384577,0.0761979275435481,-0.498639515449538,-494.127886050721,1086.22078183221,-7107.95171642143,7.37840360495976,0.845352697103013,-0.418724825743063
-1253.64500073676,-1040.93610014621,6971.21136857243,-7.34514821797267,0.192577470619302,-1.28969796120597,-1253.46011864942,-1040.77937387631,6971.22669724922,-1.00629547049521,-7.28778595020501,-1.26170277623204
-6541.17196053844,-460.350708753127,2969.89296276506,-3.11528934605832,1.03538720760998,-6.67965915321045,-6541.16260379637,-459.880433847347,2969.8744516273,2.93110672176417,1.44206675572931,6.70826750458323
-6541.17568893783,-460.355915678875,2969.89459268164,-3.11527634192994,1.03539824686128,-6.67965848433726,-6541.16403597827,-459.879285708627,2969.87485260186,2.93102885778821,1.44204959054372,6.70831009265959
-6541.17761372288,-460.355854461478,2969.89189768294,-3.11527148338424,1.03539926708204,-6.67965989644786,-6541.16488718122,-459.873694142321,2969.87150482518,2.93103371639846,1.44204904105728,6.70830872820357
-1598.82265775477,-1049.58378568572,6899.14338846193,-7.2722810963764,0.250113048532637,-1.64404154353972,-1600.03608955208,-1050.08731444279,6898.80835591847,-4.88882144903281,-5.24878615689138,-2.01210083788939
-6541.17525349151,-460.35326135324,2969.89342060003,-3.11527861156118,1.03539284280966,-6.67965950012699,-6541.16164262916,-459.869367779374,2969.87257526624,2.93102658818365,1.44205507131749,6.70830874623485
-6541.17539643981,-460.355047568815,2969.8923506921,-3.11527831852667,1.03539717963366,-6.67965915515865,-6541.16310119407,-459.856245355722,2969.87164698778,2.93102688122648,1.44205081486877,6.70830935221751
-6541.17544156475,-460.353444004579,2969.89274865612,-3.11527811059545,1.03539351912432,-6.67965970244193,-6541.16335049723,-459.849102786173,2969.87196864189,2.93102708915602,1.44205448501953,6.70830858226603
6460.54895630027,-460.206388138185,3041.28012101618,-3.21776451315744,-1.00801819765277,6.66149417669674,6460.46880700368,-459.398136112559,3041.51453454036,3.04461137822243,3.27824939436723,-5.97625550656166
-6541.17272769043,-460.355263519727,2969.89311931445,-3.11528619454969,1.03539718900928,-6.67965780904513,-6541.16245800973,-459.848372633092,2969.87308435317,2.93110987324941,1.44205679335178,6.70826945455794
-6541.17452408659,-460.355004177865,2969.89235477859,-3.11528122197661,1.03539701854569,-6.67965875435273,-6541.16467894109,-459.840735998453,2969.87228744051,2.93111484585053,1.44205724273365,6.70826849041029
-1214.90822534786,950.018234383065,-6837.54867829086,7.41610833500124,0.179654633824662,-1.29301964401324,-1214.88904156025,950.524250240089,-6837.34880575255,-7.56951581554137,-0.207437983660278,1.12530173971957
-6541.17453967792,-460.35508991927,2969.89342920709,-3.11528031031153,1.03539681380074,-6.67965860483599,-6541.16375869477,-459.837217409783,2969.87282972038,2.93111575749414,1.4420573937566,6.70826862912891
-6541.17560539954,-460.355901848751,2969.89319360211,-3.11527701349574,1.03539875235769,-6.67965880076989,-6541.16426755634,-459.83292799177,2969.8721882037,2.93102818623171,1.44204920215659,6.70830980336818
2439.59122415648,1037.86421470313,-6702.20043245059,6.98863703642447,-0.384675803320363,2.48410677932652,2439.48905476547,1038.0136635116,-6702.10372086646,-4.76887298976783,-5.10771021915618,-2.63840028970174
3345.33505584001,-839.238121012355,6084.30804152035,-6.63255218282253,-0.492513303065802,3.57061039329406,3345.16303083343,-839.477620476149,6084.11483087507,5.71328661048159,-3.51844600690678,-3.6706248788379
-5223.33184114171,737.575705137049,-4862.60591265139,5.10409848096163,0.813610246858995,-5.3638665814819,-5223.12355336976,738.707308807672,-4862.63663922129,-4.45953760146356,2.86245651474246,5.26190476221784
3345.33331491446,-839.239323407021,6084.30845850742,-6.63255267845177,-0.492513928216935,3.57061004994541,3345.17365423956,-839.429476176649,6084.11570746929,5.71328611474425,-3.51844529483746,-3.67062578097179
4748.47851693168,-800.538781930628,5301.95234432369,-5.59102052250418,-0.737453002591146,4.88412469335104,4748.42909287802,-800.970493499589,5301.98421357444,5.022556803491,-2.66757389000373,-4.80199889002818
-7162.66736766581,49.0682176524924,-326.65247470223,0.335199387747765,1.10668542050838,-7.36731955139548,-7162.7855951995,48.4954214049305,-326.700447107658,-0.274129203294465,-0.00855536460493058,7.45047303220327
2386.03041037648,248.495003496879,6442.25264090281,-7.14185929593331,0.101669965888472,2.63579108825002,2385.86630490596,247.531101637114,6442.35368267861,6.73393152275216,-2.77464809733042,-2.2670834440808
-1222.31936853798,267.994624517766,6755.34369443697,-7.49492046911987,-0.0535816040976843,-1.35062609351604,-1222.17953065305,267.50334742899,6755.41605666163,6.26981781223837,4.20599173740497,0.968248202082257
3345.33331770204,-839.238694150374,6084.30930171173,-6.63255414860851,-0.49251291865074,3.57060590194464,3345.16336695357,-839.466865102456,6084.11489362898,5.71328464463639,-3.51844515600771,-3.67062956517907
6460.54796497115,-460.206669091566,3041.28197524492,-3.217766651548,-1.00801805934571,6.66149325488571,6460.46775784332,-459.393827708415,3041.51791665619,3.04460923983388,3.27824953393871,-5.97625642793845
3345.33377567279,-839.238201291859,6084.30936885038,-6.63255466180417,-0.492512410674016,3.57060435653492,3345.16954509286,-839.443791071908,6084.11527718535,5.71328413141729,-3.51844523448589,-3.67063086547532
-2878.29015464416,-978.856203212862,6482.52431623245,-6.83315590379468,0.447013813461459,-2.96036148522807,-2878.88133987072,-979.743456540189,6482.17106146397,2.54397839752132,-7.00695947615437,0.0684421772840715
3345.33480896722,-839.237563287981,6084.30862697126,-6.6325539057648,-0.492512340544923,3.57060613048785,3345.18513588626,-839.386383579223,6084.11563234539,5.71328488740922,-3.51844579003879,-3.67062882993433
-2317.10476821293,-910.70904858522,6531.82826520525,-7.12659614743925,0.344742130302156,-2.47256534975677,-2317.11559900845,-910.745174196641,6531.88981583432,4.9496090374763,5.1387812167615,2.46617381279779
810.371054286238,-992.820154392455,6948.12440496033,-7.46003109422245,-0.121545500980262,0.850617126789261,809.703154307723,-993.352038152669,6948.12276073283,-1.78392717433901,-7.24399489299418,-0.824650793965032
-6043.34846925949,-485.439793651342,3497.86392141936,-3.81769236887333,0.895089608217032,-6.44960907584268,-6043.50288826167,-485.197870857728,3498.02390402559,3.70705990915314,-2.56810003724548,6.05043264417115
-3200.2019572037,989.795790696097,-6387.71714072543,6.65427759632057,0.504629831939769,-3.25665410266024,-3200.07200456658,990.13947428927,-6387.67388862201,-5.21834534957934,4.17823511358872,3.22443643432396
3345.33422073507,-839.237588856784,6084.3109007202,-6.63255638851199,-0.492511120301498,3.57059850545778,3345.13285729546,-839.585334029093,6084.11290317778,5.7132824049081,-3.51844490613153,-3.67063631475471
-1857.34755391794,-1023.82422919751,6838.05470687771,-7.20558199263028,0.286046856685072,-1.91048113476537,-1857.06245139764,-1024.25394865834,6837.93407086487,3.49878338881827,6.30407646403568,1.95053100756063
3345.3352881171,-839.238860606058,6084.30746550952,-6.63255238184255,-0.492513752379484,3.57061016709469,3345.18346365181,-839.39414098027,6084.11350240391,5.71328641136709,-3.51844549963477,-3.67062550463052
3159.25984379705,996.787019630686,-6407.20704259164,6.67441340016111,-0.500219609470626,3.21533131158686,3158.84265679583,996.511507511909,-6407.45740097077,2.54205815872429,6.59227272488524,2.29623804966999
-2706.04787193919,-874.350398344418,6388.94079915655,-6.96279972437415,0.395319468262887,-2.88861680971734,-2704.29539622341,-873.967639762548,6389.70968168027,-6.10800231386809,-3.25805071786053,-3.01822427153757
1678.08544811397,-969.432587614277,6794.90953720749,-7.29525285047667,-0.251362721165236,1.76183501246943,1678.40548071093,-969.971095557305,6794.70350851977,3.39987946756732,6.71029390598015,0.178966027571378
1696.93235743111,-1047.25639377387,6909.7158197953,-7.23309518678881,-0.262817326088511,1.73404186875448,1697.88301714316,-1045.79770833203,6909.73179071695,2.74038105809228,-6.72555208311249,-1.66494484464098
-4334.17673704261,252.617634978489,5243.67594811641,-5.90731269246107,-0.234056180187742,-4.85837402289997,-4333.28268587823,254.028648148556,5244.38817707558,0.870272642265966,-7.52658504994496,1.08121347020992
-2514.41410032109,1007.71905777151,-6671.57027633862,6.96446885029964,0.387311877270661,-2.56417657330411,-2514.47716873263,1007.54583723196,-6671.56228717802,-4.89723059288641,4.95042572821727,2.73381446145701
-478.019311327324,1055.78242129323,-7081.07433474867,7.42638764057187,0.0731197149075264,-0.490408008436669,-477.450364746694,1054.90260688938,-7081.23292658382,-3.14529490088646,-6.71114808925246,-0.779364244540198
-1467.79378007373,977.154038914069,-6859.02309471991,7.32903306906328,0.219130008727574,-1.53815250116817,-1467.77621354398,977.146992016972,-6858.9521451417,-2.14055399247904,7.02445115945734,1.48236130753892
2692.32359699067,-998.261611586088,6573.55051225748,-6.91037597456162,-0.419303121236066,2.76110075189714,2691.73741746761,-997.270201984525,6573.9245491421,3.19500868668999,6.71695721735843,-0.317171753436655
2469.72674026164,1036.19312435255,-6691.35994768079,6.97777672055267,-0.389291268081516,2.51389345604205,2469.47778923254,1036.71157906855,-6691.26762513951,-4.76036791354263,-5.10430089132787,-2.66040314065601
1794.67745912241,-983.645772366724,6762.99867234161,-7.26401947955564,-0.273964897744605,1.88362223874827,1795.67812538713,-984.949514411632,6762.68954111522,2.06115327279642,7.22072500922276,0.46106598531925
-478.018731238554,1055.78097185717,-7081.07047185982,7.42639193790578,0.0731196512215605,-0.490407986214686,-477.43074218554,1054.87190169858,-7081.23886519332,-3.14529060355989,-6.7111481878408,-0.779363403607417
-1569.18569726306,258.073180921726,6685.14188541209,-7.41423585058879,-0.0668928747458442,-1.732789089897,-1570.21050501355,258.556005235076,6684.90119120973,-4.67175474508423,5.93888161784303,-1.36211936814864
350.50234559028,-1083.827303299,7095.38346972011,-7.43908994277457,-0.0545611652999791,0.357188707891013,351.659620022387,-1083.77137323491,7095.52861880477,-7.42904156972285,-0.266527385949902,0.358749579526202
3345.33501446926,-839.24047289466,6084.30922774052,-6.63255651819896,-0.492512963233535,3.57059861745399,3345.19321040605,-839.348682036728,6084.11267887338,5.7132822749252,-3.5184431112655,-3.67063772251753
-1835.54702257219,-1024.6912103482,6843.84410106956,-7.21159570423051,0.282684307156808,-1.88802265849182,-1835.27506014235,-1025.09631657405,6843.72034531234,3.50185038448995,6.30571778582999,1.93956872157123
3345.33319117611,-839.239471447987,6084.30984345495,-6.63255770924146,-0.492512106512887,3.5705970238365,3345.19356913069,-839.34026092939,6084.11391430092,5.71328108382354,-3.51844352329996,-3.6706387860252
-1782.83383787871,-1069.85990246431,6884.41404675107,-7.2118667638809,0.282593554544827,-1.81844741305157,-1781.96919773851,-1071.3737287265,6884.5709826751,3.05481928910877,6.52424328149607,1.82497847167212
-478.019054611609,1055.78284759999,-7081.07177542829,7.42639033796744,0.073119782568407,-0.490408086723775,-477.400802021684,1054.82692575678,-7081.24737373099,-3.14529220342739,-6.71114798950822,-0.779365079949344
2343.81528531817,-960.454794169637,6596.7228067786,-7.08580552872304,-0.35816721584155,2.46000235546141,2344.13535540334,-960.124413435003,6596.7806133133,0.815480353195784,-7.33728154467411,-1.40115845158216
3345.33573859825,-839.23847616513,6084.30932469861,-6.63255768037245,-0.492511373439672,3.57059564572155,3345.20849928933,-839.288853028917,6084.11343802191,5.7133289450356,-3.51845586887892,-3.67055271854611
-3556.23727985204,222.632237738158,5880.95180837098,-6.52096767916137,-0.148667119209258,-3.92710907192203,-3556.19729874208,222.513661983449,5880.91221884337,6.39872880019483,1.6231310679625,3.81361219298533
-1733.54543149556,1049.6592918135,-6883.12964743645,7.22287491297779,0.271164624589312,-1.77815264097815,-1734.07698461373,1050.51664575391,-6882.83840446373,-3.2616858115341,-6.73111727451872,-0.300578681924061
-1258.07219866581,-1040.82094832806,6970.43322024493,-7.3443253651502,0.193259161645493,-1.29426197088818,-1257.73392007052,-1040.53409116717,6970.49322086849,-1.00622059179989,-7.28772155108801,-1.26213383120599
-6728.49714271628,309.204160360719,-2178.71537703013,2.32625423872815,1.00235815135347,-7.0628126531874,-6728.91584300846,310.222217390536,-2178.33040397517,-1.04618691671037,-5.27597486411774,5.8722717652477
-1266.92987281643,-1040.5870406693,6968.86601150686,-7.3426714801613,0.19462289302091,-1.30339478844627,-1267.04935554484,-1040.6886655785,6968.78420751675,-1.00591163394036,-7.28746135997633,-1.26387621334335
3345.33586152525,-839.240195476699,6084.30937536502,-6.63255861640014,-0.492512003855064,3.57059293080367,3345.23091809094,-839.201778626215,6084.11439707034,5.71332800888685,-3.51845449941701,-3.67055626903877
2795.44797247882,915.749523444025,-6442.16364905927,6.88541647151544,-0.415985554607649,2.92638704262978,2796.58117845655,915.08108338071,-6441.67537528517,6.84308662388096,-0.499206219260146,2.9106999621839
-1134.94254426476,276.737559070537,6771.53889439754,-7.51043548599438,-0.0512753902617214,-1.25466072352363,-1135.15221093523,277.22284688222,6771.49465474594,5.13778130350267,5.5854051452369,0.632850991212464
3979.83717891906,888.318208662392,-5920.36021339463,6.19383388310514,-0.611304185603037,4.07413779091949,3979.81315290455,888.570346809934,-5920.41329518946,-5.40116393012337,-3.40453756809568,-3.94554403060475
-6731.24866863458,308.015737226737,-2170.33996555631,2.31729096445754,1.00276996815064,-7.06570939627343,-6731.75698692887,309.450347185355,-2169.7756022943,-1.03800790454926,-5.27623964605961,5.8734211537247
546.474794377829,-1060.89044997778,7058.75008574218,-7.43830678330367,-0.0844408004056865,0.561833875592005,546.267629896488,-1060.48257545706,7058.79817523834,4.46650427857443,5.96635327575189,0.526260105779889
3138.95671568526,998.306762730812,-6416.97149926545,6.68465855692423,-0.496966966124035,3.19442170620764,3138.28057350879,997.862957811109,-6417.35606040641,2.54619783388559,6.59357684316808,2.28785484779039
2696.5017711515,-998.008737332732,6571.87988450512,-6.90861666440667,-0.419955004205199,2.76539109373265,2695.96419589653,-997.102269725247,6572.21660720976,3.19421791194794,6.71724505732561,-0.319066165348056
-7162.66521089283,49.0681855685333,-326.651919321737,0.335193110281014,1.10668693240781,-7.36732190620718,-7162.7808210975,48.5317034208099,-326.697051051099,-0.274135480756458,-0.00855613075888454,7.45047050592495
555.443084108071,-1060.7863318997,7058.06355285656,-7.43758898253932,-0.0858306882585557,0.571082109354542,555.117859906676,-1060.14594387906,7058.16152270123,4.46603049239605,5.96720174098854,0.520614347724666
-2518.75293162375,1007.47089201781,-6669.93043610643,6.96294091475867,0.387940671412365,-2.56834067100613,-2518.75394077964,1007.4465472464,-6669.91175910362,-4.89590877219137,4.94990649115492,2.7372529554205
-1702.86213302301,1050.79966228446,-6890.61199255609,7.23071730253878,0.2663713307605,-1.74672187915842,-1703.40758321497,1051.67891781892,-6890.31457276583,-3.26482442132036,-6.72894537409952,-0.314820929568402
373.053772843334,-1083.65631037353,7094.26638018714,-7.43791085582091,-0.0580906819221026,0.380295081154094,374.87670503416,-1083.56776550573,7094.35718148923,-7.42772078154049,-0.270157668074827,0.382515631049123
7025.51924461546,-119.361752069258,833.409005869515,-0.902818296648429,-1.05668352635829,7.37798409664191,7025.6578766008,-120.289328531672,833.227143081624,0.880803217822028,2.06127071646382,-7.1652548230523
2692.32562036832,-998.261363878183,6573.54928952879,-6.91037484746494,-0.419303751514874,2.76110507957827,2691.69820153081,-997.200117203735,6573.94984711692,3.19497228138445,6.71697047550744,-0.317259130177189
-1057.38182737285,1069.08642206962,-7054.48066964016,7.34346735376157,0.163227967470059,-1.07707316498059,-1057.58629171742,1068.87754650877,-7054.42462547481,0.585080195112044,7.33761187476362,1.00528921614867
2369.81448137019,248.725648371278,6448.2053916215,-7.14848329327524,0.100978524669833,2.61785463193803,2369.80868437947,248.615871836822,6448.25368613392,6.73989117768175,-2.77399177460465,-2.25005864543737
-7032.15482143187,236.898439008423,-1533.22604836113,1.59606050590884,1.10980451652773,-7.18274019855853,-7032.45290635345,235.424822040891,-1533.28647313702,-1.52530647571228,1.15278293682899,7.16731223932479
546.476387814478,-1060.89262809255,7058.75163484414,-7.43830469413393,-0.0844410454618635,0.5618344797245,546.19941307164,-1060.34727333437,7058.82184044098,4.46650636767831,5.96635304072117,0.526262340530229
-1266.92922529933,-1040.58700444083,6968.86802019825,-7.3426699361032,0.194622419528615,-1.30339203591758,-1266.80336153779,-1040.48044790876,6968.8605686656,-1.00594548371528,-7.28749090217863,-1.26367842274842
3858.34681227329,-843.123307667901,5861.57369626557,-6.29603610108861,-0.582703292429607,4.0510656619793,3858.13384181785,-841.182924756775,5861.99473033513,6.09706882388355,2.44455440404913,-3.63162354421233
573.384862465769,-1060.57391771108,7056.65869219656,-7.4361145698126,-0.0886110561682318,0.589582253026831,572.954764079249,-1059.72706618408,7056.7973827031,4.4650725863819,5.96888257872911,0.509430112641425
-7030.2035368685,238.246609243346,-1541.95594858808,1.60517382374862,1.10949425360724,-7.18075278539199,-7030.50209655776,236.610911651462,-1542.01630896904,-1.53400556359983,1.15307961126126,7.16541176906722
-1057.3793099067,1069.08765233348,-7054.48017643979,7.34346840185623,0.16322779946224,-1.07707073533699,-1057.60537812372,1068.85855495547,-7054.42457812043,0.585081243244326,7.33761133021581,1.00529294317137
-1057.38207744056,1069.08754755028,-7054.48396595989,7.34346386212445,0.163227972945709,-1.07707256985615,-1057.60615847303,1068.85918754339,-7054.42445859029,0.585076703448452,7.33761169958894,1.00529043351033
2692.3245691902,-998.260537291459,6573.54903874389,-6.91037500703641,-0.419303720240906,2.76110705255389,2691.6719542604,-997.154736247622,6573.97017095648,3.19497212184926,6.71697014593534,-0.317257993910282
1790.38140029677,-983.807619825593,6764.11010420384,-7.26521789426277,-0.273307942950482,1.87910502651811,1791.41568850223,-985.155040833749,6763.79189759965,2.06154080534233,7.22052462166015,0.462443948387401
-4103.68115370894,196.864702020599,-5800.9295693712,6.10257935329365,0.146635132131532,-4.32082358707399,-4104.25024434822,197.05793039754,-5800.51008868369,5.18285409983319,-3.83870671993084,-3.73277719418475
-1057.37974297625,1069.08935407173,-7054.48445708965,7.34346383621811,0.163227857404715,-1.07707005621451,-1057.62083578032,1068.84488054251,-7054.42464325681,0.585062018296166,7.33762590609445,1.00519686632983
-1157.35848712189,255.230585212937,-7012.18597177797,7.37253264834039,0.0442993686323448,-1.21707280307063,-1156.15551666038,255.815382179406,-7012.34369882798,4.6392932774286,5.83724688395878,-0.585019477888391
-7030.20097016077,238.246823550562,-1541.95897814904,1.60517353949142,1.10949337892163,-7.18075477133512,-7030.50207317029,236.545768072622,-1542.01969621222,-1.53400584803541,1.15308104352131,7.16540977606827
-7030.20238716352,238.246788078739,-1541.95788021255,1.60517463798155,1.10949378134257,-7.1807533328697,-7030.50398540753,236.563352226067,-1542.01876031771,-1.53400474947113,1.15308022645042,7.16541121826015
95.3200576617982,1011.70936347589,-6810.85917312439,7.59519783025577,-0.0154252520848945,0.103842801053756,95.6371422682833,1011.62004366362,-6810.88558725243,6.40651628755398,-4.05077767945297,-0.519902866140278
-2358.19142199048,-1019.65037985493,6697.25986463151,-7.04055310926386,0.368143042055889,-2.41802584999662,-2358.48189831319,-1019.0157651096,6697.28916654073,4.46467539370636,5.40937109945404,2.45397093857086
-1266.92786369437,-1040.58886039511,6968.86684797469,-7.34267117686439,0.19462276538493,-1.30339180511355,-1266.96858015393,-1040.62366370361,6968.80646328851,-1.00592902746362,-7.28747603232541,-1.26377766750977
-4738.99390668292,744.582363242024,-5208.99180257606,5.56864262286577,0.710181305887532,-4.96831450300361,-4739.055112343,745.018546378663,-5209.14636422906,-5.04314341124084,2.72460077514787,4.91872501692577
-7032.15553983985,236.898087398596,-1533.22347218784,1.59606331012929,1.10980445727518,-7.18273840894486,-7032.45797288376,235.271036747403,-1533.28438326436,-1.52530367126224,1.15278245256957,7.16731403026185
-7029.2238940506,238.921431469474,-1546.32351538617,1.60973478748744,1.1093396808485,-7.17975260008303,-7029.5254825181,237.19775137387,-1546.38443044142,-1.53834894538563,1.15322674688342,7.16445972622503
-1573.3918423199,258.036349762469,6684.1626460092,-7.41313814813786,-0.0670728553869129,-1.73744476149126,-1572.88928149428,257.797464039441,6684.31462630586,-4.6714251512036,5.9388319974872,-1.36340038128632
559.928641538065,-1060.7354333544,7057.71800766466,-7.43722300277939,-0.0865257599602104,0.575706270982824,559.404915015865,-1059.70413054607,7057.88622935814,4.46578180212563,5.96764799807138,0.517645456284736
3777.61279870258,-797.966097913523,5832.21768791991,-6.35738063435573,-0.551765135444024,4.0327578894764,3777.49035267622,-799.023403502323,5832.4089086563,5.45215113477761,-3.37145279303537,-3.99587598020485
1048.75289529891,985.031232192832,-6925.57250396562,7.41528732044687,-0.159041140639498,1.11818462764471,1049.10655334652,985.021157027034,-6925.42604500189,7.42608205383427,-0.646105948403076,1.05861228871714
-1271.35884029989,-1040.47000479565,6968.07752128602,-7.34184017632878,0.195304891438737,-1.30796127400579,-1272.2661464286,-1041.24017975192,6967.74899239335,-1.00565841004817,-7.28725111277975,-1.26528407135916
2777.5366819905,916.8188788458,-6449.67974287784,6.89171715314771,-0.413936630974931,2.91197021404838,2778.45348080422,916.27847629401,-6449.28567882434,6.84953386247181,-0.49712186828291,2.89603391230716
-7032.15628710283,236.897941955696,-1533.22229741186,1.59606313867221,1.10980455344705,-7.18273793848695,-7032.45964740997,235.212819327749,-1533.28323629787,-1.52530384261664,1.15278221868499,7.16731450173245
-3125.97363439303,915.502167460829,-6288.38262116819,6.72330797169879,0.476741451878699,-3.27462090590879,-3126.42863366538,914.354446712304,-6288.41807745016,-4.80745454355821,4.83122978295371,3.74111603921749
6685.3887703049,-294.470733117517,2099.08317826733,-2.28522576587938,-0.997627124118087,7.11140422470442,6685.56087361508,-294.731418164726,2098.69816097232,1.12693231527874,8.90407760952466,1.93246111970207
-4738.99447721437,744.581771769631,-5208.99184455941,5.56864318845921,0.710180827187672,-4.96831514174487,-4739.02436257326,745.204550547215,-5209.15080776104,-5.04314284576953,2.72460140785952,4.91872415196746
-5691.61779814662,520.761178305066,-3911.81500627377,4.30381009062579,0.827525283961303,-6.21613115502688,-5691.66372323406,520.359408453012,-3911.81936462498,-4.08733518239002,1.65233530218661,6.16935103027324
-1214.91063928674,950.019589925158,-6837.55040302823,7.41610539090939,0.179655081155873,-1.29302135056924,-1214.89049140756,950.523721729828,-6837.34486339685,-7.56950142684492,-0.207451476873711,1.12539752032228
3147.03364825731,997.701414356463,-6413.08642701375,6.68054318956385,-0.498279626695297,3.20286228987678,3146.62051068549,997.42934389845,-6413.32841611245,2.5444279396247,6.59301462721194,2.29146972865586
3953.43114154917,890.909089070373,-5937.63744933506,6.21190318850627,-0.607252958087342,4.0471443664009,3953.37581024752,891.294595523058,-5937.69220375854,-5.41608695305828,-3.40807677650188,-3.92196199867006
-6782.4201139431,-72.2021405165193,2089.15175357844,-2.2134471353332,0.247376113211418,-7.15776287505757,-6782.27844860173,-72.1617097247412,2089.11446736611,2.15143497383535,-2.12538030210837,6.85331684421506
901.330772987386,-1055.88362215604,7023.00514192246,-7.40094461305118,-0.139359413017381,0.92691855223981,901.404724171918,-1055.9985060036,7023.03347036723,3.38659581284042,6.90350139673623,1.32791320848098
2743.72696416163,918.757567476138,-6463.2936227038,6.90627724883121,-0.409292509099127,2.8792887902806,2744.03468519483,918.577117862047,-6463.16791733676,6.86436878857058,-0.492373165024721,2.86261680834343
-2362.45068730271,-1019.4288294202,6695.79702507046,-7.03901056020047,0.36880909206183,-2.42239781710992,-2362.70882932705,-1018.86325442533,6695.82136228048,4.4636329363831,5.40893405408965,2.45683968761336
-1214.911113283,950.016421632175,-6837.54410004443,7.41611104232864,0.179655027332334,-1.29302408804361,-1214.89093060877,950.526559587976,-6837.33738360561,-7.56949577550235,-0.20745073506675,1.12539491014586
-1861.69504614828,-1023.65115017522,6836.90078329638,-7.20436316284209,0.286717723984813,-1.9149623824657,-1861.40803497995,-1024.08357415511,6836.77930578932,3.4981606147564,6.30375157309555,1.95270119273465
3777.61375763562,-797.966036972547,5832.21712713077,-6.35737888245283,-0.551765531185336,4.03276070483009,3777.47837925847,-799.079483225814,5832.40904214544,5.45215288667202,-3.37145316763483,-3.9958731724894
457.186757047692,1075.94031862576,-7103.06544482304,7.41751686127557,-0.0706115695218475,0.466156614517541,457.386608526393,1075.86507299495,-7103.04463034592,5.75003794916105,-4.73994923214212,-0.403388725862839
1819.00193752527,982.809618283738,-6773.61571843659,7.2407353918655,-0.27631151863548,1.90435751026139,1819.02591671882,983.080073846121,-6773.80638955602,-6.93522370587184,-1.8624088376666,-2.12822441196453
-5967.40146696865,-130.877781489764,3826.97447195949,-4.05729506971697,0.215657455927572,-6.30599228823859,-5967.40160005314,-131.209886073225,3826.90483345398,3.8992944772913,-2.35779502557173,5.95154338845568
-1599.05896853287,-1029.60806950699,6901.89964928497,-7.27240440188294,0.245386080081902,-1.64492085455842,-1598.12435479496,-1030.92928203002,6901.95303505318,2.11691006219688,7.01392074589117,1.48869473091001
293.833858015709,-1057.16048455781,7074.39976109533,-7.45364032952573,-0.0451425237079623,0.302087542762482,293.248996887264,-1056.48258010947,7074.37810735841,1.04158257005811,7.30759545257159,1.03767097440694
-1594.67203883837,-1029.75444362159,6902.8896169865,-7.27345165569148,0.24471141492881,-1.64040038233525,-1593.71936493482,-1031.10256543123,6902.94709324651,2.11718097505049,7.01411725505873,1.48737804682955
-4738.993221002,744.582094761296,-5208.9900913218,5.56864449315929,0.710181518926406,-4.96831615400606,-4739.04590062174,745.088208730586,-5209.14974990385,-5.04314154096452,2.72460103263778,4.91872335697789
-769.262340117643,-1066.03686495094,7050.65566540708,-7.41062117238466,0.119197078827199,-0.788353917137967,-769.165250476005,-1066.09774099785,7050.6534551919,-3.24638167805641,6.7078682323319,0.6650186036484
-3530.28483204668,223.22198698294,5896.47396719776,-6.53823015258612,-0.147583481890262,-3.89844696143881,-3530.4039375535,224.574511354075,5896.36326605507,6.41571194263446,1.62206156466882,3.78532390514794
-772.171323786144,-1066.05270757136,7050.75858847857,-7.40978023373204,0.11975966563932,-0.79207459034309,-772.102994561684,-1066.09504560353,7050.75475403494,-3.24582218935547,6.70818214676774,0.662942460010125
2400.5164020689,-996.810975674619,6671.12092481104,-7.0301530107995,-0.368942540270711,2.46912573997181,2400.34984848997,-997.122685406923,6671.04216648063,4.69296988487898,-5.3012519054996,-2.80116427884766
-778.223604928993,-1065.89247847866,7049.69605060995,-7.40961090299765,0.120590029589497,-0.797566185533437,-778.313158364281,-1065.83504472018,7049.69228184049,-3.2459211067265,6.70850840635838,0.660784684567646
-751.29477876347,-1066.32503995676,7052.55706586286,-7.41259729880744,0.116407106892775,-0.769900901964412,-751.265185358704,-1066.34300111812,7052.55367060465,-3.24722176303359,6.70666154822985,0.672999909469711
-4738.99115345928,744.58233746795,-5208.99101611678,5.56864651356998,0.710181424567907,-4.96831475199155,-4739.04618715416,745.077776917988,-5209.15102645966,-5.04313952066053,2.72460073257056,4.91872480076246
-742.36975403153,-1066.4633602977,7053.46566697638,-7.41358375567617,0.115017575677854,-0.760710058638487,-742.391953740896,-1066.4484282444,7053.46153875311,-3.24765917854217,6.70605097964311,0.677038532435428
-781.13292487089,-1065.90655377139,7049.79591067906,-7.40876474027881,0.121152275918889,-0.801285582798867,-781.19849554487,-1065.86356404262,7049.78892106899,-3.24535840394638,6.70882229581817,0.658708283059866
6834.3310725533,212.09402590663,-1522.7402401904,1.64555822112096,-1.01559171539415,7.29148808486028,6834.46069510198,210.730545852248,-1522.75559818007,-1.57854838863126,-1.15787947553209,-7.28791963799088
1790.38368158333,-983.80591260942,6764.11323212741,-7.26521518337278,-0.273306734556324,1.87910085203585,1791.56310535907,-985.346746257716,6763.72744302066,2.06156885508579,7.22051146218072,0.462533157161471
-742.330099423329,-1066.46575985354,7053.48063459354,-7.41357483533082,0.115014206923893,-0.760687680012299,-742.508354090957,-1066.35283915766,7053.47947412925,-3.24762708831284,6.70608084831957,0.676841026732949
3953.43315282921,890.909045293688,-5937.63550529518,6.21190209668372,-0.607253508864695,4.04714691695393,3953.37779286258,891.295979683374,-5937.69071973909,-5.41608804482202,-3.40807700201486,-3.92195956253613
-772.170094342117,-1066.05225238849,7050.75857446987,-7.409780408208,0.119759421434531,-0.792073308643225,-772.234041177535,-1066.01053074858,7050.75265778083,-3.24580083260614,6.70821171959269,0.662746724715242
-749.723079533844,-1066.4114433141,7053.13276337307,-7.41225768890783,0.116273752235343,-0.769019385148932,-749.744524014479,-1066.39601669349,7053.12420331853,-3.24688174966307,6.70667089916608,0.672937871696062
7183.01592124262,-72.2910262603966,476.108979472114,-0.506662177461772,-1.11484011855273,7.34233852792817,7183.14496889393,-74.0596906982866,476.14272730122,0.455004568394538,-1.32457029791361,-7.32655004357135
-4738.99132350221,744.580863015251,-5208.99098895387,5.56864697246374,0.710180113907728,-4.96831539596697,-4739.03454247646,745.1501516701,-5209.15336498207,-5.04313906180989,2.72460215729046,4.91872359956344
90.9934517894114,1011.71803409812,-6810.92197708242,7.59525843404416,-0.0147217351377398,0.0991067890730495,90.6050899641443,1011.83353508001,-6810.92910450587,6.40657258622545,-4.05006644141703,-0.52469090266638
-5932.21153540471,-612.04867959074,3994.1500462157,-4.20437529517233,0.932285393585862,-6.08396353542685,-5931.92680589326,-611.980129755546,3994.55286704657,-3.62124995532011,-2.83952529318076,-5.8542733090564
-755.779157156224,-1066.25530824305,7052.09056367544,-7.41210423367033,0.117104099412635,-0.774510140375287,-756.038420302063,-1066.08966759209,7052.08247330903,-3.24697530717546,6.70701168022682,0.670684368499305
-1244.93508863289,-1041.15908778134,6972.68113346069,-7.34682656451451,0.191227178689343,-1.28065067108666,-1243.75792422539,-1040.16018695614,6973.04975350951,-1.00677242081818,-7.28814081383381,-1.259325786115
2893.1120226677,991.430711095278,-6525.80494312082,6.80213538949078,-0.44824841180399,2.95045548392425,2893.3530143796,992.389668018422,-6525.80136167934,-6.367038836632,2.88124442938764,-2.40447482613693
3953.43249145573,890.909110621302,-5937.63593411559,6.21190253751668,-0.607253407770011,4.0471462369755,3953.37800727529,891.291892316925,-5937.69096694184,-5.41608760400195,-3.40807689958358,-3.92196024295002
-2223.72497183494,951.912448090801,-6443.36386793223,7.19372914285941,0.358741888354544,-2.42826421021742,-2223.64513536729,951.828977368279,-6443.35394588061,-1.20957301925546,-7.47072186243998,-0.678730380892023
-3191.9983663735,990.420260045124,-6391.70680770963,6.65837862144295,0.503367524815982,-3.2484872098277,-3192.37092371282,989.177126044961,-6391.68458972124,-5.22186438403039,4.17934138692781,3.21728118457117
5250.58017342735,756.039504354917,-4879.01158157791,5.08836458344441,-0.829296360084074,5.35175499696282,5250.69725547231,756.86534747173,-4878.99471474342,-5.11085365290024,0.834914330075208,-5.33380757851274
-4738.98854199113,744.582473846472,-5208.99104158657,5.56864944495408,0.710181455098801,-4.96831407580637,-4739.05508949095,745.022290493943,-5209.15207693498,-5.04313658933248,2.72460051608924,4.91872552710007
-1594.67253176903,-1029.75559039286,6902.89034514697,-7.2734507395627,0.244711451188686,-1.64039897234991,-1593.65118578298,-1031.19973429164,6902.94946274662,2.11715961661611,7.01410244755196,1.48747687345545
2482.19699063898,1035.49687372516,-6686.89664738171,6.97269649594281,-0.391396185751088,2.52749864281246,2481.9792518136,1035.9271402498,-6686.79525907705,-4.75725408515098,-5.10311112836834,-2.66809516489476
5253.68312313658,755.532712686582,-4875.74967211575,5.08495317379509,-0.829785302328023,5.35491979186465,5253.79845224448,756.36154417817,-4875.73052880753,-5.10746748837688,0.835403610654823,-5.33697452340699
-4738.99029764912,744.581070410545,-5208.9895003199,5.56864759474958,0.710180621063949,-4.96831614063665,-4739.05195314943,745.048817508801,-5209.15097582859,-5.04313843943227,2.72460188288921,4.91872301404024
1827.10901505794,-1020.67794256092,6846.56817119939,-7.21409196352711,-0.280177387805512,1.87938472211778,1827.23367157932,-1020.79808430534,6846.69266587771,1.23553207308937,7.31359377999246,0.747032509048569
-2693.58807438341,-939.853111872334,6464.86425574973,-6.94481321793894,0.411063271803045,-2.82752557087269,-2692.49052563533,-939.253715344717,6465.53207989134,-3.67357747569795,-6.05893910232908,-2.39663928626459
-4738.99006688924,744.581044144193,-5208.98876680281,5.56864781662484,0.710180772630687,-4.96831667726035,-4739.05673547223,745.022069893939,-5209.1501785552,-5.04313821752009,2.72460188830062,4.91872250718549
-1585.89975371709,-1030.04985268201,6904.86437158954,-7.27553318741008,0.243361856710381,-1.63135244238894,-1584.84951111784,-1031.53512213904,6904.92591454443,2.11770249971041,7.01449450104126,1.48484896451586
503.611178072196,-991.843061366505,6977.51493354433,-7.48998283976486,-0.0751579673212253,0.528726480031197,502.806319471574,-992.101399841134,6977.48073643603,-6.07107352399429,-4.38966295996284,-0.27305849779125
457.185299859832,1075.94033236326,-7103.06553864757,7.41751695891895,-0.0706113447785135,0.466155127228293,457.37801313263,1075.86770226362,-7103.04508066752,5.75003804686186,-4.73994900746203,-0.403390212865547
2373.84389175553,248.668998332226,6446.76220211455,-7.14681055320854,0.101149664592378,2.62230177098358,2373.73448356463,247.926955578499,6446.88820157071,6.73833473908948,-2.77415549637748,-2.25431239369319
457.185239351984,1075.9399992903,-7103.0646558574,7.41751794023076,-0.0706113460020014,0.466155221667355,457.408824946742,1075.85581008013,-7103.04132673367,5.7500326772136,-4.73996397893879,-0.403291317869456
-1275.78341015392,-1040.35510149913,6967.29118907757,-7.34100364037199,0.195986086486325,-1.31252007659946,-1275.4331944328,-1040.05824732515,6967.34888195824,-1.00577569799629,-7.28734681339361,-1.26464269203393
4745.10374136158,-800.982879186502,5304.89872298583,-5.59413372208286,-0.73692720378376,4.88064705509936,4745.02623019533,-801.609330308789,5304.93866586321,5.0252788026184,-2.6680454693945,-4.79887981874276
257.962939510138,1106.05219327892,-7117.9083415792,7.42063543386786,-0.0410050891445062,0.263883909286267,257.529182818566,1106.15613287923,-7117.98308860146,6.75774536122144,-3.14243955535472,-0.202072498787033
539.113418113535,-991.473004162702,6974.9062288026,-7.48720751663834,-0.0804640500431703,0.566053645514508,537.872604831321,-991.876629663583,6974.88354978158,-6.06929451473317,-4.39389299453715,-0.243300847043757
-2049.10160183198,240.997748893721,-6796.73664590488,7.16502135595659,0.0763592020996433,-2.15351158317274,-2049.80567046377,241.610539303001,-6796.49361011374,1.23523297391402,-7.35011518555245,-0.606849320797702
307.317771569753,-1057.07503983232,7073.83449362787,-7.45305635536866,-0.0472204234154513,0.315992853847669,306.612472693987,-1056.2615106924,7073.84502074878,1.04147005273649,7.30789918790426,1.03563828019821
325.294033960395,-1056.95849672574,7073.04074979694,-7.45223680823253,-0.0499907663447881,0.334530969458784,324.541302912197,-1056.0925207848,7073.07118702032,1.0413149153254,7.3082987924949,1.03296416879676
-1946.22471769143,-238.054657456216,6806.49766875835,-7.2146225809537,0.0719896293328034,-2.05833146028996,-1946.57136816642,-238.500194503781,6806.40584000687,1.68464561119783,-7.319013604252,0.207083347244705
-17.9078179285669,-1015.72957910599,6992.1076425441,-7.50899164661296,0.0027240914415736,-0.0187520948523919,-17.4743397618008,-1015.09042543852,6992.20067471896,2.83885558208027,-6.8753109063612,-0.980188855755863
525.911465071863,-991.610083444547,6975.87978191955,-7.48828548216176,-0.0784818019520554,0.552109530780066,524.319385974509,-992.130048802499,6975.86124831453,-6.0700407637709,-4.39222873545779,-0.255008278651997
756.406576271501,1053.50130373944,-7057.08363803474,7.40143073388793,-0.116011639056973,0.777123604912201,756.303585346383,1053.5741255327,-7057.12331196509,3.37271198835393,-6.59937096771319,-0.66484046384038
2767.28134888222,292.523542176284,6221.28406472452,-6.99056305299007,0.145535529548642,3.09518398323995,2767.37753025635,293.291872826722,6221.27334857623,6.83807995606368,-1.6701659096225,-2.97053842078817
734.576228176508,-1073.31879927776,7078.4184099678,-7.40159106688839,-0.113625477211255,0.749344579573455,733.857725484138,-1073.78649291162,7078.43116912377,-3.13059542879701,-6.71414022230375,-0.684673584146403
-474.99223732651,-1053.81890622711,7088.64071869433,-7.43304117562901,0.0724993257404872,-0.48767365763949,-475.321247704072,-1053.66559209032,7088.65228158235,-4.75171141994995,5.74337125971396,0.615898377648418
2240.97813104641,953.443194068547,-6650.13030012579,7.10710454353276,-0.336639350097525,2.34800275773957,2240.22618882108,952.361263640564,-6650.58281077976,-2.31618327400058,7.11794022276268,0.183261557362641
2236.75550448883,953.642899521245,-6651.52324743852,7.108597758863,-0.336003709140028,2.34356927478818,2235.89299710803,952.404227979526,-6652.03431912325,-2.31666793849389,7.11774887896533,0.184596252248656
1347.18490724102,-1039.62139303856,6954.0695718172,-7.32718851869608,-0.207140004611479,1.38556263851609,1346.11703854531,-1040.84799516813,6954.02999721298,0.861861896797703,-7.25193060711056,-1.234183862766
-1214.90822089391,950.016686910951,-6837.54697653654,7.41610924577937,0.179654461358873,-1.29302018801836,-1214.88735864242,950.526427829116,-6837.33611269535,-7.56949757201923,-0.207451254684694,1.12539881771987
1065.43075689186,984.42559826382,-6921.31394109351,7.41420395869586,-0.161768121776656,1.1373573824066,1065.34098952995,984.413565209637,-6921.2325497265,7.42505071209113,-0.648767005565583,1.07732153711219
147.040417968956,-947.781313975602,6925.57201889881,-7.55100016079143,-0.0210312693426402,0.153677752139683,147.611286140387,-947.701762898324,6925.56108744388,-7.28244253421725,-1.98585532033754,-0.120107277503393
1007.02590729596,-251.838088477628,7005.84428601456,-7.42696051436879,-0.0383474273218155,1.06677684024206,1006.96310360725,-251.902615850021,7005.9479255741,-1.74107224355891,-7.29559414212348,-0.00613686980906111
-1179.43825557949,255.091887365119,-7008.5161855026,7.36867222305421,0.045139051794366,-1.24016701744131,-1177.98019886448,255.801573456993,-7008.71550353725,4.6368209925468,5.83776339920787,-0.59922700421281
-1421.07336003861,1035.38195894476,-6956.46333618619,7.29583191653595,0.217038400777449,-1.45821939718776,-1421.56753599257,1034.78178613946,-6956.57140563032,-1.70716597250379,7.12397501430153,1.35209899944468
-484.039250158587,-1053.72994292372,7088.04484671434,-7.4324100119851,0.0738786833107519,-0.49695221740181,-484.319996317525,-1053.59917236864,7088.054931558,-4.75140769887838,5.74425294131183,0.609967493859953
6684.05054622588,-295.053529223433,2103.24009413975,-2.28974110296477,-0.997426939694558,7.10998587695537,6684.32967422938,-295.642255807118,2102.29828850326,1.12691500156973,8.90397528321713,1.9331913044847
2228.27227416028,954.027218646425,-6654.3178559107,7.11154277655501,-0.334737326112519,2.33477647507555,2228.83176964735,954.808238189472,-6654.06427646345,-2.3182522385993,7.11710554103039,0.189069628958762
-5924.57331427432,-613.741263781077,4005.18840257174,-4.21596520721601,0.931088116374613,-6.07613927342399,-5924.06653197581,-613.617691438286,4005.93116704524,-3.63166606071173,-2.84059013516397,-5.84731484875359
-1590.23398725968,257.881802089353,6680.15806201392,-7.40875887057131,-0.0677928624989362,-1.75609541325539,-1591.40568603639,258.433970389926,6679.8805650851,-4.66814007498125,5.93830703761904,-1.37699829985999
2207.176013138,955.026636900465,-6661.19225498872,7.11897070635804,-0.3315506146964,2.31251579494558,2206.34338342503,953.832101587965,-6661.68205869554,-2.32028856488627,7.11629957840968,0.194703484053387
-3541.41329255833,222.969540901443,5889.82948689627,-6.53085475529915,-0.148048051595573,-3.91073459786571,-3541.51348068129,223.874633783067,5889.78976657577,6.4083777464712,1.6225171442996,3.79737386064947
121.588514470716,-947.788475158119,6925.58829882106,-7.55201378892358,-0.0173927983515527,0.127090395958804,121.804428536916,-947.759917822998,6925.59516127814,-7.28344726519943,-1.98229498804621,-0.146123680295913
703.037845683053,-1073.79640273065,7081.55102306715,-7.40485367927773,-0.108738457403938,0.717113611733215,702.052194054044,-1074.4360348899,7081.55962195972,-3.13204255659377,-6.71202872334357,-0.698599791441303
725.498638092976,-1073.45922741366,7079.35047879423,-7.40252474417303,-0.112223991814867,0.740102596480361,724.653861295968,-1074.0065351803,7079.35360319246,-3.13100962514169,-6.71352111430976,-0.688756364186565
-488.584666664593,-1053.6847702671,7087.74240926838,-7.43208729208002,0.0745713877009805,-0.501611866996033,-488.867476590677,-1053.55280788655,7087.7513610887,-4.75125104617779,5.74469571818395,0.606989016898694
355.013389749805,-1083.79345916213,7095.16566681473,-7.43886004910259,-0.0552671167563736,0.361810465678154,356.264847555152,-1083.73288593741,7095.30638187667,-7.42878565526812,-0.267247464442909,0.363463838353526
-447.807064739058,-1054.07329604419,7090.36050309384,-7.43486886192657,0.0683549245338016,-0.45979650624949,-448.111423161269,-1053.93262033617,7090.3773410998,-4.75258101877159,5.74072284488363,0.633713175045125
-7079.19951643008,-166.496583778675,1117.66520477744,-1.18528404843426,1.08502668011726,-7.28360825840692,-7079.42935113366,-166.677886986521,1115.78499170549,-1.03442680914666,-2.52320106696797,-6.95411845453631
-2049.10142902091,240.997751988162,-6796.73669991699,7.16502140286898,0.0763591958039833,-2.15351139461784,-2049.82082711291,241.623799425832,-6796.48878101247,1.23523302077353,-7.35011519210284,-0.606849133529878
2232.52926749522,953.844553900212,-6652.90856437718,7.1100900793738,-0.335368915798811,2.33913423857542,2233.49997305794,955.207967764694,-6652.4393830672,-2.31784341935162,7.11726116119741,0.188000635973008
6682.71023516227,-295.636367172058,2107.39737140201,-2.29425648133057,-0.997226220533828,7.10856389194655,6682.90112674164,-295.943433930723,2106.93601415171,1.12616858141034,8.90387607615271,1.93389925719843
6897.92516985956,-292.443309798099,1926.13500916981,-2.0371145427753,-1.07716132361727,7.09455987361183,6897.96529870374,-292.277132125957,1926.14442548955,1.93244893590432,-1.23258138673802,-7.07941187406071
-5967.3986652672,-130.877595458858,3826.97468518954,-4.0572995151508,0.215657132219432,-6.3059921349589,-5967.40645746211,-131.257371529386,3826.9000098099,3.89929003181567,-2.35779473089088,5.95154367156286
1057.20678081116,984.760304323899,-6923.65787871188,7.41451855507705,-0.160395290080689,1.12770377334457,1057.81147361371,984.750652881808,-6923.46899085052,7.42525668945197,-0.64750371406664,1.06843807339719
320.799154811976,-1056.98871297241,7073.24658895938,-7.45244295036462,-0.0492979203972305,0.329894711048913,320.003564439833,-1056.07348331352,7073.28038412721,1.04135640214361,7.30820287829697,1.03360601064397
2461.21859956247,1036.6663400772,-6694.42205133108,6.98097427430181,-0.387945523924673,2.50520549658248,2460.94358879712,1037.24543496309,-6694.32555849385,-4.76264641110125,-5.10519955853428,-2.65460159523804
-7185.16950994239,67.9718112602822,-449.952856402589,0.462352525917887,1.10966082622911,-7.34561408923866,-7184.92811847383,67.9731265402819,-449.626678603411,0.471557934110906,-1.15367392799073,-7.34329997732078
3574.3565819413,-857.049827704613,6036.20533034781,-6.48205318568799,-0.533042302766271,3.75420703792551,3574.39853137171,-856.583054620005,6036.27101593141,6.41840922543879,-0.619044583642161,-3.87339513479236
2763.36709342503,292.607439757,6223.01975228126,-6.99251249500903,0.145330078910715,3.09079039961546,2763.39533103835,292.748219700833,6223.04204400712,6.83994821145597,-1.67006956892687,-2.96633667467373
1314.64164990372,1063.36149893523,-6973.23037390678,7.3170924247539,-0.20565715815084,1.34863767206097,1313.97701690834,1064.06451999722,-6973.11172884555,-0.637573548423904,-7.28366729116319,-1.2721479663429
1060.93066467995,984.492314554541,-6921.78057761793,7.41513934686296,-0.161122305830154,1.13281640144739,1061.09902182552,984.480881464888,-6921.65692882425,7.42594693586664,-0.648161975291731,1.0730673103213
1227.58146787957,1002.24998377827,-6902.72842170802,7.37808350413101,-0.186609873300104,1.28522046268757,1228.81010280133,1000.77643267219,-6902.72244225236,-1.09403720737183,-7.26055468137541,-1.16915491426798
2784.41150760934,916.29028655719,-6445.97903665511,6.88792176075734,-0.415472935243373,2.92278611536279,2785.8544989292,915.438293236003,-6445.34559985761,6.84534972355645,-0.498781084941299,2.90771451385344
-7081.99169943897,-163.868038696876,1100.01725578198,-1.16671301699376,1.08547146480854,-7.28657456545061,-7082.22685290213,-164.053735587506,1098.09196179977,-1.01801655803025,-2.52281199775188,-6.95671297647068
-2219.63206870077,952.116366824269,-6444.74405913692,7.19527432083692,0.358079685760861,-2.4237818289187,-2219.65503753051,952.15477045295,-6444.68237328904,-1.20986504308201,-7.47059843150231,-0.679565997218477
2709.03285340225,-997.244724085848,6566.84960852742,-6.90332086222371,-0.421909876000953,2.7782641980934,2708.6261440922,-996.568195763124,6567.08313514496,3.19176469638967,6.71813454473152,-0.324923786658199
-500.585932065314,1086.00317067071,-7106.81898792771,7.40932973885582,0.0767209197511793,-0.502060713615118,-499.233618393156,1086.07656656104,-7107.00841543217,7.37876715335008,0.845887464481716,-0.422222988028177
2773.44799051836,917.065850958808,-6451.41421409836,6.89354994304288,-0.413325498196241,2.90766967951414,2774.1809608652,916.633416112158,-6451.09770657085,6.85148158960375,-0.496475616577212,2.89148632640342
1347.18478354095,-1039.62217565695,6954.07238020983,-7.32718625038413,-0.207139556899691,1.38555915852547,1346.18267329459,-1040.77057228936,6954.02805372645,0.861882982545819,-7.25194454686308,-1.23409056810799
-531.568135655054,1085.78015025202,-7105.36601291703,7.40613054046824,0.0818793644500741,-0.535818034794059,-529.97927900909,1085.86411620842,-7105.56297083624,7.37542264139085,0.85099587565207,-0.455652921488359
2806.61460075885,916.156823181403,-6437.14018433382,6.87907221125666,-0.418601072668953,2.94118240636298,2806.3720132297,916.571678674879,-6436.93822842831,-5.1554812831391,-4.63300386153207,-2.85743212292999
-681.807350038653,-992.23692321434,6962.04613568695,-7.47439705203453,0.101988914922639,-0.715603917572706,-681.274939102702,-992.373352603887,6961.72393335137,-5.80437398303006,4.75840400539315,0.0723068109328916
457.183251358891,1075.94039239875,-7103.0663756779,7.41751638631187,-0.0706110074945832,0.466152924036654,457.410760146853,1075.85438829808,-7103.04082388346,5.75003112336754,-4.7399636245991,-0.403293700716318
1042.91155380883,984.752123192314,-6923.60858613321,7.41887338581821,-0.158531741276945,1.11460292039252,1042.86004431463,984.739800376028,-6923.51784669955,7.42973456733749,-0.645539657981766,1.05463059192484
5422.11053630611,-652.347430166204,4490.3193290836,-4.82717458512511,-0.827081211537951,5.69305723675908,5421.93892108556,-653.088258323418,4490.25967522981,4.44022709234432,-2.05790625225905,-5.682525276177
-1713.29888276408,-1036.86588855181,6873.41564415625,-7.24423686926083,0.265810789943035,-1.76206131447817,-1712.86886050461,-1035.78949086662,6873.63519989929,5.33085203321652,-5.2105144807147,0.456672274502465
1819.00129939167,982.808963661054,-6773.60690870252,7.24074411248547,-0.276312280972171,1.90436156035951,1819.01715729427,983.163679430889,-6773.80217182882,-6.93521498519178,-1.8624092363554,-2.12822050501521
-1743.89725051045,-1035.72850839285,6865.88265571701,-7.23632488350229,0.270566738561335,-1.79359030251506,-1743.24688729188,-1034.08077396664,6866.26421724221,5.32533283188874,-5.21404416955809,0.480072024393252
1347.18629800251,-1039.62125831894,6954.07412546189,-7.32718443567089,-0.207139227824299,1.38555853073403,1346.19507023141,-1040.75656464304,6954.02861527604,0.861884797107193,-7.25194465209981,-1.23409002832105
330.894755135534,-1084.07273172196,7097.4622741447,-7.43870039099282,-0.0520652569698329,0.340871798053875,330.470359137121,-1084.02644532042,7096.98816300171,-7.32392810486355,-1.37810954869725,0.108675784218072
304.851808702446,-1084.29471129436,7098.90063792231,-7.43959529923739,-0.0479675694890414,0.314043533204498,304.644664320153,-1084.22776290396,7098.41451036102,-7.32470892160606,-1.37410487395558,0.0824565287288479
-2894.83562681627,-977.754865739386,6475.22685465268,-6.82565551850845,0.44959344774773,-2.9774434525407,-2895.27554886281,-978.390127099029,6475.02478222154,2.54115602152011,-7.0079603643353,0.0750702846357301
299.845994200738,-1084.30487428083,7098.97269304529,-7.43995471919692,-0.0471964527179523,0.308995276407765,299.48888327234,-1084.25187147757,7098.49225792081,-7.32505673213104,-1.37331569242768,0.077289977774429
915.580275554779,-256.877125149281,-6823.73439022429,7.52634497822586,0.0380147600833617,1.0098270540738,916.043734107112,-257.718153705177,-6823.65637004956,-4.00901967204977,-6.43944742449714,-0.29198066286958
-912.840544789283,928.52833491692,-6852.0117305503,7.47898137568754,0.133473359361036,-0.98495347493581,-912.552010657549,928.179888142896,-6852.0751860975,-1.51930711141756,-7.35307700866797,-0.790313776175493
686.159301860052,-1025.59615334211,6987.22600764043,-7.45333087353281,-0.10517047495072,0.716507115872291,686.018766701313,-1026.03947866007,6987.16333162054,6.12516003276532,-4.13930439271188,-1.19525552282249
7009.21542262245,138.283713216854,-975.565773407452,1.0369730460784,-1.04320144674421,7.35958602877738,7009.52494016181,138.39700138707,-974.091594059172,0.984921046462083,2.1415305756616,7.12577359814594
-2905.64066415074,980.262716926474,-6486.86028076534,6.80639147892981,0.450620566565086,-2.9819587541229,-2905.57192936269,980.061220599744,-6487.00699925341,-4.11160342026024,-6.13481418870562,0.947299619131406
756.364300598765,1053.50170954695,-7057.07268037326,7.40143760032776,-0.116024821381019,0.777210403634486,755.70268315163,1053.9248176988,-7057.12654091968,3.37277944884498,-6.59929901545541,-0.665323060894426
-4831.40326880335,-665.011508379357,4959.54102906048,-5.44565300844766,0.698807171430055,-5.21156996720365,-4831.41165368477,-665.084240501822,4959.55985108994,5.04289556883792,2.18500192170032,5.20384963227588
-536.780828279897,-960.06031275917,6895.45918141886,-7.54017691036619,0.0799625982775996,-0.574314410182425,-536.329668618618,-959.355468195612,6895.58234869245,3.22991861745311,-6.79543859848656,-0.679403157194332
-1717.66765224507,-1036.70460526779,6872.3523079422,-7.24311261592426,0.266489714992057,-1.76656341072014,-1717.23762718655,-1035.62869006337,6872.57082596467,5.33008187497254,-5.21101387405064,0.459983816208728
-2890.72036495523,-978.026582759598,6477.02059066088,-6.82754934952593,0.448953545134868,-2.97320305475173,-2891.15690190584,-978.655348153123,6476.82417847418,2.54185667140996,-7.00772174502664,0.0734889548130707
4115.2869448305,-224.914157406785,-5520.98780912534,6.09267407939431,0.184811061932849,4.53655929276948,4114.91463595449,-225.796734317027,-5521.19339580778,-3.62843257847882,6.04451117464505,-3.01442459649406
299.721361856134,-1084.30014416998,7098.94307787618,-7.43999592044777,-0.0471797719361739,0.308886123198935,298.969076111109,-1084.28299290412,7098.47272766963,-7.32511412419205,-1.37323896915422,0.0767877207894372
-5651.10280814073,610.012094881332,-4222.58219453601,4.51522194775741,0.85606962149244,-5.92581309952447,-5650.98350705395,610.041806433334,-4222.48232855624,-4.44420231668393,-2.10567200182234,5.65838198395522
-5947.41027189607,-608.650499010867,3971.97015695411,-4.18110360510402,0.93468819774431,-6.09963812503737,-5946.81702417924,-608.504719156474,3972.85760122951,-3.6014941179119,-2.83750600956676,-5.86744561101977
-1941.94550879935,-238.097033662527,6807.7177889289,-7.21591503490698,0.071831176760718,-2.0538035381931,-1942.32285082013,-238.582748936271,6807.61549658225,1.68493641632304,-7.3189764908502,0.206022380112437
-1717.67010670472,-1036.70480217002,6872.35157355341,-7.24311200406525,0.266490157630696,-1.7665658272589,-1717.27726982025,-1035.72526157383,6872.54299886082,5.33010647878386,-5.21099904844976,0.459885166651287
355.012920980171,-1083.79461869431,7095.16595921967,-7.43885952387472,-0.0552673842836414,0.361811843616327,356.296234558314,-1083.73252713806,7095.30723893931,-7.4287851301486,-0.267247732308448,0.363465183832753
1047.41555821545,984.687934422435,-6923.15880369066,7.41794073742661,-0.159180008730711,1.1191609903983,1047.83961223322,984.677206288315,-6922.99407698449,7.42872196302013,-0.646258536095278,1.05968511046069
6247.02201711899,-476.678589878284,3280.58256001712,-3.5293756983559,-0.953143132171319,6.55968327959567,6246.70272793133,-476.393882156325,3280.40302527203,3.31584570126867,-1.5599761741231,-6.57635471609192
1342.76622998072,-1039.74625326908,6954.90869027246,-7.32806560306289,-0.206458010726003,1.38100154716034,1341.67211908525,-1041.00173983307,6954.86463201215,0.861956779366326,-7.25200972524437,-1.23365478484843
-4978.31335124157,724.579757909047,-4983.41212249038,5.32955493537634,0.758695446089755,-5.21803596882317,-4978.09450908929,725.282018281335,-4983.31718749094,-4.79112147012122,2.50471365340599,5.19615496878124
1314.64202117632,1063.36137567376,-6973.23056095282,7.31709217292861,-0.205657176041238,1.34863798275127,1313.86722821653,1064.18868124121,-6973.11321879711,-0.637555478451441,-7.28365254532241,-1.2722446889766
-2890.71866893004,-978.025643567518,6477.02160792871,-6.82755004116425,0.448952813242278,-2.9732015252663,-2891.14330808542,-978.635633558438,6476.83455912459,2.54185597966141,-7.00772197459417,0.0734917141960197
559.927841461559,-1060.73178492236,7057.71481796267,-7.43722681220598,-0.0865256758621982,0.575707430071669,559.370770680296,-1059.63474989783,7057.90124227727,4.46577799276052,5.96764805674141,0.517643956929879
-4115.05481056988,196.604411810286,-5793.25053685542,6.09449704283052,0.147002709105116,-4.3316479563695,-4115.58150270026,196.793485356627,-5792.79301038898,5.17616897027835,-3.83839934154591,-3.74182867775275
1818.99680750986,982.809165156304,-6773.60377604684,7.24074938203557,-0.276312105272743,1.90435906875725,1819.01750879465,983.13683695921,-6773.80542839927,-6.93520971575715,-1.86240867806221,-2.12822314678343
1026.39189748864,985.40130577726,-6928.16929923511,7.41949295298111,-0.155799207107058,1.09539047393589,1027.49813344744,985.393790022668,-6927.90565468144,7.43020210425999,-0.642970623782328,1.03656768078956
-2901.51339978413,980.534336973638,-6488.66493738592,6.80829252937291,0.449978905329096,-2.97771589189664,-2901.46953310776,980.38372967073,-6488.79561758266,-4.11275989970348,-6.13442995477908,0.94475897382163
-682.869237982738,-1055.54428001499,7047.01612552181,-7.42684322808533,0.105103562219709,-0.701688825801259,-683.240760490566,-1055.47696233337,7046.87640302958,-7.17912838758813,2.0799210361073,-0.408904932985164
6682.70633776418,-295.637069543566,2107.39901566608,-2.29425612474967,-0.997228288452201,7.10856728802727,6682.92865922481,-296.030496673669,2106.79320504666,1.12629456603684,8.90388416677914,1.93384051386951
-1933.38351173963,-238.18428892102,6810.15670315686,-7.21848445119526,0.0715149546409515,-2.04474529365821,-1933.80685660105,-238.732100161274,6810.03258986994,1.68555026820246,-7.31889895685572,0.203800961306887
760.931349327798,1053.43390974425,-7056.62088963744,7.40093049136315,-0.116687308882997,0.781648439612534,759.538359492842,1054.30953965138,-7056.66596333483,3.37265833280174,-6.59946361921305,-0.664220281827698
-2358.19395023496,-1019.65139233625,6697.26045478927,-7.04055187640132,0.36814327248563,-2.41802518087539,-2358.47889662547,-1019.02853039715,6697.28885888024,4.46467662665354,5.40937067372144,2.4539722864947
-4393.24456130381,849.636425344593,-5608.33105071644,5.88642492306307,0.68326808290867,-4.51014513378328,-4393.14470624177,849.602480960447,-5608.17245141439,-2.7270166694056,-8.51071416748253,-1.05482299712628
420.248710291127,1086.51610860639,-7093.83805625664,7.42323042414628,-0.0658128023108,0.429688593522223,420.231563466196,1085.84058212175,-7093.8618677785,-7.43524739821906,0.339857852989315,-0.379396765709496
-5393.52346204756,199.854136876574,4151.27583060059,-4.68076901128451,-0.291140651292862,-6.04742303888441,-5393.51424069972,200.55344740217,4151.33333735509,4.56613865795555,-1.402213183301,5.98100336585182
756.365967544315,1053.50091916794,-7057.07198865319,7.40143796301306,-0.116025016635666,0.777212223073358,755.699780485873,1053.92699266181,-7057.1264147434,3.37277981170995,-6.59929934820194,-0.665320623999465
-6035.57665329633,-577.557026078741,3817.17694940596,-4.02866045728553,0.939400190453218,-6.20865334583287,-6035.45879040439,-577.731056891609,3817.11371752733,3.80279547300479,1.72684431021432,6.22176183119889
2809.02053312914,914.810785683569,-6435.56546953574,6.87670870047858,-0.419111276008738,2.94837873994923,2810.21986847479,914.098500843801,-6435.02468842036,6.83430773546609,-0.502345097901252,2.93278423559031
-6033.14610443991,-578.123941124013,3820.92326335376,-4.03259832217081,0.93902282691425,-6.20615841775794,-6033.039301846,-578.171258297642,3820.85888452898,3.80650518079195,1.72720326658146,6.21938864810042
-2901.51694309722,980.534279544991,-6488.66347460203,6.80829111223934,0.449979527878884,-2.97771952395946,-2901.43388505284,980.301260481343,-6488.8233766027,-4.11276131677543,-6.13442942939707,0.944755179429418
-6033.14521781068,-578.124090272902,3820.92360068657,-4.03260194325859,0.939022776511695,-6.20615703034087,-6033.03062904937,-578.258555371929,3820.85983766384,3.80650155971267,1.72720290428072,6.21939005533408
420.249689937247,1086.51592547689,-7093.83850799848,7.42322990479631,-0.0658129320422251,0.429689542809561,420.232511228781,1085.83987950123,-7093.86199443992,-7.43524791756808,0.339857695231531,-0.379395830488224
-1937.66535113464,-238.142042835778,6808.9414802636,-7.2171975754296,0.0716734908659329,-2.04927593693605,-1938.09034802173,-238.691795034636,6808.81749194895,1.68526097536491,-7.31893604395058,0.204861252914878
-6033.1465637477,-578.12439917642,3820.92333702159,-4.03259756913955,0.939023549492332,-6.20615839603971,-6033.03517942693,-578.219734447585,3820.8591135352,3.80650593384253,1.72720256837155,6.21938875994994
-4698.5273359125,825.383606473119,-5376.86141898885,5.62940097496737,0.738259249489517,-4.80928871523557,-4698.47533819001,825.917755424478,-5376.91019301254,-5.02577940997992,2.64720030000487,4.73705813837981
6249.10801637538,-476.113851465641,3276.70103022336,-3.5252121884088,-0.953459259342727,6.56186913159579,6248.78761427194,-475.821225161199,3276.52081973178,3.31189402554466,-1.55967706164146,-6.57842290585075
0.129081571042117,-1015.7330394323,6992.12978530775,-7.50901582784998,-8.15604179001607e-06,5.61409036385402e-05,0.574327361232791,-1015.07645755745,6992.224828986,2.83889298122044,-6.87425942564084,-0.987427187679853
-1598.86011509809,-1049.57886452059,6899.1184452111,-7.27229377439617,0.250116944378612,-1.64406892026438,-1600.414834989,-1050.22367313672,6898.68404634165,-4.88874741822458,-5.24872570778118,-2.01249946001822
828.008714385937,-992.524122542318,6946.08516312612,-7.45784816260686,-0.12419858200066,0.869188364046734,829.183923840389,-991.564706030486,6945.98863627319,-1.7831639022239,-7.24501115376162,-0.8182443060436
2893.11388295724,991.43106245245,-6525.80610977654,6.80213301114485,-0.448248585053655,2.95045610904859,2893.35676375547,992.406383017954,-6525.79699977386,-6.36704121492647,2.88124439562831,-2.40447411426815
-6033.14541343644,-578.124482307068,3820.9264592193,-4.0326007949495,0.939022575956876,-6.20615613601117,-6033.01526083411,-578.428824009022,3820.86365284182,3.80650270801888,1.72720283232241,6.21939094157604
3026.25114688041,864.881042575565,-6264.30587998757,6.79878609330453,-0.444045177246408,3.21619361799789,3026.10578020629,865.393081566207,-6264.30635302133,-5.5439445861816,-3.9540306660564,-3.18444554480803
-4110.79418351784,196.685865982705,-5795.72637946787,6.09711398486311,0.146903374572737,-4.32877743891876,-4111.33348272179,196.879166695665,-5795.25975278557,5.17830939965261,-3.8384721699153,-3.73972978433076
3134.87921332517,998.61011656114,-6418.92543471787,6.68668612339742,-0.49631909041522,3.19025926332487,3133.99329997308,998.028751175977,-6419.42825192359,2.54706532217757,6.59385250639205,2.28608375842748
-747.727249761365,1069.51985270176,-7068.8917988795,7.39577326495143,0.11638147546848,-0.769209657285359,-749.308786833557,1069.34839550418,-7068.76648748597,7.27816006924607,1.3874704656632,-0.514422554222494
6515.55403621361,-465.387104897434,3037.47286244198,-3.1830933646239,-1.01855070672209,6.64783501824876,6515.65109597501,-465.452190921919,3037.01544507522,-2.48578953215775,4.13773387932904,6.06210753896048
6519.42046592527,-464.147365532453,3029.38404859641,-3.17464181130074,-1.01915258029973,6.65176919477554,6519.5077384772,-464.209474080575,3028.94159387428,-2.47913808278359,4.13727092277164,6.06513381937833
-6033.14462716345,-578.124380281248,3820.92535369141,-4.03260153755289,0.939022751843411,-6.20615659878464,-6033.03352747333,-578.206429104609,3820.86046699318,3.80650196534406,1.72720280082429,6.21939049190639
-6035.57768224716,-577.557174181031,3817.17669614547,-4.02865686384134,0.939400674428129,-6.20865454154601,-6035.4615232988,-577.695256295986,3817.11226050084,3.80279906645876,1.72684420071192,6.2217606730622
-699.483158394065,-991.992289439611,6960.33336469447,-7.47254974145777,0.104640626105321,-0.734210011760733,-698.387208287652,-992.335854133174,6960.04281677607,-5.8029005647528,4.76037930182013,0.0584467132286084
-699.483770580651,-991.992280937628,6960.33330403837,-7.47254967714067,0.104640717483246,-0.734210654518503,-698.38778318552,-992.335858783311,6960.04275482544,-5.80290050052646,4.760379393226,0.0584460704993236
-470.407704180536,-1053.86212470741,7088.93640367222,-7.43335816375647,0.0718013153563205,-0.482978763278867,-470.743696987944,-1053.70579664446,7088.94947851453,-4.75186411554421,5.74292559972322,0.618896031909028
-3208.12312574558,989.191885635948,-6383.78464644563,6.65002286266377,0.50596187396764,-3.26523254753149,-3208.17618168189,988.948889058438,-6383.74421867033,-5.21559282218555,4.17734969570281,3.23013662551545
-6033.14683505864,-578.124173281101,3820.92472734268,-4.03259839861298,0.939022696737359,-6.20615744186447,-6033.01481665849,-578.443249711103,3820.86167852006,3.80650510442172,1.72720310258475,6.21938962621286
6249.10939706573,-476.114620814529,3276.69918534093,-3.52520852137756,-0.95346148572456,6.56187015891217,6248.78297848814,-475.832913558487,3276.51634821296,3.31189769281849,-1.55967521369964,-6.57842206638462
-522.687797686518,1085.85372946606,-7105.85574533154,7.40699439691169,0.0804158023349214,-0.52624109964245,-521.135734802307,1085.9360286229,-7106.05178666047,7.37633210721483,0.849538047805838,-0.446113554046926
-4956.08379408422,727.728652337517,-5005.06202600727,5.35271120955717,0.755313810665041,-5.1947708208489,-4955.96762770376,727.80100975699,-5004.96038385646,-4.8122207059941,2.50776789310672,5.17514249393003
-6033.14624679693,-578.124525929185,3820.92715416384,-4.03259778955486,0.939022575948049,-6.20615679622157,-6033.01418328502,-578.44067989997,3820.86389150385,3.8065057134132,1.72720302790551,6.21939026896314
-2897.39102404247,980.80643825061,-6490.46562523952,6.81018735499043,0.449338347461711,-2.97347705733909,-2897.27006892868,980.493651532292,-6490.65406223033,-4.11387791103066,-6.13405864112992,0.942301787008971
-457.061448764111,-1053.99228943183,7089.80385248644,-7.43424147040029,0.0697634387985755,-0.469270248955161,-457.446498346061,-1053.81213872001,7089.81379050856,-4.75226896846999,5.74163669405096,0.627566353156105
-686.639743507964,-1055.52025372319,7046.86760566445,-7.4262151092579,0.105732751853895,-0.705890592800244,-687.23618472484,-1055.42412151409,7046.72379810098,-7.17846995416674,2.0805752135173,-0.413273530969205
3112.73162580093,977.744187153961,-6405.64926516329,6.70451151106248,-0.485929964564719,3.18353917391876,3112.10094160085,977.551169126497,-6405.99660615176,5.30284473814651,4.10097816127138,3.17966151135517
7024.4381167091,-120.612863180359,842.144952829359,-0.912182941898259,-1.05652366484883,7.37687161237099,7024.60441428846,-121.647971461071,841.943634219135,0.890085490811979,2.06111009430827,-7.16413698770421
-683.489862690232,-1055.49997339921,7046.72539919601,-7.42704857905003,0.105164079507577,-0.702093344315835,-684.132738579223,-1055.39666968285,7046.57244154019,-7.17930482302813,2.08002249773423,-0.409582804350102
-4110.79160291113,196.687250087186,-5795.72773109494,6.09711615893487,0.146904291346819,-4.32877499414146,-4111.34002339346,196.88359294454,-5795.25474859895,5.17831157401759,-3.83847138910293,-3.73972825887375
3252.29922964446,962.851098286137,-6322.75929609516,6.63612785404205,-0.508082980291168,3.33642054391095,3252.24415841566,962.753381261066,-6322.80688155408,-3.2888545018611,6.92152738115387,-0.434026392043251
7012.90482886026,134.568365193383,-949.354437229154,1.00888935275957,-1.04374116688944,7.36339172413147,7013.26011896394,134.710513495125,-947.49512629434,0.959003231839516,2.14101015358038,7.12944325512791
-535.301466447884,1085.39318073371,-7102.80646626423,7.40694405552319,0.085068829261113,-0.556687948515251,-534.36551395865,1085.44923860587,-7102.98514025455,7.37607178971281,0.854173182553789,-0.477105131456622
6523.28012771611,-462.906636787634,3021.28623454169,-3.16617626404743,-1.0197540654594,6.65569527888981,6523.36766844142,-462.969715021253,3020.83596724874,-2.4723832920767,4.13680164221968,6.06819694232045
3252.302701981,962.851050113743,-6322.75920634511,6.63612498838648,-0.508083296560596,3.3364227477109,3252.27845628461,962.808476209522,-6322.7792754273,-3.28885736751227,6.92152704458596,-0.434024227899337
3252.30076675317,962.851262657306,-6322.75847282079,6.63612705331511,-0.5080833707345,3.33642210789892,3252.272618526,962.801039835853,-6322.78334131912,-3.28885530259323,6.92152715940923,-0.434024495340988
-6033.14787932109,-578.124272348382,3820.92498641871,-4.03259455029059,0.939022960634017,-6.20615854377924,-6033.01610988651,-578.428546747647,3820.86115573427,3.80650895274595,1.72720317615973,6.2193885363616
303.453690591615,-1084.24017148586,7098.55894083429,-7.44006859485396,-0.0477788013850622,0.312808351743296,302.039330085471,-1084.28352013692,7098.10824886767,-7.32523158371942,-1.37372340754657,0.0799596859056844
-686.638455527114,-1055.51938684178,7046.86634700477,-7.42621651943614,0.105732628186934,-0.705890217789207,-686.752924583908,-1055.48973495827,7046.76330704064,-7.17851932444423,2.08050139204539,-0.412781138039939
6521.35223278985,-463.527058317269,3025.33558580777,-3.1704078261563,-1.01945354011139,6.65373381141753,6521.44229187725,-463.591034356481,3024.8801984818,-2.47566881288044,4.13702966949827,6.0667086676442
-710.402722998184,939.843013732027,-6911.64134181003,7.49205194582707,0.103867703304939,-0.763843959121772,-710.945789861069,939.476123628531,-6911.62285198386,2.95152431838502,6.89526451082735,0.636179106869253
6521.35285525522,-463.527247012918,3025.33445895543,-3.17040622835686,-1.01945440714261,6.65373428472573,6521.4468507611,-463.592665472984,3024.87105950463,-2.47566721501778,4.13702887095121,6.06670974267182
-3208.12067048696,989.192097451685,-6383.78588031703,6.65002394394431,0.505961487467135,-3.26522997877094,-3208.20464070765,988.849132617848,-6383.74542094789,-5.21559174072304,4.177349288761,3.23013920573054
-6938.86987278061,-84.3561180238584,626.616015638864,-0.703068657619724,1.00456972921021,-7.4621646699487,-6938.86543172128,-84.5672882915146,626.616203463073,0.679969005844935,1.04692794967885,7.45947112197174
1763.05754769522,-940.427257886055,6701.23483303591,-7.30540457829555,-0.263950773090057,1.88083547921985,1763.27950141085,-941.019229612112,6700.96805389153,5.12818496778534,5.50667575360233,-0.579500573426049
6249.10834287996,-476.114870082122,3276.70192540389,-3.52521102385935,-0.953460967126352,6.56186863780406,6248.77383668865,-475.851132087566,3276.51570914102,3.31189519002568,-1.55967527985902,-6.57842356067706
1763.05915647047,-940.427533934207,6701.23399281244,-7.30540430782291,-0.263951157099019,1.88083743255498,1763.34799934137,-941.180209695135,6700.92831542023,5.12821045036624,5.50666206234673,-0.579402456900747
3159.25937449552,996.786296925365,-6407.20419798286,6.67441579556447,-0.500219745597835,3.21533309229295,3158.83126126405,996.503307507168,-6407.46313169901,2.54206055421394,6.59227254955016,2.29623952762108
-4334.17276453317,252.617462203511,5243.67521113559,-5.90731362335048,-0.234056124740231,-4.8583755055465,-4333.53803334713,253.623904692147,5244.18662329085,0.870526374065875,-7.52659999108168,1.08090369565555
1763.05666117309,-940.427545888011,6701.23431263546,-7.30540518115008,-0.263950821934301,1.88083510314219,1763.30504602457,-941.084046917538,6700.94975016163,5.12820957706905,5.50666238629997,-0.57940481419518
2814.78419836648,915.659120166012,-6433.64440050001,6.87532264277545,-0.419821717744073,2.94975948317654,2814.53362822306,916.093040810613,-6433.44038097716,-5.15275285427311,-4.63209411661698,-2.86382458609154
1347.18673145869,-1039.6207168462,6954.07203645403,-7.32718599056195,-0.207139605763791,1.38556136639519,1345.97912722504,-1041.00927925567,6954.03119777329,0.861826790010798,-7.25190155103447,-1.23437836799505
2760.08741776531,917.778767017883,-6456.41390863647,6.89895077864218,-0.411753217550552,2.89660210715507,2760.63466153203,917.457797316621,-6456.19055770463,6.85689861431126,-0.494870927784219,2.88019079520761
5455.16249332126,693.757057055886,-4607.77143599648,4.83593078248309,-0.843606949205439,5.60302832561344,5455.18972571572,693.237254922829,-4607.93456306457,-4.73279572424379,2.08995449191393,-5.34212535172195
-6033.14768496161,-578.124190123514,3820.92415854758,-4.03259540611298,0.939023042389114,-6.20615862298304,-6033.0153456036,-578.420331700107,3820.85945242011,3.80650809694004,1.72720312112352,6.2193884658269
-6434.08764194421,-466.79810565703,3119.25653249137,-3.29297124358189,0.990804339447009,-6.62078367471956,-6433.91246946433,-466.697038268395,3119.19147842175,3.29383333037205,-2.06110150455231,6.37423328030039
-714.785095610459,939.782565916089,-6911.19815426041,7.49156453946711,0.104503626318281,-0.768520690180151,-715.239862073566,939.474430795628,-6911.17833487028,2.95134471298694,6.89550263147325,0.634427841666215
6523.27971601653,-462.906864628414,3021.28856423496,-3.1661765351141,-1.01975365414937,6.65569444806395,6523.3807419552,-462.975408100385,3020.80623490313,-2.47229301073485,4.13679560323722,6.0682378361386
6525.20496373227,-462.285547967286,3017.23847828412,-3.16194384150174,-1.02005206733508,6.65765340277969,6525.30038753257,-462.352248950421,3016.7659058701,-2.4689160798688,4.13656303190763,6.06976476222342
-747.332641312102,1069.48517362872,-7068.65876531845,7.3959799363549,0.116495957187404,-0.769965903260467,-749.041416579776,1069.30213390061,-7068.53443423861,7.27835319766324,1.38760070212214,-0.515282962615632
-4698.52573378916,825.385327056284,-5376.86373467461,5.62940221538743,0.738260037704051,-4.8092858901131,-4698.46560602073,825.96228422901,-5376.91199435244,-5.02577816966589,2.64719872010392,4.7370614369928
-5370.22743301022,-647.263221512802,4552.82092213338,-4.89205873375819,0.801958848816403,-5.64093152942052,-5370.16016825269,-647.246268637446,4552.76223513464,4.58282434121465,2.1170464412199,5.598699782421
-1394.19269141715,1053.20578843231,-6959.24974717527,7.30116793692272,0.2165873565821,-1.43113522395788,-1394.3982859916,1052.24930527531,-6959.43430368442,-6.74952234941371,2.63805337843202,1.67173135980331
-664.735420434199,-1055.89236758566,7049.35916031373,-7.4277123645532,0.102669065923696,-0.685437619006153,-664.999451802159,-1055.84364193409,7049.25376991606,-7.17991567956841,2.07756421803009,-0.393172327040064
6527.12953499047,-461.66481988525,3013.18561067757,-3.15770500046372,-1.02035242193918,6.65961042966629,6527.22218261618,-461.730942134331,3012.7150436153,-2.4655332751129,4.13632863065087,6.07129198529133
-4698.52776186509,825.385043625102,-5376.86225575183,5.6294003599879,0.73826027410762,-4.80928776379685,-4698.46698945246,825.965196698676,-5376.91043498384,-5.02578002500273,2.64719905455142,4.73705954378773
-6033.14806213462,-578.124407237225,3820.92465201104,-4.03259484905416,0.939023247472102,-6.20615844886932,-6033.00886684183,-578.488494157947,3820.85993048154,3.80650865401623,1.72720287333459,6.21938866868661
4529.27962059584,244.68867317079,5075.79203878192,-5.72043321272251,0.244792312809149,5.07792695312704,4528.39845710087,245.453605899432,5076.50439215017,-2.45783191282135,7.00901560390709,1.8501881403971
-6777.15662371287,-72.7930742256417,2106.2299190197,-2.23148697380003,0.247184129260157,-7.15213869299283,-6777.13713526736,-72.5113830515005,2106.27152815022,2.16880379786433,-2.12518903139903,6.84771535242318
1767.31161030796,-940.273367834594,6700.13732251526,-7.30420669680233,-0.264589271592781,1.88538497717872,1767.57349833801,-940.962930568072,6699.84385656727,5.1273706867069,5.50710957722711,-0.58259172849473
-6777.15718022775,-72.7931082241469,2106.23008743666,-2.23148721443359,0.247184215246071,-7.15213841241448,-6777.13581626551,-72.3823755579851,2106.29297410523,2.1687080676231,-2.12519015815287,6.84774527780666
-6033.14878345346,-578.124161853096,3820.92420493241,-4.03259374804668,0.939023028597656,-6.2061589114496,-6033.00668908978,-578.520667481283,3820.85971082707,3.80650975505611,1.72720321958375,6.21938817025503
-742.974553951277,1069.56768992903,-7069.20326293822,7.39639559542089,0.115761063600073,-0.765108620770074,-744.676582441005,1069.38475386068,-7069.07654187867,7.27873117883852,1.38687656382189,-0.510496775683177
4748.48625115166,-800.549312120694,5302.02135453404,-5.59100910456724,-0.737442062140743,4.88405156190437,4748.31800462354,-801.771535489756,5302.08053626244,5.02241335103805,-2.66746038740007,-4.80208021718344
-2893.26372624187,981.078557479814,-6492.26463774824,6.81208174650906,0.448697225774669,-2.9692336618299,-2893.12004743609,980.716826313305,-6492.47212205691,-4.11503248107203,-6.13367409833364,0.939756564284771
359.523572566731,-1083.76152054437,7094.94489007985,-7.43862706987094,-0.0559731482996819,0.366431952899719,360.840979161777,-1083.69761504419,7095.08299407025,-7.42852653379774,-0.26796762058159,0.368177738440839
-1214.91330943778,950.000736243063,-6837.57679941932,7.41607913059347,0.179650097903845,-1.29301613303418,-1214.88720552358,950.520879686672,-6837.33179241553,-7.56952768714774,-0.207448645424717,1.12540398877604
-751.871061869275,1069.41760503822,-7068.21028411598,7.39547352070865,0.117180744779839,-0.774491723862192,-753.478655045043,1069.24522181503,-7068.09219188204,7.27789636005509,1.38825944687687,-0.519636671152825
-2889.13783090665,981.351283100735,-6494.05990565701,6.81397207865526,0.448056826695667,-2.9649915156972,-2889.03690798016,981.078976746975,-6494.23648481166,-4.11622706115209,-6.13327555763908,0.937116530287911
-6778.48299694392,-72.6456775049682,2101.9728636172,-2.22699142389505,0.247231476911262,-7.15353520167545,-6778.4530860399,-72.2229058561848,2102.03511338696,2.16445498627941,-2.1252352986417,6.84907977394226
-6432.10132958773,-467.39599367452,3123.25178301888,-3.29717062073285,0.990499042204859,-6.61874363993911,-6431.927061624,-467.307330743669,3123.18413661684,3.29799238730383,-2.06079382098294,6.37217728512371
-6779.8048239609,-72.4985737756906,2097.71664773662,-2.22249678159222,0.247279620348604,-7.15492880022939,-6779.77556058125,-72.2150245966232,2097.75552484551,2.160103532976,-2.12528233039316,6.85044125384573
-6779.80547404433,-72.4987988528503,2097.71468272646,-2.22249381461896,0.247280638664425,-7.15492935111766,-6779.77750130481,-72.2342825133431,2097.75073950984,2.16010649995433,-2.12528326596542,6.85044037196555
-6779.8053627558,-72.4986973323594,2097.71595502785,-2.22249460621906,0.24728012423722,-7.15492882406214,-6779.77751679201,-72.2298916215813,2097.75277809932,2.16010570834751,-2.12528281012907,6.85044106338681
6529.04928705916,-461.044824421777,3009.13545530754,-3.15347000892269,-1.02065275512754,6.6615627195843,6529.14564703245,-461.112991362101,3008.65153871875,-2.46215459342373,4.13609423018136,6.07281553537771
-6434.09044750797,-466.79769510264,3119.25424649425,-3.29296423394917,0.990804450188138,-6.62078538946834,-6433.91511027362,-466.703147761744,3119.18757766727,3.29384034017312,-2.06110111490161,6.37423163097253
-6779.80495594306,-72.4985368444216,2097.71627173526,-2.22249559873608,0.247279541668724,-7.15492888627596,-6779.77691535751,-72.2772741325293,2097.74497992181,2.1601047158111,-2.12528224946957,6.8504411948466
-2123.21532955237,-923.648771115184,6598.31724895618,-7.19365964797509,0.317107528259969,-2.2653284335059,-2123.65950109408,-922.567643456595,6598.28108039909,4.76964510334959,5.38415199236513,2.27901658177108
-1937.66465967154,-238.141859636259,6808.93960918818,-7.21720012613116,0.0716734144148739,-2.04927476395778,-1938.09243193399,-238.694785361527,6808.81617692083,1.68525842467266,-7.31893608146662,0.204862553554795
1301.42560008511,1063.73139452881,-6975.66575266792,7.31967564018836,-0.203546083450357,1.33479573517932,1300.6348964236,1064.57372313169,-6975.53988371111,-0.637697148430513,-7.28377728943286,-1.27142702529381
702.521748531851,-1073.81937626436,7081.70751528103,-7.40476752631751,-0.108700028818285,0.716860690920779,701.415723208511,-1074.5422796671,7081.74116669904,-3.13193602215062,-6.71192379657727,-0.698624527844114
-6434.0898247868,-466.798122562304,3119.25489941527,-3.29296578150401,0.990805066500049,-6.62078482977433,-6433.91315772724,-466.695630432329,3119.18942239622,3.29383879257316,-2.0611018422537,6.37423187512658
-6779.80427928455,-72.4989550492076,2097.71704229228,-2.22249664437455,0.247280872657438,-7.15492875240569,-6779.77733062145,-72.2937805276307,2097.74336680611,2.16010367016113,-2.12528352967536,6.85044088637467
-255.629737443473,-1072.44545394485,7073.66341628847,-7.45503909456234,0.0400162491928678,-0.263939202545925,-256.28070699712,-1072.37306705145,7073.69164428069,-7.24704968187578,1.81497070672414,-0.0190994003617146
397.659658942218,1076.6595036752,-7096.64227595432,7.42458588562148,-0.0617092302472294,0.406745738341383,396.35281863497,1076.99557195081,-7096.69673939917,6.54407471304319,-3.57969466474172,-0.17338295844192
6225.35648045336,116.14915528188,2929.52571684946,-3.25512568833191,0.272641766794917,6.87658903142895,6225.04895303968,118.047551460361,2929.87092841141,2.78899814941375,3.61623729303671,-6.12626397936763
-6033.14796498204,-578.125081660847,3820.92638126159,-4.03259328675734,0.939023883051766,-6.20615821606061,-6033.00938993627,-578.465391608497,3820.86054277633,3.80651021626236,1.72720219651587,6.21938898476011
-6781.12515304987,-72.351488366775,2093.45891955904,-2.21799955266163,0.24732790095751,-7.15631938941429,-6781.09411561134,-72.0862222239759,2093.49415880755,2.15575293583528,-2.12532950458918,6.85180010727483
1527.76899801118,-1060.32790367119,6952.59182049999,-7.27155509362949,-0.237677762127375,1.55845224928093,1527.40438390874,-1060.79744964681,6952.50136798211,2.15778664879932,-6.9663169593171,-1.52234114532777
-255.625552003409,-1072.44417222237,7073.66247192108,-7.45504063920043,0.040015538623646,-0.263934784957926,-256.311864681324,-1072.36774991001,7073.69146905161,-7.24705122687814,1.81497003481134,-0.0190952621644227
-1738.35568267001,1059.91498858072,-6919.7518537021,7.20519915321277,0.270915144650189,-1.76868793436742,-1737.3353545248,1061.61133930161,-6919.72856087362,-3.23427000414284,6.50193227739455,1.73856312210209
-6434.08913650796,-466.798077697241,3119.25640425052,-3.29296707981751,0.990804400659286,-6.62078420899274,-6433.91357519047,-466.704321358215,3119.18943607527,3.29383749417151,-2.06110140762243,6.37423275439539
7074.4131477192,190.239646449205,-1244.0881987235,1.29707822404283,-1.10869779385261,7.2504175279555,7074.34678747505,190.175266332135,-1244.08525692198,-1.31100978790783,0.915068520657367,-7.29272709424061
-2518.65067064754,1007.47914047673,-6670.0068731243,6.96283617570453,0.387965272606313,-2.56851195017913,-2518.70872387329,1007.32091531475,-6670.00058132745,-4.89599735045723,4.94996896146716,2.73684574087639
-2922.19802044339,979.162500204028,-6479.60024553268,6.79881654628128,0.453160077916311,-2.99877339117154,-2921.62610043085,977.91347652306,-6480.10405124795,-4.10664606429337,-6.1364576261847,0.958181020953831
-260.124935201772,-1072.42187814084,7073.50792301938,-7.45486493085716,0.0407188065549038,-0.268573129220865,-260.921327447352,-1072.33122065003,7073.52729460421,-7.24685684882597,1.81566865164778,-0.0237029076989533
-1973.75765816631,-911.260021075633,6650.26570507238,-7.23766179334481,0.290866762424876,-2.12270233150046,-1973.82366874947,-911.116112324182,6650.26011781902,4.38173598199507,5.78432672872663,2.09291851463197
-260.1221147967,-1072.42168581734,7073.50413760345,-7.45486895451304,0.0407183392014454,-0.268569943950496,-260.893443804598,-1072.33457850483,7073.52795248514,-7.24686087279261,1.81566817136483,-0.0236996288203343
-2518.65288562975,1007.48039574309,-6670.00451580138,6.96283629241539,0.387966372349265,-2.56851512988919,-2518.71253067432,1007.31928300232,-6669.99929917744,-4.89599723376491,4.94996880807515,2.73684363866402
742.910365493636,1053.70928505954,-7058.47491616453,7.40290557184643,-0.113958279544881,0.763368614743574,742.739342764674,1053.82582007312,-7058.5212844745,3.37331776878715,-6.59842772062125,-0.671159227987937
6682.70008123174,-295.636573956748,2107.39283593624,-2.29424303537582,-0.997231368736814,7.10858031960248,6682.89999358924,-295.918277061289,2106.98596972774,1.12608674182144,8.90387717331858,1.93388952083666
6824.9162028745,283.404227012199,-1959.66534634122,2.07306715586718,-1.02946726998049,7.11848774229651,6824.93527160226,283.70644094606,-1959.6746584921,-1.96758010485415,-1.21371924311407,-7.13531010647597
2798.58700993603,291.872367675712,6207.28858748714,-6.97488878305919,0.147189541143452,3.13028690372023,2798.64871628889,292.306214044072,6207.29872456836,6.82261559397471,-1.6718879691618,-3.0049605836401
1527.77091584252,-1060.32843386395,6952.59332027856,-7.2715531916501,-0.237677700868786,1.55845140843465,1527.41223313104,-1060.78836615189,6952.50002500052,2.1577885507092,-6.96631676760024,-1.52234227123973
1527.76989408808,-1060.32853137142,6952.59348478332,-7.2715534614863,-0.23767757239794,1.55845045696923,1527.4076468174,-1060.79369066743,6952.50069560718,2.15778828091908,-6.96631660770482,-1.52234329123465
-3407.56592153792,936.548650180052,-6244.2833181595,6.55122992614899,0.52472193249218,-3.49848589340042,-3406.98084826384,934.794471305786,-6244.8016648955,-5.12128340825566,-5.01228356785723,2.06462906777646
-3411.67040155076,-869.985071904049,6127.86253651317,-6.57980501012679,0.508695845788599,-3.58305916770128,-3411.84950162934,-870.316005238165,6127.88911152172,4.93841500674396,-5.27524935341382,2.016707272665
1351.60480461173,-1039.49692217889,6953.2370979359,-7.3263003544732,-0.207820351440449,1.39011351485507,1350.45938644348,-1040.81178542647,6953.19258948704,0.8617559814308,-7.25183563507785,-1.2348190746646
-2918.0835455375,979.437314410254,-6481.41458435214,6.80072255051917,0.452520842722401,-2.99454131534141,-2917.38536388228,977.924067039613,-6482.01051260924,-4.10773385368293,-6.13610047441597,0.955816312616691
-500.172160976132,1086.0827659579,-7107.34017988897,7.40875021685884,0.0768633224033052,-0.502992634327885,-498.593073399493,1086.16576145839,-7107.53509267917,7.3782038323078,0.846000016064668,-0.422959566905522
-2885.201419625,981.613069003126,-6495.78281006911,6.81598567018722,0.447368719793624,-2.96043368864414,-2885.22125506727,981.554642329834,-6495.93717596091,-4.11719730948215,-6.13285810732941,0.935020649379271
-264.619790192981,-1072.39652660092,7073.34244081094,-7.45469545296868,0.0414212106968161,-0.273206111921638,-265.570265115815,-1072.28756966733,7073.36014306018,-7.24666496188103,1.81638142951814,-0.0284043237435096
-451.628885302844,-1054.05522784993,7090.23328033341,-7.43453123643453,0.068875532054296,-0.463298051257571,-451.992468000612,-1053.88710729391,7090.25300572604,-4.75236919625068,5.74094919745206,0.631510678220721
-5347.06666076142,621.851853654189,-4483.05825407199,4.85939892246598,0.792781482357486,-5.71531309875287,-5347.06393522289,621.655705329716,-4483.10504295283,-4.78228148745143,-2.0324695516878,5.56705732240996
4653.75128910158,-236.786644877612,-4982.4699941215,5.58185467313136,0.247437630474435,5.206573515645,4654.31283766979,-235.6699358098,-4982.0194933842,-1.99354965200876,7.04166409712133,-2.19234190384529
-269.113135770368,-1072.36935000152,7073.17329377737,-7.45452461954169,0.0421233033697078,-0.277837367782234,-270.19391081399,-1072.24516541787,7073.19139752045,-7.24647530964505,1.81707895698809,-0.0330055056159297
-1235.09703250821,267.90152365724,6753.00332378423,-7.49237152798185,-0.0541431756808514,-1.3647828747259,-1235.62746395889,269.705362052351,6752.83833563862,6.26778558856599,4.20653032330238,0.979302781176433
306.770003834597,1076.58277889054,-7101.13747733653,7.42916140611572,-0.0478466144732659,0.315594976120595,308.436503296099,1076.29049024897,-7101.10847816792,7.00108557392765,-2.52370243277026,-0.038773459680193
7011.15098235068,136.419214121371,-962.410938381411,1.02284595775484,-1.04346532520662,7.36143890973318,7011.3117768713,136.456395703466,-961.93918557938,0.973071251193236,2.14129968659406,7.12739450939739
-2890.71966448094,-978.025231888114,6477.02136852633,-6.82754954369798,0.448952789312209,-2.9732025109118,-2891.17018044363,-978.674903809793,6476.81677783815,2.54185647723423,-7.00772182555029,0.0734911513689282
-2364.68139148469,1006.52463770064,-6713.84664107077,7.02263024437069,0.362839745932552,-2.42025070685638,-2364.94550325547,1007.09266283267,-6713.73057033521,-4.6903289593969,-5.7324102695963,0.756474216064812
-4512.45172539362,-726.488759671585,5318.53461523369,-5.77742769186306,0.654459089105439,-4.79120115269453,-4512.39770975128,-726.233641614153,5318.6041684255,5.03234280635183,-4.04886528185595,4.06542014595822
133.824651965214,-947.826328366309,6925.85388586254,-7.55125913826984,-0.0190936881247644,0.139518687283988,134.075659523598,-947.790520762324,6925.84312180959,-7.28270048856488,-1.98393211804407,-0.134161260471288
-269.11275112258,-1072.36973593425,7073.17343132304,-7.45452436929818,0.0421232628832987,-0.277837005108406,-270.208315385369,-1072.24373653803,7073.19094557968,-7.24647505945463,1.81707890418994,-0.0330050534193771
6251.1927131296,-475.549843228081,3272.81796270678,-3.52104345585744,-0.953776985803277,6.5640528592129,6250.86053112069,-475.248070510301,3272.6314806952,3.30794487278479,-1.55937653981359,-6.58048834545049
-3407.56534959268,936.548686934933,-6244.28549487825,6.55122904082245,0.524721470538974,-3.49848389211709,-3406.9901036444,934.827153546098,-6244.79196891267,-5.12128429363866,-5.01228377690362,2.06463132043421
-6434.09018574299,-466.798887647977,3119.25586805018,-3.29296322449017,0.990806359243457,-6.62078467166596,-6433.91400752567,-466.710968290655,3119.18721637913,3.2938413495386,-2.06110307642069,6.37423143980462
6680.01482543322,-296.803009274722,2115.70767173891,-2.30327932068998,-0.996829992765411,7.10571952946722,6680.322683713,-297.446345277215,2114.67995023532,1.12572344912561,8.90367268613888,1.93534710517565
-6434.08889707119,-466.798499874798,3119.25610603048,-3.29296696346246,0.990805402140035,-6.62078428033021,-6433.91287831421,-466.712539261559,3119.18707516052,3.29383761053104,-2.06110230829267,6.37423223633303
1532.19022882232,-1060.18426392618,6951.64680817232,-7.27055730460631,-0.238366341263137,1.5629665527046,1531.8383025836,-1060.63290604942,6951.54973441113,2.15750624270289,-6.9661120643061,-1.52368439344365
6852.12026847792,62.2066269000657,-1845.475003164,1.94216125710024,-0.243948687866333,7.23718428321945,6852.13210853633,61.5841304249757,-1845.65093283887,-1.94068428783001,3.51574878963407,-6.32716492053034
7074.41326469314,190.239622860991,-1244.08710327183,1.29707646944111,-1.10869867291083,7.25041779191103,7074.34671117118,190.173921170658,-1244.0843107212,-1.31101154253507,0.915069285605638,-7.29272660150824
2456.97128961387,-941.6105735102,6558.33992730741,-7.04253381154679,-0.370353612948947,2.57951218342453,2458.13233162216,-942.400671211838,6557.77105386223,-2.49025382534343,6.81783944701493,1.8869389556323
-6434.09019826126,-466.798399866984,3119.25523166018,-3.29296348444164,0.990805579149741,-6.6207850272691,-6433.91411924233,-466.713606988366,3119.18589600082,3.29384108962036,-2.061102256969,6.37423145984306
1048.36670226185,984.934706291431,-6924.88969987815,7.4160301398407,-0.159087447959711,1.11850954195438,1049.99004014465,984.928209766907,-6924.54000883269,7.42661773589052,-0.646347153109049,1.06030747860751
6939.61493037306,-293.140922791658,1889.31814460166,-1.98564802297537,-1.10001133026798,7.08966124173147,6939.34045889739,-292.329235666195,1889.36782451177,1.98509273415806,1.11068780787754,-7.09194561107838
1532.18897486509,-1060.18349586767,6951.64770969376,-7.27055722019424,-0.238365844367389,1.56296462600457,1531.83116783654,-1060.64035302266,6951.55057900381,2.15750632717828,-6.96611196026913,-1.52368546373549
6852.12027608288,62.2067318180725,-1845.4765345333,1.9421629989302,-0.243948869975571,7.23718348389983,6852.12787238131,61.4618168537263,-1845.68518077481,-1.94068254605108,3.51574899861164,-6.32716561139232
-2901.70674961847,980.525628663004,-6488.59116085658,6.80841960594534,0.449933165807148,-2.97740580588725,-2901.76835265709,980.554976770698,-6488.7134081914,-4.11257607224536,-6.13439711640449,0.945206372389588
-6434.0884001385,-466.797921742365,3119.25516602187,-3.29296897476345,0.990804512553558,-6.62078454141621,-6433.91180313391,-466.710845926736,3119.18610395261,3.29383559926809,-2.06110141530949,6.37423239387155
6852.11708973827,62.2068795323071,-1845.47721516473,1.94216013408455,-0.243949494589831,7.2371874969056,6852.13215234909,61.5145193799422,-1845.67343183873,-1.94068541091301,3.51574928993171,-6.32716134451594
-269.112343998626,-1072.36931652911,7073.16470213524,-7.45453294355336,0.0421231493473336,-0.277836021793918,-270.189447020657,-1072.24670774337,7073.19110956406,-7.24648363369849,1.81707876001918,-0.0330038483135533
-269.115147903483,-1072.36875902103,7073.16552049341,-7.45453198044159,0.0421235687476599,-0.277838972046527,-270.198131724343,-1072.24530644106,7073.19080797428,-7.24648267015276,1.8170792024381,-0.0330069657242289
-269.113308709081,-1072.36931079499,7073.16466193903,-7.45453290695646,0.0421232994520152,-0.277837014329058,-270.193282758917,-1072.24635705689,7073.19100826643,-7.24648359694987,1.81707891009778,-0.0330048407492526
-2897.34300467514,980.808742586743,-6490.45715849793,6.81018583073581,0.449350735699591,-2.97354817166757,-2897.39928857427,980.824288660681,-6490.58805340954,-4.1141195469749,-6.13390527333224,0.941949466427116
6853.27727645695,62.0613085706164,-1841.17224624557,1.937620798966,-0.243988625511635,7.23840206168747,6853.28365242564,61.2660738746102,-1841.3944512455,-1.93662564151122,3.51578887708007,-6.32838353777905
-2901.59417254375,980.529830891586,-6488.6435540195,6.80833640138342,0.449959163277104,-2.97758912215275,-2900.93624985939,979.098159562398,-6489.21499406807,-4.11241834208893,-6.13454941642139,0.945551861621105
-269.113464238084,-1072.36758730889,7073.16177225768,-7.45453608759109,0.0421232387214451,-0.277836947505975,-270.180660066774,-1072.2466038059,7073.191543723,-7.24648677753832,1.81707889282519,-0.033005089206899
1532.18824369906,-1060.18370897957,6951.64684647194,-7.27055812141095,-0.238366021719786,1.56296527927824,1531.82679995833,-1060.64562907772,6951.5496428891,2.15750542598604,-6.96611198800025,-1.52368513655822
-269.114556623498,-1072.36604773087,7073.15932753586,-7.45453879422599,0.0421233307783282,-0.277837860713059,-270.191709993114,-1072.24422464499,7073.19147386257,-7.24648948396941,1.8170790244311,-0.0330062891526385
451.903104099257,1063.6642755112,-7095.46925180457,7.42114762343169,-0.0692718375465995,0.462095357000727,452.080449979863,1063.60256009785,-7095.43708469681,6.0862594408643,-4.28447892631804,-0.265552517033301
-2901.70347631369,980.526928104648,-6488.59267315053,6.80842088693802,0.449933110446251,-2.97740217879658,-2901.77345100089,980.57406977065,-6488.70836061337,-4.11257479131293,-6.13439780462903,0.945208936910342
5387.23252356759,664.461339807552,-4592.87920913217,4.87940977256585,-0.811329215858292,5.60804560613867,5387.28930954292,664.052287238571,-4592.8805818539,-4.51444746192151,-2.07770591901993,-5.62853725812283
6853.27637488361,62.0614919957302,-1841.16991690652,1.93761675318104,-0.243989743832177,7.23840468914415,6853.28762578441,61.2554828273202,-1841.39650009775,-1.936629687242,3.51578968693849,-6.32838037597036
-3399.62682487397,937.183894443499,-6248.51079055416,6.55568259940553,0.523498422462213,-3.4903239358974,-3399.15537376411,935.777896918624,-6248.92083815692,-5.12481524920069,-5.01131842613999,2.05819067553075
6853.27410633439,62.0615216011357,-1841.17041929914,1.93761496338076,-0.243989885186707,7.23840740396006,6853.28607670438,61.2574293841538,-1841.396676707,-1.93663147706049,3.51578963872423,-6.32837763533473
-3850.81675279862,-267.505280773943,-5631.73496781345,6.30075295088252,-0.204357781224462,-4.30228865516991,-3850.83812762792,-267.749524995469,-5631.71037643145,-6.17870842422949,1.73799002894421,4.1421685234342
-269.111775543379,-1072.36711366633,7073.1610972329,-7.45453700240566,0.0421229516315436,-0.277835145701664,-270.208319572498,-1072.24269276675,7073.1908876794,-7.24648769259058,1.81707861840027,-0.0330033785663759
1530.37816246079,-983.087439628598,6827.59899550342,-7.33170528858348,-0.231352005502527,1.60674670010242,1530.21094051155,-983.368998753728,6827.65771958636,2.61861071030756,-6.83316721957466,-1.71199527453769
-269.114820598231,-1072.36730796747,7073.16228922603,-7.45453546556156,0.0421234432741173,-0.27783839293492,-270.216025019474,-1072.24213483736,7073.1905864677,-7.24648615527166,1.81707910952922,-0.0330066224220601
-3403.59453519277,936.865297058292,-6246.40052253074,6.55345811006873,0.524108981356721,-3.49440250678181,-3403.13259472208,935.492636749318,-6246.79741544341,-5.12312096996493,-5.0117814931893,2.06128423522778
-994.953055816371,-1056.61891601591,7010.29251919036,-7.38792085058125,0.154256518465841,-1.02343348790532,-994.03729957248,-1057.42466721293,7010.30414495415,-1.11385779079731,7.31381277347469,0.98147573175917
-273.608155575011,-1072.34127630609,7072.99020895957,-7.45436125232702,0.0428256102223823,-0.282469735113489,-274.720540599962,-1072.2151215045,7073.02097451173,-7.24629307989872,1.81777665511079,-0.0376074864342632
-488.422175234035,-1053.68558130049,7087.74233993303,-7.4321091450709,0.0745490437764369,-0.501461179017416,-488.757349245548,-1053.52964701578,7087.75531236487,-4.75126694949821,5.74468217547457,0.607080301646914
6853.27170519336,62.0617865143219,-1841.16930042932,1.93761050477,-0.243991213440772,7.2384115128728,6853.28669953417,61.2364073118586,-1841.40232082211,-1.93663593565168,3.51579053792764,-6.32837290911794
1543.37827497393,-982.675113845357,6824.73121555317,-7.32862979986858,-0.233323083693641,1.62043491438163,1543.11680222664,-983.09799293115,6824.78816483193,2.61722789783067,-6.83245136104297,-1.71696637921661
3824.7306370313,-855.015190855383,5881.63651827788,-6.31915406823224,-0.583668478268631,4.01503428243406,3824.24687564826,-856.658720062469,5881.4411459006,5.62016472700791,-3.13545610955077,-4.08152416029044
2417.49515488237,-995.909685681531,6665.09674939642,-7.02386328816077,-0.37155948535944,2.48664236926415,2417.62290643343,-995.570899428789,6665.06404207568,4.6880288669482,-5.29954918021643,-2.8125618941107
906.998151675755,-256.920841174983,-6824.87812172321,7.5276138267296,0.0376578667621941,1.00034393989879,907.374266917149,-257.602222094626,-6824.82071848055,-4.00966970158585,-6.4392627795235,-0.287074047476978
6853.27574676262,62.0614668471419,-1841.17317965323,1.93762010792186,-0.243989178372371,7.2384036716824,6853.28392723841,61.1798334403952,-1841.41984379408,-1.93662633259867,3.51578925737035,-6.32838166912944
6854.42590234438,61.9164802532489,-1836.86506357595,1.93306892909518,-0.244031303653212,7.23962657054098,6854.4386130406,61.0384501478854,-1837.11197594719,-1.93257687705575,3.51583074825912,-6.3295887195294
3854.59084556457,-852.233336880331,5862.5059687906,-6.2986622275714,-0.58823643772107,4.04646117053292,3854.07107816406,-854.071312595397,5862.32066452668,5.60202916512379,-3.13139512747208,-4.10946296281732
6853.27106002204,62.0616381119087,-1841.17101042468,1.93761197039573,-0.243990399251673,7.2384113884458,6853.28842234643,61.2016866137539,-1841.41428800351,-1.93663447007964,3.51578983535414,-6.32837345385078
3820.99394303297,-855.360820114098,5884.01014603404,-6.32170516337415,-0.583098042926045,4.01110757929987,3820.46944977334,-857.205312443125,5883.81780547747,5.62241541010565,-3.13596440932928,-4.07802521127538
3820.99572674665,-855.361054378251,5884.00869907636,-6.32170359104345,-0.583098728999692,4.01111021912433,3820.46829932003,-857.221399255878,5883.81702884105,5.62241698239525,-3.13596449747343,-4.07802276026476
6853.27531750179,62.0615389815048,-1841.17350463106,1.93761981542675,-0.243989436490377,7.23840419329456,6853.28294430359,61.1262819981567,-1841.4348709616,-1.93653005329697,3.51579032406026,-6.3284069672752
7008.65158697687,138.897587164465,-979.895196720622,1.0415857285821,-1.0431045597698,7.35889242310837,7008.87441699589,138.966011445122,-979.012828476089,0.989705354886218,2.14163471561161,7.12502975792083
3820.9935235728,-855.360906150866,5884.01103310087,-6.32170344252051,-0.583098362050206,4.0111099738715,3820.46072419038,-857.249187506606,5883.82024750783,5.62241713102149,-3.13596478598086,-4.07802279855879
-278.104216341472,-1072.31892134985,7072.83400602109,-7.45416414880456,0.0435284746396362,-0.287105342877659,-279.396210759689,-1072.16876837444,7072.84353615588,-7.24607707043048,1.81847485339888,-0.0422122907427892
1532.18939398621,-1060.18376266462,6951.6484920612,-7.27055646490482,-0.23836575405568,1.56296381700346,1531.83572965391,-1060.63347047456,6951.5484321796,2.15750708245931,-6.96611180596933,-1.5236864122039
-1726.37015083674,-1036.3862820068,6870.24518474204,-7.24084093510005,0.267844037891853,-1.7755420328857,-1725.67844581981,-1034.63031391736,6870.65905719184,5.32851879110185,-5.21193552024993,0.466764405870728
7074.41355746042,190.240150059785,-1244.08830339889,1.29708101759662,-1.1087004340477,7.25041621024449,7074.34820101998,190.167578111688,-1244.08668158445,-1.3110069943533,0.915071450184289,-7.29272763689752
-1977.97522412848,-911.088414018539,6649.02784947255,-7.23632132802582,0.291484241689615,-2.12721325456297,-1978.13368511132,-910.7590497945,6649.0353934189,4.38094655589928,5.78396733471236,2.09554408837909
441.647398058746,1063.71017558364,-7095.78598829851,7.42189727452513,-0.0682775369894976,0.455463347969268,441.632119548062,1063.70946591696,-7095.75377279049,6.08698746890154,-4.28373844644684,-0.270491551518074
5259.86625486428,-605.772485600062,4458.05193617351,-4.92184921171706,-0.781222905657299,5.74922873669777,5259.86738745696,-605.869843442585,4457.98663917705,3.69023579767227,5.58082390943292,-3.58720633108015
1532.19122207443,-1060.18381223964,6951.64803781913,-7.27055610942818,-0.238366085518983,1.56296581999279,1531.82360816117,-1060.65363938565,6951.54922208078,2.15750743784603,-6.96611208603962,-1.5236845216086
-2897.4711824303,980.803066796307,-6490.44470285429,6.81023124554601,0.449318953459861,-2.97334935376899,-2896.71395415121,979.162352343722,-6491.0906595369,-4.11353675635314,-6.13417841276214,0.943094736230032
-278.103307592458,-1072.31578293144,7072.8195591051,-7.45417931434909,0.0435281306285782,-0.287103326768523,-279.349628898801,-1072.17316955982,7072.84492639532,-7.24609223600775,1.81847454137519,-0.0422105071468528
1532.19113723455,-1060.18430759332,6951.64896904795,-7.27055538909415,-0.238365933039289,1.56296429852199,1531.83693340468,-1060.63437185736,6951.54803821188,2.15750815819802,-6.96611178017174,-1.52368637723013
1536.60944010344,-1060.04035052049,6950.69695730109,-7.26955871947293,-0.239055217177084,1.56748210891093,1536.25766605027,-1060.48678874467,6950.59575360757,2.15722290995398,-6.96590738458915,-1.52502603275644
1532.18990243128,-1060.18401246574,6951.6472983642,-7.27055713445548,-0.238366158464616,1.56296583396351,1531.81666451152,-1060.6618713583,6951.54881049718,2.15750641286751,-6.96611202310713,-1.52368480371598
1536.60966936537,-1060.04034323372,6950.69690992507,-7.26955866880513,-0.239055253668912,1.56748234886991,1536.25769627261,-1060.48706077911,6950.5957070884,2.15722296061272,-6.96590742112429,-1.52502579273379
-6432.1051897955,-467.396525445847,3123.25200574785,-3.29716012179211,0.990500230806958,-6.61874452567781,-6431.92854887841,-467.317466538893,3123.18090038346,3.29791312194302,-2.06080118309852,6.37221951003636
-278.106654070505,-1072.31745890007,7072.82659278474,-7.45417150650466,0.0435287638335516,-0.287107348219841,-279.426826821044,-1072.16488755692,7072.84255631706,-7.24608054294207,1.81849013235954,-0.0423131745163713
1333.89099232541,-1039.99868666064,6956.59384755334,-7.32980407016856,-0.20509218611591,1.37186485342647,1332.74837003727,-1041.30870491595,6956.54454844073,0.862044346461444,-7.25216086287379,-1.23264387223215
397.656886615978,1076.66071306028,-7096.64032286549,7.42458787402368,-0.0617089160514293,0.406743091551528,396.252124126175,1077.02190172496,-7096.69848914321,6.54408223259103,-3.57967925326187,-0.173485052123102
1536.60850419801,-1060.03986101587,6950.69635297198,-7.26955960532939,-0.239055186312581,1.5674824921187,1536.23905324406,-1060.51175040518,6950.59662703877,2.15722202412736,-6.96590752649445,-1.52502527381652
2473.834764986,-1010.66126502144,6677.68231487349,-6.98996405505159,-0.382388701258483,2.52652554167553,2473.01217769122,-1012.43028957221,6677.55913081004,4.51740565562306,-5.38378373170928,-2.4921879683267
446.154076245625,1063.67104769092,-7095.5053732506,7.4216103106929,-0.0689707538282949,0.460086358496945,446.658313034254,1063.50459853673,-7095.46605744301,6.0867281625897,-4.28438099283508,-0.266206271099939
1532.18967716504,-1060.18546059123,6951.65016646966,-7.27055495065802,-0.238365700621169,1.56296133960296,1531.83794798901,-1060.63125249075,6951.54748218522,2.15750859670851,-6.96611112655361,-1.52369025396911
-3175.56950194186,991.652195049747,-6399.66009711982,6.6665588098425,0.500833400724785,-3.23213468942298,-3175.67591731978,991.234793061687,-6399.61807501598,-5.22842504185577,4.18139010135743,3.20406096439592
1848.8134166463,981.658530961563,-6765.6729865225,7.23205769112047,-0.280978363558601,1.93651907875849,1848.74826963123,982.48432678732,-6765.76583037106,-6.92743393230808,-1.85828842895707,-2.15731653485191
432.628215347524,1063.79431681547,-7096.33404107519,7.42246666638262,-0.0668906802701491,0.446211117456087,432.939829631085,1063.6891550973,-7096.29631011214,6.08742300736806,-4.2826445205744,-0.27778958959972
6939.61456959862,-293.141443364964,1889.32142690236,-1.98565027094624,-1.10001118605893,7.0896600366414,6939.33730934953,-292.326866884067,1889.3707763892,1.98509048591574,1.11068803456806,-7.09194680338245
-7030.20148085412,238.246649976309,-1541.95696016434,1.60517206288045,1.10949403370023,-7.18075484430087,-7030.50339464614,236.51512468987,-1542.01776321604,-1.53400732451152,1.15308044176334,7.16540970695133
1517.33242056384,-983.498760488533,6830.45455194728,-7.33475306500575,-0.229379159464905,1.59304496292491,1516.650067821,-984.550605635599,6830.50129218355,2.61986982213886,-6.83380666564871,-1.70755432383558
-1421.07026703996,1035.38065315745,-6956.44496632789,7.29585089004893,0.217039334551431,-1.45822366083045,-1421.55716354934,1034.79766632435,-6956.57197052563,-1.70724501826593,7.12397246785659,1.35211571280404
-2548.00578005811,-961.939550883557,6551.36572007451,-6.99051343978493,0.390723130207067,-2.66104139603305,-2547.89910893779,-962.259985129906,6551.39635305252,5.01913396542891,4.89739076981436,2.66028600527762
1539.04559524909,-982.810324927356,6825.68972324903,-7.32965814348458,-0.232665632249518,1.61587350327839,1538.72278082226,-983.326156878581,6825.74776709764,2.61768236296633,-6.83268602989614,-1.71533868234713
414.59098424729,1063.95248020704,-7097.39780122877,7.42356925359421,-0.06411682227565,0.427707923017568,414.719099117463,1063.90561671785,-7097.36100692278,6.0883068438109,-4.2803535308507,-0.293071893174112
1512.99478724024,-983.63488402338,6831.39121481648,-7.33576829087551,-0.228722980609436,1.58848575252161,1512.80296797263,-983.954416307961,6831.45218942168,2.62042110434512,-6.83411106200299,-1.70543940801837
5259.86654698937,-605.772528353131,4458.05124372915,-4.92184873585919,-0.781223144141977,5.7492291943873,5259.8718094068,-605.88437097749,4457.97988590722,3.69023627354377,5.58082395233056,-3.58720568164067
-6434.0904534875,-466.797949917878,3119.25436728246,-3.29296257254567,0.990804992309458,-6.62078565408981,-6433.91334241562,-466.722691242894,3119.18227087352,3.29375220952015,-2.06110805197763,6.37427467099457
-5495.34485095719,-557.883031773585,4172.48673061517,-4.66786867761981,0.796176027489692,-5.95470216530611,-5495.45570138398,-557.986118967875,4172.51451511625,3.57393702086212,-5.39016022742907,3.97441734453573
-456.898552882882,-1053.99159590197,7089.80057097171,-7.4342655112687,0.0697407752043193,-0.469117892638175,-457.199531966545,-1053.85188879352,7089.81407953562,-4.75229369067427,5.74160831738394,0.627757189670029
1547.70769361734,-982.535209442105,6823.76734921009,-7.32760183681993,-0.233979825466843,1.62499785053108,1547.6323413914,-982.681578881297,6823.83208904994,2.61681293355386,-6.83224580372505,-1.7183947613823
-479.740349612158,-1053.77459365822,7088.3408743901,-7.43270087967033,0.0732197831024124,-0.492519761447024,-480.196972345119,-1053.56016597129,7088.34842202767,-4.75153570864549,5.74384519827431,0.612710398324547
257.966492555166,1106.05162640356,-7117.90864846521,7.42063490663169,-0.0410056276849998,0.263887530836796,257.52138364361,1106.15781622553,-7117.98222298421,6.75774483422732,-3.14244013319362,-0.202068615864714
2893.11460685004,991.430615673597,-6525.80721070947,6.80213158630919,-0.448248297477356,2.95045604412216,2893.35733411041,992.413447946636,-6525.79305271272,-6.36704263974515,2.88124419067344,-2.40447448542264
2798.59159830411,291.870088421787,6207.28872146286,-6.97488682433787,0.147188405453171,3.13028727527415,2798.61007075979,291.879643325216,6207.32743101358,6.82261755347652,-1.67188685039042,-3.00496088103739
1536.61038196481,-1060.03791443263,6950.69863662712,-7.26955745558835,-0.239054482570827,1.56748127468458,1536.24061321369,-1060.50904775045,6950.59629743038,2.15722417380688,-6.96590782067446,-1.52502432073919
1818.68403497818,982.818710689648,-6773.66529391102,7.24059761299555,-0.276407255524878,1.90501366773707,1818.59082530924,983.842937895419,-6773.74052593733,-6.93560286039701,-1.86267705397635,-2.12706874612882
-5805.17519972723,511.81767416233,-3853.30136960969,4.1477384010673,0.829119598282832,-6.24214839944671,-5805.65072186381,512.05627029861,-3853.06217615201,1.85399589310463,-6.35148988305066,-3.63948381874148
4797.93358375728,732.290532405014,-5156.42175831267,5.51139179822839,-0.714531581133403,5.03135975653351,4797.00733876702,731.877938604208,-5157.31200410099,3.73994684758115,5.00733218206252,4.22257917464584
-6733.99472547894,306.826682500703,-2161.96206249232,2.30832277757558,1.00317897108386,-7.06859267411318,-6733.92132579499,306.802572803441,-2161.95483040948,-1.0297285233062,-5.27649679469566,5.87523429147189
3088.92484213143,872.029660976993,-6242.74272659784,6.75318852151443,-0.459144563264703,3.28694254306438,3089.3544209364,872.241497184073,-6242.50806088052,3.97471698979494,5.7768538621509,2.74388165187644
1539.04603579914,-982.811887854139,6825.68917773772,-7.32965861695533,-0.232666360204721,1.61587586153249,1538.78299909418,-983.2391932083,6825.75032903692,2.61768188946986,-6.83268597282394,-1.71533787889952
910.25234604796,-1055.71282125969,7021.88280469083,-7.39975790883647,-0.140741935959832,0.936115920058728,910.413274516152,-1055.95834730285,7021.86682668247,3.38696909899124,6.90411980318188,1.32380045699553
1861.80515182587,-1036.56369919027,6834.98849045316,-7.2043243560614,-0.290313205142266,1.91428672516597,1862.52270838479,-1037.39027353729,6834.63210381454,1.03677236428284,7.29543389976007,0.913320592056175
598.517513849169,-1074.76716252383,7082.08106285594,-7.41778700696779,-0.0926087573845573,0.610234694626013,598.365193506163,-1074.8344193375,7082.00917196815,-4.18384836887534,-6.09622092077324,-0.625121004997398
1848.80941832061,981.658355933354,-6765.67319937345,7.23205972395896,-0.280977763509748,1.93651533894419,1848.72748055788,982.610000065665,-6765.7564564837,-6.92743189953273,-1.85828795031312,-2.15732022736977
1532.19174035559,-1060.18170880007,6951.65108906346,-7.27055396174195,-0.238365031296359,1.56296269424686,1531.81702291576,-1060.65955780507,6951.54806060701,2.1575095855376,-6.96611214648951,-1.52368521783788
-6732.62668622956,307.421334077548,-2166.15335877254,2.31280302457619,1.00297383556561,-7.06715135974954,-6732.3943312631,306.91915736146,-2166.3369310768,-1.03379084914296,-5.27642347114036,5.87472143943531
-6934.0682589953,297.012923759772,-1923.48916134564,2.00519010150525,1.09338871050181,-7.08090278527024,-6934.0662549338,296.954668473449,-1924.07822783723,1.76880523554071,-2.57542802637204,-6.71888212596071
-2118.19716308508,973.75092882779,-6687.2921435667,7.14914164693419,0.323014573575542,-2.2183133989556,-2118.45298900832,974.32652414596,-6687.53168760884,-6.16775838170803,-4.10159314349092,1.37194395058468
257.96603546783,1106.0516312066,-7117.90867581818,7.42063491875324,-0.0410055554360276,0.263887064563454,257.517169851878,1106.15862600602,-7117.98226386367,6.75774484632697,-3.14244006089878,-0.202069082368546
-2126.65148010405,973.371291659694,-6684.67145384499,7.14627938808175,0.324323871042223,-2.22730054664459,-2126.8830252856,973.869475475869,-6684.91454970573,-6.1653676575242,-4.10268511415085,1.37943919224996
-2109.6649335119,974.138228942398,-6689.93779913405,7.15193160528199,0.321727884627556,-2.20947233935952,-2109.88484378862,974.592169742986,-6690.19587762002,-6.17024781658303,-4.1004580026775,1.36414425882105
-1421.06873700038,1035.38084543381,-6956.44338231296,7.29585305264721,0.217039299035819,-1.45822281626633,-1421.53816531896,1034.82149193004,-6956.57250941059,-1.70724285559604,7.12397226332827,1.35211697314722
-6935.28634268759,296.347942837068,-1919.18267468009,2.00069022523113,1.09358121934346,-7.08214951688868,-6935.26853507915,296.282813594071,-1919.83081236764,1.76497834440058,-2.57526226902728,-6.71995559003405
1526.00279624987,-983.225093600062,6828.55668051591,-7.33272698228971,-0.230694584000531,1.60218127561335,1525.74238025092,-983.648246024944,6828.61776450328,2.61905161563607,-6.83339520500167,-1.71041212840766
-6936.96903614941,295.094062877311,-1911.07062487524,1.99268737879652,1.09401311422468,-7.08497700024554,-6936.89804070898,295.009745914066,-1911.8782576612,1.75826033664013,-2.57486527805155,-6.72255308861573
1521.66695708124,-983.361982818173,6829.50141384159,-7.33374603754447,-0.230038149548042,1.59762091985313,1521.73890965829,-983.288691217184,6829.57163993197,2.61956422611183,-6.83367142306494,-1.70849319625824
1534.71050089596,-982.948321623067,6826.64345381729,-7.33068564929597,-0.232009124239394,1.61131291934414,1534.63519559527,-983.095239512289,6826.70980119236,2.61817717884008,-6.83294793397989,-1.71351929466218
2430.19786092984,-995.23776839328,6660.58930001877,-7.01910026281848,-0.373515128677326,2.49972641477371,2430.24179311612,-995.065788246945,6660.52675252324,4.68413586476924,-5.29833197172589,-2.82138147100202
1678.04600278902,-969.436633198398,6794.92184762235,-7.29524893851922,-0.251362678855923,1.76183055233114,1678.68791881835,-970.506610446902,6794.55323910981,3.39996906190183,6.71024475781398,0.179312301207003
-375.347938522019,-1071.68370694247,7091.89634247681,-7.43933087881265,0.0581033632749408,-0.384499131483424,-375.41749160994,-1071.66850619739,7091.91063140508,-6.5499076608513,3.58984623602819,0.187762693999741
-6940.51347455963,293.107503779009,-1898.20107844649,1.97931594942539,1.09459203253232,-7.08871007942981,-6940.44530421957,293.020517779409,-1899.03690281313,1.74660961478477,-2.57435326304691,-6.72585489579382
1428.5356670296,977.516492770406,-6867.28926398277,7.33766405945965,-0.213107640434679,1.49712675353424,1428.70466599712,977.801089088041,-6867.22835299119,-3.59160870098567,6.54608186639016,0.239478017056816
-738.436770941178,1069.6348326562,-7069.65001662695,7.39689178502623,0.115076388272385,-0.76058365816404,-740.370144817408,1069.42702685134,-7069.5063152059,7.27916779705279,1.38623282798498,-0.506242373068399
-2306.3469259539,240.004611854893,-6710.94747365391,7.07928789063604,0.0868979617928148,-2.42980968037399,-2304.99849863641,239.150336022095,-6711.41316713433,3.20313816677818,-6.62951119712069,-1.33260760476897
4660.01668395618,-236.508447652661,-4976.61954639006,5.57529155315843,0.247771154900477,5.2135951037989,4659.84603970272,-236.88985221877,-4976.79501800416,-1.99047250977268,7.04150804874828,-2.19562671600638
-6940.1311034513,293.685715169548,-1901.9458924516,1.98267482663119,1.09434517117532,-7.08711227122029,-6940.05242854074,293.593217771079,-1902.83065703604,1.74946342505124,-2.57459631228914,-6.72428168120803
1530.33716057473,-983.091367543694,6827.60563188485,-7.33170857911064,-0.231352912430426,1.60674813703111,1530.15147496732,-983.403761548647,6827.67033714166,2.61862068919801,-6.83317473922819,-1.71194089862181
-375.430337234724,-1071.68178065842,7091.8863192585,-7.43933273932629,0.0581154263305216,-0.384579110367901,-375.467097752704,-1071.67504327452,7091.90187296573,-6.54990995312812,3.58985682678455,0.187692471927269
4748.47864484529,-800.538960451826,5301.95680106468,-5.59102680093457,-0.737451181358665,4.88411564207438,4748.32668103011,-801.71464465495,5302.02454773105,5.02241793053223,-2.66745171798398,-4.80214088621028
1534.70973388524,-982.954304874763,6826.63627369574,-7.33069067491259,-0.232012021302429,1.61132153835483,1535.35908469416,-982.018620658959,6826.72168707508,2.61834591608384,-6.83305877372533,-1.71274439255849
-3549.61974602202,929.336206441015,-6165.55364289942,6.46981714342898,0.549250167727808,-3.64391385065694,-3549.59360511612,930.444968135464,-6165.66882220773,-6.23410812156974,1.6162275147271,3.74397125441839
2525.89255603476,994.633216949804,-6641.94362770451,6.96738723324088,-0.388158015114478,2.59202561057576,2527.08249718223,995.109369244012,-6641.45314471959,4.78413746057261,5.38286345112606,2.28631394275189
-3999.59395320842,-875.410462984438,5875.37727309743,-6.1927338422507,0.613110248828621,-4.11491970444824,-3999.41820840124,-874.592583093162,5875.66054454842,5.33184862703602,-4.32511401436305,2.99306379529954
345.486682661951,-1062.81282695525,7084.64122089456,-7.44461248182709,-0.0530303630353546,0.353495576817346,345.033946242906,-1062.93239132314,7084.67572817547,-6.57409795241735,-3.51995981164549,-0.237904172385064
1547.70894890922,-982.535415070022,6823.76623524361,-7.32760260861416,-0.233980540349938,1.62500221406074,1547.78780763728,-982.452871340077,6823.83789102321,2.61685597036266,-6.83227415389264,-1.71819759347935
306.77039087105,1076.5797763753,-7101.14570917739,7.42915336541273,-0.0478464983392679,0.315595456289491,308.593274606647,1076.25851716796,-7101.10321000861,7.00107326580644,-2.52371749987472,-0.0386727505554832
-6938.92498457595,294.350949240525,-1906.25402184173,1.98717652034972,1.09415439356427,-7.0858767273241,-6938.76629229618,294.224849451866,-1907.42722466469,1.75367704926601,-2.57477696372109,-6.72311174156169
1508.65754842886,-983.773525424098,6832.33416032829,-7.33677406166061,-0.228065691360972,1.58391624237502,1508.03042571468,-984.744739830596,6832.38630011761,2.62076378029213,-6.83427451033511,-1.70430224859732
-357.440823800212,-1071.81866717391,7092.79089322241,-7.4402892369766,0.0553269615887577,-0.366126363428141,-357.496231338082,-1071.80726353996,7092.80669381953,-6.55077360764708,3.58740165913419,0.203939685378475
1530.33849148702,-983.090010121866,6827.6051305603,-7.33170844256872,-0.231352833128068,1.60674969079333,1530.09836359628,-983.484218476089,6827.66935337997,2.61859916722203,-6.83316135862748,-1.71203475721419
-727.934172525831,939.59761016062,-6909.83773755469,7.49009907172543,0.106411275980559,-0.782549545408312,-728.43462237573,939.258181659926,-6909.81438026145,2.950783006732,6.8962571234383,0.628879092095097
-375.548506013091,-1071.67999171663,7091.87196850163,-7.43933529520767,0.0581326465486373,-0.384692920413441,-375.578712440538,-1071.67508108848,7091.88860912556,-6.54991315682845,3.58987175997681,0.18759378246175
1803.49363564412,1030.80304220372,-6868.05788001929,7.2043738989826,-0.277759331608082,1.85065442868787,1803.1246051332,1029.86402425696,-6868.24022455273,-5.34988598889427,5.15059162957147,-0.696249635254295
407.24506219895,1076.56956922809,-7096.03994926626,7.42420439322411,-0.0629304002367584,0.414794289728717,405.765061059824,1076.94672170282,-7096.08075270654,6.54376661612852,-3.58080818229669,-0.166710556491057
-6936.97065678942,295.094974622896,-1911.07191782524,1.99269428678144,1.09401504883862,-7.08497243173945,-6936.76170887174,294.952590715959,-1912.37795256909,1.75874888186295,-2.57488396411491,-6.7224171684593
6528.97295984135,-461.024036030529,3009.01093679463,-3.15339784209622,-1.02067533658751,6.66173481682428,6529.06128672379,-461.082298317086,3008.60436052522,-2.46218849095609,4.13607890684776,6.07293526221876
-6936.97102134114,295.094777133076,-1911.07063944249,1.9926929346784,1.09401510603408,-7.08497280526322,-6936.75605429173,294.949847321724,-1912.39855365924,1.75874752985328,-2.57488390695194,-6.72241754201736
-6936.92904446538,295.099443664791,-1911.0992990411,1.99275492870495,1.09401868394024,-7.08499018895598,-6936.72677278987,294.958297839842,-1912.3971162532,1.75880432600396,-2.57488017159888,-6.72243668693978
-1163.24291841168,1057.17674546222,-7000.85158315435,7.34462394102801,0.180370343042447,-1.19444668725358,-1163.56105038802,1056.74760194941,-7000.62827722612,-0.783394343549378,7.44118467171771,1.17964544031731
-475.850045347673,-1053.81772937494,7088.62850352446,-7.43294184529309,0.072616780168491,-0.488463436409176,-476.135573776438,-1053.68167041819,7088.6230868433,-4.75164274266256,5.74344174220927,0.615424396510494
-1167.69040148825,1057.06600343463,-7000.12829962605,7.34386120062864,0.181060821198077,-1.19902088743571,-1168.02359350082,1056.61947096155,-6999.903871355,-0.783377892012364,7.44112779448807,1.18002212662274
-405.632690168761,997.58058122519,-6999.91101945481,7.47911702033594,0.0602932319617158,-0.423069107436855,-404.344047966551,997.763536367351,-6999.86025948459,7.13000256840731,2.41276009214794,-0.0391502981893837
6528.97130114902,-461.023344807232,3009.00978026841,-3.15340253350946,-1.02067423504125,6.66173505541571,6529.06696591543,-461.084153339356,3008.58951855913,-2.46219318234619,4.1360799100963,6.07293464008729
6528.97136675584,-461.023764232766,3009.01110469623,-3.15340205284372,-1.02067462907955,6.66173449740518,6529.06245949229,-461.082960738832,3008.59959372898,-2.4621927017369,4.13607955747402,6.07293444464604
5393.05899632251,663.491738256287,-4586.1740961241,4.87226673789689,-0.81220933039954,5.61412539880398,5393.17182667839,662.630719036723,-4586.17137936178,-4.50791057744842,-2.07690515827406,-5.63406872501716
-1167.69188817494,1057.06710458312,-7000.12996113679,7.3438589512354,0.181061111571765,-1.19902184897799,-1168.01617285383,1056.62989344885,-6999.9035496449,-0.783380141463942,7.44112780230131,1.18002202718679
-1167.69418532827,1057.06525895793,-7000.12910380217,7.34385924207626,0.181061208681811,-1.19902444507096,-1168.028029275,1056.61753801419,-6999.90327569144,-0.783379850787287,7.44112846951059,1.18001769070899
6528.97056422632,-461.024335214998,3009.01000121004,-3.15340417308448,-1.02067626562739,6.66173448581727,6529.07606264506,-461.088907979222,3008.56831487876,-2.46219482196139,4.13607806238217,6.07293567227466
-2130.77085124945,973.177396564727,-6683.34785241346,7.14482232079928,0.325007582179237,-2.23199862191916,-2131.45441388075,975.024062710015,-6683.60253128448,-6.16411951374152,-4.10293933779028,1.38257539602668
-3995.86022262504,-875.77982127527,5877.856723679,-6.195351467851,0.612536837655279,-4.11107155878835,-3995.68493104767,-874.961801640378,5878.14087043213,5.33410378947756,-4.32461988895269,2.9897477270528
-1167.69223282131,1057.06412720489,-7000.13264146824,7.34385667812027,0.181060508195216,-1.19902168957006,-1168.00947077188,1056.6340925548,-6999.90406671789,-0.78336614057785,7.44111359040287,1.1801163177822
901.366945105597,-1055.88001166908,7022.99041787791,-7.40095323026518,-0.139361838305601,0.926935902181264,901.127501848251,-1055.52367017384,7023.17340401892,3.38654574036399,6.9035523774854,1.3275744929968
-6771.82030848147,-73.3803307751261,2123.24108752711,-2.24946668964934,0.246988079424709,-7.14653069993115,-6771.66661798787,-73.2990458066077,2123.20613712913,2.1862439867619,-2.12500375876602,6.84241676814017
-1167.69503443764,1057.0644680024,-7000.13220437364,7.34385605882988,0.181061005801369,-1.19902453075818,-1168.0185434442,1056.6273769741,-6999.90351897083,-0.783366760042884,7.44111395267655,1.18011388889451
27.4090695054594,-1004.28156257484,6993.60738648962,-7.50909096322726,-0.00407694911291093,0.0283909031977293,27.6645735358291,-1004.66811547869,6993.50850778064,3.11774172863077,6.78764174406536,0.936978815915988
-1167.69461848062,1057.06467354033,-7000.13346054645,7.34385497245187,0.181060896241583,-1.19902378564614,-1168.01367314434,1056.63218360902,-6999.90359941419,-0.783367846375565,7.44111383789355,1.18011465012589
1534.70944052736,-982.952894101622,6826.63876914794,-7.33068934227585,-0.232011238153637,1.61131899889562,1534.89863305907,-982.706169630257,6826.71506225825,2.61823864690071,-6.83298927837614,-1.71322833670151
-475.52146555036,-1053.81551948117,7088.62915923169,-7.43298450387948,0.0725714013061812,-0.48815925370846,-475.744542349667,-1053.71030908752,7088.63052412026,-4.7516803402854,5.74339989944161,0.615705356309164
6526.82508007457,-461.586635598303,3012.69132456593,-3.157412062652,-1.02045211284113,6.66029646997505,6526.92514880372,-461.649694899596,3012.25629358641,-2.46543496365649,4.13622590442107,6.07199068047328
5393.06022513109,663.491193270999,-4586.17231713609,4.87226504734137,-0.812209212856883,5.61412702389063,5393.17853439768,662.588590034618,-4586.16949381424,-4.50791226802203,-2.07690573139237,-5.63406702222857
-1172.14084473716,1056.95617493547,-6999.4080406337,7.34308845613834,0.181751570969069,-1.20359638594917,-1172.47678639914,1056.50386088347,-6999.17588693234,-0.783352023544043,7.44105637972821,1.18049505322439
6530.88941180648,-460.40218454917,3004.9556467457,-3.14916406504294,-1.02097315297668,6.66368617485499,6530.98604652311,-460.463911736628,3004.5286417331,-2.45881132797811,4.13584672643321,6.07445668379144
397.799500837,-929.329961285731,6909.49024248397,-7.54598135694635,-0.0552593723981841,0.410846820387369,397.006667490131,-929.656225042825,6909.47136067029,-5.37490052971137,-5.28376213731474,-0.406570551703985
1530.33908304864,-983.09038377128,6827.60616060615,-7.33170771483234,-0.231352895139597,1.60674975411621,1529.95472781062,-983.701003525169,6827.66845130056,2.61855657798832,-6.83313348670942,-1.71222816708724
-6940.13251456071,293.685355937993,-1901.94370600263,1.98267233807604,1.09434513242709,-7.08711254364569,-6939.86637395731,293.513127604022,-1903.51388136514,1.7502318464938,-2.57462896989499,-6.72407064529766
2444.00914092302,1037.61548057188,-6700.64020260426,6.98714991776932,-0.385300434603482,2.48815752264031,2443.99282364893,1037.53245247575,-6700.52639032367,-4.76756645576837,-5.10718334875229,-2.64181504660068
7074.41372869289,190.239900160154,-1244.08828807313,1.29708279156567,-1.10869894543683,7.25041591035613,7074.34560431726,190.172006350737,-1244.08551886613,-1.31100522038556,0.91507011100104,-7.29272833028417
2390.05284676878,248.436406625011,6440.78926225152,-7.14018008521825,0.101840791466745,2.64024259418084,2390.05643238137,248.386939779208,6440.82836334246,6.73242915254554,-2.77480369418074,-2.27113780148297
-379.895103371027,-1071.64680841297,7091.6565621589,-7.43908621952406,0.0588078244992867,-0.389161146005092,-380.118357298953,-1071.59246983048,7091.66818799474,-6.5496767749854,3.59049632834086,0.183460471649092
-6940.55450940464,293.103880417304,-1898.17279777845,1.97925223906955,1.0945922449695,-7.08869347033727,-6940.26637454479,292.925044095331,-1899.79597234756,1.74732212611173,-2.57438595151017,-6.72562752125132
6530.89321526216,-460.403202675167,3004.95672607766,-3.14915315549963,-1.02097508586703,6.66368644838805,6531.00381735592,-460.47072666061,3004.49535194892,-2.45880041844084,4.13584495689608,6.0744583872247
-3431.34876456699,934.634953462351,-6231.54047851887,6.53781033847599,0.528387906181863,-3.52293740390613,-3430.80528539702,933.023668536808,-6232.00447207079,-5.11082885426604,-5.01512335890606,2.08357019823286
5002.94352456574,-757.960133481736,5069.29272338096,-5.345422394903,-0.769652682421062,5.14748174402898,5002.55644285752,-757.897360887794,5068.90224463091,4.84945120404267,3.76566210787955,-4.22961141036126
-747.463642964297,1069.49670462756,-7068.73865937894,7.39590891049791,0.116457688549015,-0.769713367126222,-748.823692041501,1069.35097064557,-7068.63942672831,7.27831441468499,1.38751751816818,-0.514733532901239
-1977.97547742638,-911.089367828671,6649.0268274775,-7.23632127647218,0.291484818231081,-2.12721490953088,-1978.13148094311,-910.764044114227,6649.03286615265,4.38094660747354,5.78396722935596,2.0955433203519
-6939.51815131983,293.749332491801,-1902.35977697748,1.98349859060563,1.09438761350839,-7.08739418262982,-6939.46688014939,293.64629682151,-1903.36858058311,1.75050348034717,-2.57456323125161,-6.72450206417988
-6938.31044739502,294.415295304132,-1906.67222878401,1.98800661327642,1.09419668105251,-7.08615613987829,-6938.2556569619,294.311272895537,-1907.68906179267,1.75443435355734,-2.57473180841155,-6.72340901225422
-6708.95706380374,323.654483098937,-2236.20930430715,2.38867805684904,1.01884408884028,-7.03944039122733,-6709.04031773095,322.374972202176,-2236.56347455424,-2.3333715696401,-2.47352347774486,6.68743693046074
6983.92076740994,72.4352916541903,-524.998509075456,0.566632887521854,-1.02891306252794,7.45737920282772,6983.90648998158,72.1487418088896,-525.352902472401,-0.0410483417481391,7.53310914537835,0.558915419385317
-6936.54629406328,295.678677700277,-1914.84341559558,1.99612680293842,1.09377319802582,-7.08337421936785,-6936.22821187581,295.488136058139,-1916.56589463044,1.76205636447859,-2.57513836986005,-6.72074176621463
-1172.1422406649,1056.95684812713,-6999.41289436956,7.34308304984639,0.181751570786107,-1.20359645429861,-1172.48990683209,1056.48971308624,-6999.17557660209,-0.783357429873411,7.44105639938814,1.18049492421656
5395.99539445413,663.000465363641,-4582.78579888153,4.86875264721944,-0.812640873989025,5.61711747045034,5396.04440808849,662.713560597427,-4582.79440116637,-4.50440335120954,-2.07647872641786,-5.63702477794434
-1172.14368910388,1056.95731729414,-6999.41357315078,7.34308186295807,0.181751817192803,-1.20359767192316,-1172.45653304079,1056.52885089181,-6999.17531214652,-0.783342280809911,7.44104179286131,1.18059162892967
-517.978855056166,1085.93332199162,-7106.36412089006,7.40711704696472,0.0797783777393372,-0.52206888108459,-516.365695215971,1086.01682995714,-7106.54899109457,7.37647904539715,0.849002494902824,-0.441945924685629
-1176.58971502652,1056.84738192098,-6998.6852204632,7.34231274513461,0.182442305046501,-1.20817016107812,-1176.91030785083,1056.40946843981,-6998.44513747837,-0.783325912662682,7.44098455131842,1.18097064828582
-1172.14151010263,1056.95664049288,-6999.41650118122,7.34307987625213,0.181751195096079,-1.20359481967578,-1172.44972041372,1056.53262916495,-6999.17601109105,-0.783344267354202,7.44104154354882,1.18059334674046
-1176.59139579336,1056.84685423983,-6998.68815563388,7.34230952411912,0.182442277139475,-1.20817108932379,-1176.85836973748,1056.46810649499,-6998.4454750045,-0.783312735708575,7.44097011823716,1.18106627595032
3085.91258478325,990.482595298172,-6443.85035394097,6.71096000242112,-0.482794267700329,3.14093770613987,3086.27004904806,990.841359152408,-6443.57152275353,0.316358605575978,7.3131654394691,1.30804709718557
-1959.46152047634,1043.32315203836,-6837.37820134675,7.15493835623419,0.305899758131206,-2.00469514863991,-1959.25815650296,1042.71907145256,-6837.43371391605,-5.99019567544669,-4.41604334748145,1.22317688795266
-1959.4618918386,1043.323258598,-6837.37863094317,7.15493770054977,0.305899784931745,-2.00469524608343,-1959.267714055,1042.74892922243,-6837.42802841758,-5.99022358836559,-4.41602882640613,1.22308165029396
257.963034449549,1106.05242714042,-7117.9075445966,7.42063615951375,-0.0410051190369343,0.263884016631442,257.53615532192,1106.15486386908,-7117.98207270837,6.75774608686653,-3.14243956239694,-0.202072543619034
-1994.24341403382,1041.82246105306,-6827.5441096936,7.14464891616007,0.311323745763102,-2.0402411157344,-1994.02928175581,1041.18442303118,-6827.60744770069,-5.98067488522519,-4.42059108513184,1.25298048485505
-1176.59125381039,1056.84656061237,-6998.69031794772,7.34230749842672,0.182442067423569,-1.20817040823179,-1176.87181069108,1056.4519055401,-6998.44550517234,-0.783314761385274,7.4409701154984,1.18106632820796
-1176.59034725237,1056.84550941065,-6998.69015145743,7.34230805285399,0.182441772729572,-1.20816962748913,-1176.89477437025,1056.42427077672,-6998.4457583157,-0.783314206934758,7.44097016325773,1.18106606852251
176.556095490134,-1101.31183256984,7102.65732655053,-7.44203173744866,-0.0279947217755334,0.180544831150787,174.988867195463,-1101.44197912517,7102.58133471325,-7.31107918046125,-1.46988406296799,-0.0507381893154396
-6771.81994180604,-73.3804075729595,2123.24204718484,-2.24946777832897,0.24698821601494,-7.14653040199308,-6771.66600425204,-73.3000563036493,2123.20686012902,2.18624289803473,-2.12500390929009,6.84241701740736
-1955.11551387612,1043.50866572625,-6838.59443981286,7.15621386937292,0.305219771123239,-2.00023903563858,-1954.90668753946,1042.88727654104,-6838.652776883,-5.99137028516505,-4.41547717911416,1.21946665475907
-567.399431296711,-959.725458987428,6893.05521219686,-7.5375570800374,0.0845270151867074,-0.607097463330483,-566.917588619216,-958.972778335689,6893.18851235505,3.22872160925243,-6.79740591566678,-0.665272838293746
-1955.11225150622,1043.50861862659,-6838.59629369843,7.15621401653608,0.305219100829027,-2.00023526625958,-1954.91115655914,1042.91229105059,-6838.64945379291,-5.99139733486952,-4.41546318149793,1.21937551746705
686.162081391569,-1025.5963328981,6987.22525351319,-7.45333084850096,-0.105170939048654,0.716510082668104,686.091972030748,-1025.80951802028,6987.17714904319,6.12516972848759,-4.13931923398581,-1.1951542440198
2261.04728172071,245.770618983553,6487.932286436,-7.19192163400268,0.0945554171505431,2.49609409543094,2261.21385271783,246.897589107481,6487.82861103543,6.85876954338373,-2.42220786543694,-2.2869054019948
1820.98560790053,1030.12664529332,-6863.54201847578,7.19965452852494,-0.280442245215692,1.86852766264962,1820.76890132262,1029.58677291532,-6863.62516765478,-5.34624148421084,5.15257307041501,-0.709449762909052
1853.10671745333,981.490440797428,-6764.51988729289,7.23082724355278,-0.281632262330434,1.94102733194464,1853.00930899216,982.562816554604,-6764.59571157137,-6.92625807228859,-1.85766529446739,-2.16161270979949
3112.72867797506,977.745079807549,-6405.6413126394,6.70451891450528,-0.485931662098841,3.1835434379947,3111.9724950758,977.513643757335,-6406.06885864548,5.30289544205307,4.10099006609003,3.17957814225155
-343.957707594649,-1071.91620722078,7093.43817529259,-7.4409768986307,0.053237044349448,-0.35229641777522,-344.202677887592,-1071.85672773008,7093.45193901542,-6.55138577848763,3.58559143093409,0.215918847132947
-1963.80835688563,1043.13721219174,-6836.15995464077,7.15365856276795,0.306579755000817,-2.00915155962182,-1963.60381454104,1042.5303310043,-6836.21501588293,-5.98902015553332,-4.41660921846817,1.22688538028887
-427.895358135171,1065.31275786944,-7094.26279418878,7.42575102852894,0.0642736649600438,-0.428017405217321,-428.312202524564,1065.29034352315,-7094.18362300692,7.42356848664474,0.332284162919195,-0.363631606597797
-1421.06900350059,1035.37983292861,-6956.43998905943,7.29585617524363,0.21703943349096,-1.45822443680797,-1421.58170462577,1034.76512729699,-6956.57170507295,-1.70723973307994,7.12397259813072,1.35211485960319
-3616.61028232047,-815.361082969087,5930.98818146216,-6.46499637922828,0.53069913943416,-3.86032644093255,-3616.9319536556,-815.432465229511,5930.86472979691,-5.63655494379997,-3.21071241250301,-3.85559138010671
411.015047775182,-1068.95141524343,7066.71465519424,-7.447715848368,-0.0639263313903415,0.422607971252159,411.123298088137,-1067.88261577987,7067.01789804438,7.35375946088085,-1.26677377930124,-0.621642955659798
-1955.11530800239,1043.50921973818,-6838.59494184523,7.15621338079741,0.305219833939,-2.00023853129126,-1954.89710897524,1042.85834173916,-6838.65824200246,-5.99137077380642,-4.415477335996,1.21946683708014
2747.53436144318,-880.286768528185,6374.00369140863,-6.94167523653265,-0.405810233232265,2.93839066953236,2747.71928060667,-880.557056359927,6373.91801295478,2.55663308791589,7.13107968716728,-0.33793368139957
-5210.9488061979,739.542674856852,-4875.56586381383,5.11774601464801,0.811682800575408,-5.35115110235329,-5210.72907465634,740.791747864193,-4875.60893183505,-4.47149364779038,2.86413643211088,5.25082232627057
420.037398393991,-1068.87424256603,7066.19954647023,-7.44716801118914,-0.0653294205418924,0.431883294300069,420.147234443917,-1067.78441187451,7066.49855280551,7.35321916184773,-1.26538213537691,-0.630842631245569
4550.33476318161,-229.167302777026,-5098.71229983688,5.69115448872273,0.228023908094244,5.07325835920883,4550.55523078823,-228.965435766988,-5098.54366397018,1.5716664923406,7.48253322461963,1.77483521340369
1853.10830592678,981.491488934628,-6764.51900101032,7.23082712493091,-0.281632855938927,1.9410291005905,1853.01151000485,982.560343237785,-6764.59558603675,-6.92625819085009,-1.85766518936286,-2.16161120979657
420.557204057301,-1070.93098425795,7079.71898162354,-7.44005464817749,-0.0652484481353642,0.431343296375076,420.476592211318,-1070.71751997088,7079.84717478207,5.61113558302651,4.89517687371104,0.37835202770993
-2240.08746738659,951.09312441528,-6437.81668122084,7.18751910960267,0.361389294068921,-2.44618357424774,-2240.71065753634,951.842814313492,-6437.45533174879,-1.20869590258328,-7.47104474536947,-0.676544384281495
-1577.31213532224,258.009499525596,6683.48905175553,-7.41181926199253,-0.0672436383334722,-1.74187442543834,-1577.61453715792,258.152421802377,6683.41071472688,-4.6703470720724,5.93868755318676,-1.3671456683846
434.052922646973,-1070.81229200388,7078.9214344939,-7.43921957074983,-0.0673470890699143,0.445216140420063,434.004607362452,-1070.68346911263,7079.03785574172,5.61045612552159,4.89674293557134,0.367999692467126
6885.9956270581,-204.663966744596,1414.93566024322,-1.60484121931037,-1.04571032244492,7.22947250564237,6885.95586619512,-204.641439350194,1414.92677876242,1.52612899124562,-1.25528327998842,-7.31891341675632
-2576.52055768601,-893.781100414627,6455.29476043378,-7.01695967067743,0.377202303348309,-2.72431664154332,-2576.88196809703,-892.848759700276,6455.30760166228,4.98633604494733,4.95393860729314,2.80774308768325
765.332253562639,1053.35917748019,-7056.12269597626,7.40044542478968,-0.117402145184154,0.786437161785859,765.075990907387,1053.5301511712,-7056.17528085149,3.37233781643371,-6.59998769292572,-0.660709507022063
-1985.56482666666,1042.20115537093,-6830.01731763834,7.14724098588478,0.309966216407598,-2.03134208857146,-1985.32094009684,1041.46855223792,-6830.09742006667,-5.98306096494126,-4.41946049929992,1.24556887741292
-269.11333566049,-1072.36799251031,7073.1702048386,-7.45452794259098,0.0421232631365624,-0.277837333635844,-270.180132259077,-1072.24337850834,7073.17331703865,-7.24647863271392,1.8170789468214,-0.033005689554741
2159.00054445347,1011.41329017523,-6767.67283794157,7.09847622613461,-0.331173990390849,2.21597767208957,2158.53084792452,1012.1403742654,-6767.41313556257,-3.97684190217949,-5.90105956156264,-2.22088310460749
-1042.75906401094,239.128446776769,-7030.09399687631,7.39222954174861,0.0372574456682577,-1.09532061749018,-1043.53368329521,238.358625563094,-7030.06474223838,0.0584167593268256,7.46654164141994,0.21413902928709
-773.96591578349,1068.9588140158,-7065.17621518425,7.39513894192234,0.118684153685392,-0.784427957360156,-775.307869105736,1068.81596917959,-7065.08253329996,7.27768705712556,1.38966209896762,-0.528906950332396
-603.703750684345,1071.92417907042,-7069.09558198271,7.41641593500167,0.0940326679034566,-0.620121640068368,-603.389015034735,1071.36197450824,-7069.14481491847,-3.94127357751466,-6.26447052130828,-0.617893155859986
-5390.90545324576,200.017249210986,4154.6577243106,-4.68457464247669,-0.290999925615567,-6.04449092187699,-5390.89689091561,200.777199991707,4154.72138204737,4.56984733271705,-1.40235112690495,5.97812935299605
-3212.18261591308,988.883426421705,-6381.80091091996,6.64793419506755,0.506601566742683,-3.26936435499793,-3212.08835134634,989.092745250638,-6381.74710342114,-5.21390990596095,4.17682147815457,3.2335482281711
-1220.47140717188,-235.13088919268,6982.06967653967,-7.38262125450244,0.0432015634696534,-1.28283921180733,-1220.43547522273,-235.405031155484,6981.70354990997,7.28128428199633,-1.33638629511377,1.18927168676107
398.015174860623,-1071.12666131003,7080.99092803207,-7.44139198541714,-0.0617472608573773,0.408196454389931,397.964621198225,-1070.99316833198,7081.10917801666,5.61223929800129,4.89251846292402,0.395927391035195
-339.28731950738,-1071.95099297359,7093.67000539661,-7.44119445023957,0.0525144722227333,-0.347514871874582,-339.699567025277,-1071.84886552996,7093.68054821764,-6.55157191365298,3.5849852669008,0.219930086544932
-1220.47205440481,-235.131721957899,6982.0696401066,-7.38262096075741,0.0432017276474941,-1.28283953855953,-1220.43548317079,-235.401525759682,6981.70214230915,7.28128457576541,-1.33638642586175,1.18927119534721
1803.5349525162,1030.79983870666,-6868.04237447246,7.20439954657763,-0.277748088711836,1.85058109988666,1802.83140565772,1028.9793202003,-6868.45460791662,-5.34976611755359,5.15065620373059,-0.69668107768098
-1994.24418822899,1041.82332391971,-6827.54622374353,7.14464638309994,0.311323832478047,-2.04024062629179,-1994.01014615031,1041.12347740397,-6827.61902062007,-5.9806774184051,-4.42059125323396,1.25298060839893
-5934.75492138675,-611.484174661789,3990.46505561524,-4.20050632895522,0.932684773105742,-6.08656816066595,-5934.50396087927,-611.424049906439,3990.81525990318,-3.61780009112981,-2.83917287517833,-5.85657164738215
7074.41322638158,190.240006286939,-1244.08664663409,1.29707531245972,-1.10870130130375,7.25041770622718,7074.34620494935,190.163980332299,-1244.08520688283,-1.31101269952792,0.915071834613808,-7.29272596672507
-2135.09250703687,972.982736287945,-6682.00836316926,7.14344089466193,0.325633129802777,-2.23629369644966,-2135.00736021547,972.75176514018,-6681.97801704844,-6.16352966228194,-4.10393940886707,1.38666663617751
-273.611167744962,-1072.34198238071,7072.99974847578,-7.45435152934656,0.0428261475546239,-0.282473481295099,-274.80672827222,-1072.20194275394,7073.0005432458,-7.24628335651196,1.81777721764423,-0.0376114143090748
-1220.47241675013,-235.131799164521,6982.06912247017,-7.38262133033748,0.0432017809736502,-1.28284060694252,-1220.43628868664,-235.406381418868,6981.70158676915,7.28128420619421,-1.33638640598907,1.18927010824032
-1220.47152239325,-235.132004911637,6982.06996262156,-7.38262095126898,0.0432017572853262,-1.28283893256418,-1220.43511586771,-235.404688632104,6981.70183464277,7.28128458523829,-1.33638649248026,1.18927174769743
-3526.04439823282,931.328738168915,-6178.75423027833,6.48367635694171,0.545612366206992,-3.6197684962593,-3525.99567352973,932.530634645437,-6178.84561584935,-6.24714249906514,1.61984260445831,3.72064817915412
6986.44247408713,67.6409092105004,-490.250399054846,0.528951963571212,-1.02929371647613,7.46014948098673,6986.42294722925,67.7639903026759,-490.096084812049,-0.0390294910010913,7.53322460180575,0.558809849443544
-2358.22279964272,-1019.64549242877,6697.22104542236,-7.04057032388389,0.368148826998053,-2.41806142553456,-2358.49833637054,-1019.01825307631,6697.22268633621,4.46463520785686,5.40946521454719,2.45401555706545
429.555232413639,-1070.85278256299,7079.18897451369,-7.43950182014065,-0.0666477664471678,0.440593073964222,429.489820097862,-1070.67903914581,7079.31359853201,5.6106798399405,4.89623069605975,0.371386033817856
2755.61934358018,-879.812431763052,6370.57601512628,-6.93794433037747,-0.407002996491107,2.94703044108612,2755.69672013321,-879.917157192537,6370.55930422485,2.55494239288121,7.1315316126398,-0.341207596963666
397.797926703972,-929.332788828357,6909.49010728727,-7.54598196162954,-0.0552588998113858,0.410842044062785,396.4125311048,-929.90476656038,6909.46905973007,-5.37493531458775,-5.28368148349671,-0.407171123287606
-2143.57854079833,972.596520378523,-6679.35127253868,7.14058433227478,0.326930048728319,-2.24519873535222,-2143.4377086769,972.165884859136,-6679.36096570097,-6.16103759464943,-4.10506587938248,1.39440132625289
-7163.11562365828,47.7254180607658,-317.713059226908,0.325767370111462,1.1067427410338,-7.3676952369151,-7163.1988750345,47.3161531256647,-317.747190021158,-0.26485280459094,-0.00890897348762989,7.45080166657224
1784.34584352504,-939.650867272594,6695.6943333784,-7.29940488733582,-0.267144392138542,1.9035899657176,1784.87062646049,-940.996701889688,6695.19252238212,5.12410308569495,5.50888238098937,-0.595222948050356
-2139.30152185495,972.794179900632,-6680.69977012635,7.1419806331863,0.326293404321919,-2.24082357111201,-2139.18236554871,972.455116952558,-6680.67691607602,-6.16235732554282,-4.10447410615491,1.39033469528749
2751.57734501842,-880.049774338792,6372.29093734463,-6.93981125724133,-0.406406783935084,2.94271169497174,2751.68549208593,-880.201003048356,6372.25651136422,2.55580783382799,7.13129932213007,-0.339524781795806
-5967.4009298829,-130.878322667727,3826.97697378585,-4.05729642841821,0.215658146508275,-6.30599052498145,-5967.39987930327,-131.163816543673,3826.91635275983,3.89929311857398,-2.35779579271943,5.95154484568807
-2518.75426900196,1007.47094558446,-6669.93281501912,6.96293825727026,0.387940417832461,-2.56833977271276,-2518.77422938626,1007.39292765511,-6669.91034666565,-4.89591142961478,4.94990647533084,2.73725364917626
-2127.40470144867,-923.463191780348,6596.99585801137,-7.19221694368484,0.317734709131016,-2.26981034432441,-2127.78881539231,-922.524261809691,6596.96020976889,4.76866841276069,5.38372431874078,2.28207273620602
-1220.47147109897,-235.132310832453,6982.06954222421,-7.38262130045363,0.0432018300185439,-1.28283934607663,-1220.43546158165,-235.411361272245,6981.70021615381,7.28128423605577,-1.33638653295193,1.18927127100768
-894.669632870265,-915.637523073793,6871.023322246,-7.4628793338258,0.131738538454284,-0.988573690872558,-894.631955657612,-915.668935144662,6871.02121752779,-1.30697029493387,7.39465204426743,0.814204537868356
-2113.8297460457,973.949029858384,-6688.63169357029,7.15049418180096,0.32240055093506,-2.21408964887132,-2113.63648526203,973.329224923061,-6688.67845256118,-6.16967413594528,-4.1011484306742,1.36749583057213
-1220.47107743524,-235.130102841472,6982.06979414996,-7.38262120925021,0.0432013986335874,-1.28283862801961,-1220.43476379935,-235.407156727305,6981.69977848087,7.2812843272579,-1.33638618046373,1.18927242656457
6984.40856606859,-266.955568120794,1720.554268425,-1.80909390083493,-1.10714707959076,7.13566430004196,6984.16278855184,-266.106262327749,1720.62436211493,1.80841835434705,1.11771953637618,-7.13793048212135
-3301.41417116425,857.470438275516,-6126.84462617994,6.63834336720878,0.492432723744798,-3.5185452449099,-3301.38307713809,857.308563628049,-6126.7171295888,-5.55572314952575,3.67003681109377,3.48976891315786
-5393.52113029606,199.853591108258,4151.27588617375,-4.68076890903531,-0.291139901102459,-6.04742404892358,-5393.52053573545,200.424822603951,4151.32819415397,4.56613876017768,-1.40221401842842,5.98100220930042
5006.16664468141,-757.495633915383,5066.18538681782,-5.3421449506226,-0.770149086412577,5.15080099238804,5005.77275730224,-757.446820041934,5065.78129806341,4.84647758947611,3.76611294288163,-4.23262595932713
690.319711341699,-1025.26375068641,6986.89032892753,-7.45284406988508,-0.105866142913661,0.721445758389612,690.249539707639,-1025.50655422901,6986.90719349145,6.1107723304507,-4.15924411396647,-1.19935127058451
-515.242326276128,-1025.49718716572,6985.10932662652,-7.48637130474022,0.078184021797538,-0.532543282079578,-514.200041112898,-1026.00090847444,6985.09462335515,-4.69247357868855,5.82866764476562,0.514639396968483
794.215555723859,-937.822727754569,6877.52511342145,-7.51090255889173,-0.114223034951373,0.837651176286529,794.354858268396,-937.990586636917,6877.53078765995,1.62496485848129,7.46234048193453,0.686777397327659
2163.29782567321,1011.21201592514,-6766.33235074618,7.09706237440647,-0.331834138299583,2.22039696898201,2162.79867248071,1011.99594406079,-6766.07095463338,-3.97601346603068,-5.90069175159939,-2.22334543272212
6984.40873497729,-266.955549194574,1720.55441813847,-1.80909361401656,-1.10714688629462,7.13566418095557,6984.16276355776,-266.105642983761,1720.62455625377,1.80841864115636,1.11771938816714,-7.13793065444168
765.331607965308,1053.35896303321,-7056.12167926624,7.40044668155492,-0.117402065190393,0.786436671328989,765.209734918916,1053.44632400876,-7056.17379386719,3.37231774058435,-6.60001698624073,-0.660513261585803
-1603.53781549272,-926.705942718881,6754.37414160066,-7.3389268059109,0.235219337320629,-1.71440903506894,-1603.17195393534,-927.307885882742,6754.35121970499,3.29657741001084,6.56972574833661,1.69321948504952
-5361.51924173813,-648.672630136397,4562.75915338706,-4.90278179384471,0.80067062572472,-5.63190046303522,-5361.47556812558,-648.797022860329,4562.73680454821,4.59264040871803,2.11825599800949,5.59021977517926
2167.59618367853,1011.00989520331,-6764.98705825046,7.09564639718453,-0.332494534180453,2.22481822288453,2167.11646262169,1011.75404958596,-6764.72471634016,-3.97518278283819,-5.90032448291655,-2.22580430523887
-6703.35918582758,61.5552217843418,1564.10266163892,-1.74208297049944,-0.291381610489424,-7.40392745903385,-6703.46506580605,62.2693352083853,1564.06393645252,1.73179492805219,1.02362944214077,7.34752970429253
6454.24596488078,468.848355608011,-3125.48203660764,3.26975926904862,-0.992391046192544,6.61556482085675,6454.33908949279,469.088416954117,-3125.53737900762,-3.21482703549005,-1.51448047993392,-6.56073537841386
2171.8954720626,1010.80950917836,-6763.63834495793,7.09422698040646,-0.333155785304089,2.22924026122205,2171.41964541068,1011.54519302109,-6763.37557028834,-3.97435116769958,-5.89995683319972,-2.22826280371176
-894.666135037026,-915.637877369213,6871.02595303494,-7.46287756513899,0.131738152175311,-0.988570777240496,-894.824273375393,-915.501746359997,6871.01750845923,-1.30694292493456,7.39467785800511,0.814010838633548
2171.89658483542,1010.80947920929,-6763.63826244995,7.09422635426651,-0.333155927140317,2.22924125192986,2171.423305742,1011.53998561761,-6763.37534781584,-3.97435179379709,-5.89995698653214,-2.22826179871129
-6710.32744534239,323.054204485002,-2232.06279719457,2.38425555597293,1.01906254840141,-7.04095284011904,-6710.37265832048,321.136024931086,-2232.5662911506,-2.32895884833163,-2.47374312295224,6.68895752204503
2167.59917921009,1011.01043598703,-6764.98475879759,7.09564658798116,-0.332495381947764,2.22482195813327,2167.07571944521,1011.84351605416,-6764.72487218708,-3.97515238312906,-5.90031067196438,-2.2258955626604
-986.672107095333,-985.138696890386,6926.52336450402,-7.43596614536884,0.147372171324181,-1.03617152799907,-987.326981670359,-984.629188950741,6926.79937434671,-0.993955350357522,7.39041123779691,0.877974594526873
-6704.34527452981,61.3894811804974,1559.89304740381,-1.73742763207487,-0.291424032766189,-7.40501401341686,-6704.44953607795,62.249691560982,1559.84085439688,1.72715471094095,1.02367207135531,7.34862151459312
-2123.21423060871,-923.647903686106,6598.31757806096,-7.19366007181755,0.317107108977124,-2.26532767564843,-2123.65915644719,-922.566184304195,6598.28273530593,4.7696446794248,5.3841521903059,2.27901665161623
2154.69809918264,1011.61250827376,-6769.01380787956,7.09988728976704,-0.330512243877774,2.21155232781854,2154.15136903733,1012.49412534004,-6768.75534336104,-3.97763872445114,-5.90141324666854,-2.21851805600644
5006.16523290908,-757.495736263882,5066.1871628477,-5.34214813676623,-0.770148449641225,5.15079783909528,5005.7777768054,-757.468232259343,5065.77975534197,4.84647440305981,3.76611328401123,-4.23262925579901
-1612.1052829327,-926.429822928644,6752.36624207909,-7.33674973178099,0.236474391131693,-1.72355775232032,-1611.72679990743,-927.058057959267,6752.35287103852,3.29558535217318,6.56916452567956,1.69731045571648
-1042.75647540898,239.128962159033,-7030.08623194768,7.3922381334281,0.037257557686615,-1.09532033627806,-1043.49171015457,238.400212269919,-7030.06941895198,0.0584253512367246,7.46654160866674,0.214140133359427
-6703.35926932743,61.5553866293874,1564.1049136855,-1.74208600148079,-0.291381935156477,-7.40392653993893,-6703.46695719975,62.2210390732495,1564.07093424362,1.73179189714204,1.02362983542087,7.34753055937264
-6940.77547495952,-81.4411337239165,604.962438499207,-0.67936790168316,1.00486798436088,-7.46437502141552,-6940.77973655688,-81.6479125654873,604.963398794622,0.657142554958961,1.04664052271001,7.46160118934084
-6237.06930897021,-437.21276344956,3166.14659490387,-3.4382596650555,0.918323012848834,-6.65017484843573,-6236.81828187243,-436.871011528498,3166.52709660257,-0.300336321603834,-7.69315932582836,-0.985845753876047
-1042.75619440961,239.12766350178,-7030.09699877339,7.39222739157142,0.0372571793210471,-1.09531683377564,-1043.66765937507,238.219757470032,-7030.05074078269,0.0583999454553874,7.46654490268404,0.21404301635665
1831.45914659136,-1020.50706241654,6845.43208992643,-7.21289453075056,-0.280845879461452,1.88387165558916,1831.63704176283,-1020.68962211232,6845.53445777827,1.23534604984062,7.3136936048679,0.746362303385195
2158.99983418167,1011.4127389695,-6767.67415945446,7.09847555928634,-0.33117355920652,2.21597642467076,2158.45307799897,1012.29295434452,-6767.41434266336,-3.97681248016291,-5.90104551485642,-2.22097806787996
2176.19420373171,1010.6064809515,-6762.28851359148,7.09280347892823,-0.333816044329069,2.23366112016344,2175.71452500894,1011.34839149407,-6762.02442918723,-3.9735192666959,-5.89958999636386,-2.23071908864632
-3183.70889523831,991.041134536309,-6395.71180357906,6.66243067416328,0.502119423304234,-3.24043163941774,-3183.8325136761,990.562772883483,-6395.66684835408,-5.22525869639853,4.18038697445825,3.21053276780274
-1224.86227581234,-235.104497727147,6981.30557862163,-7.38180829770151,0.0433577124503214,-1.28747955682632,-1224.82595093714,-235.393041195566,6980.93048354072,7.28049534482588,-1.3365433483083,1.19393871682855
5410.51956960273,660.574245808883,-4565.9868645013,4.85084700366926,-0.814836866351252,5.63226153220835,5410.64172360327,659.607648066739,-4565.98005905169,-4.48791225718775,-2.07446515528351,-5.65091015101264
-3370.39963368624,227.410331333978,5985.03405985486,-6.64015836398226,-0.141533583218127,-3.7248977561019,-3370.3937539314,227.134205871169,5985.0958430583,6.48854975543988,1.77082472189651,3.57251014607673
-1224.86355834863,-235.104187613401,6981.30514032418,-7.38180828867131,0.0433577159078803,-1.28748128059396,-1224.82825259891,-235.40130987251,6980.93129650263,7.28049535387178,-1.33654323992804,1.19393705123578
-7159.8081784486,59.0456761687438,-388.671307273116,0.400723263884989,1.11839372173781,-7.3618805872711,-7159.97814721657,57.0857498073869,-388.664434137297,-0.395722229084418,1.23910710988526,7.36480240985899
1729.77439227949,-987.193171941494,6779.44929576795,-7.281567359348,-0.264367579536539,1.81551055598117,1730.1245688436,-987.979356725494,6779.13070727896,4.64703981157241,5.90181498141279,-0.289525420649753
-6704.34251005842,61.3895923638039,1559.89199595967,-1.7374299446309,-0.291424817603672,-7.40501555363356,-6704.45105040369,62.3824179101752,1559.82898671148,1.72715239833679,1.02367272711517,7.3486198459767
598.517809245492,-1074.76659998239,7082.07948633811,-7.41778854116051,-0.0926089111224456,0.610235892357184,598.325291069602,-1074.85565425322,7082.00829657621,-4.18384990318228,-6.09622112963668,-0.62511953944366
2158.99939612433,1011.41294562032,-6767.67382330498,7.09847605813891,-0.331173609518873,2.21597619766409,2158.43578967863,1012.32745465471,-6767.41499585876,-3.97681198135617,-5.90104540044071,-2.22097850177154
-1607.82197562868,-926.567466121916,6753.37054235827,-7.33784031892512,0.235846846316773,-1.71898412475735,-1607.43009236269,-927.21694201234,6753.35480346196,3.29608143048913,6.56944528184892,1.69526430477811
1260.69755203976,923.355099913401,-6833.1099923689,7.41190275995442,-0.180721450959957,1.337388408658,1260.55110493613,924.153665773439,-6833.02811509454,-6.9249984739325,-2.50375237794114,-1.64884278443451
1177.17473137712,-256.077823304605,-6783.56999594824,7.48210573195719,0.0489447261232905,1.29655314007357,1177.26981099314,-256.297264162537,-6783.5669278767,-5.21016656662696,-5.47822514138498,-0.695095673978185
402.03106415784,-1069.02693308024,7067.22122957217,-7.44824623513683,-0.0625252593881812,0.413346106117412,402.142531702958,-1067.9196483291,7067.52831577788,7.35428889997392,-1.26815515847396,-0.612511273326577
-6528.8014668033,-89.2056576699287,-2191.51350343721,2.4155193849535,-0.293347759789849,-7.20666045429218,-6528.8031257891,-89.5180371660165,-2191.81106957511,-2.02875044526897,-8.92763450524376,1.88223367273902
-5380.36415777919,-731.22482203792,4729.98033003585,-4.95265484692794,0.848441620320771,-5.48819476782204,-5379.06084979406,-731.090904368301,4731.42135780064,-4.63101240259292,-1.85288236396441,-5.52805808940633
1784.34683735608,-939.648279738418,6695.69550574558,-7.29940387963641,-0.267143457243354,1.90358888128429,1784.80758340131,-940.83932831289,6695.23310857871,5.1241040937037,5.50888230909746,-0.595226360775799
-6750.66355767554,377.081721724474,-2489.31745323305,2.59687726203971,1.04387435939678,-6.89116457739332,-6750.77081032398,376.778608706696,-2489.34980129036,-2.50325383689707,1.38442351630368,6.82767116997954
-453.245511458457,-1054.0280136059,7090.06804011284,-7.43447274963462,0.0691696593418517,-0.465277694457889,-453.60788305621,-1053.8565703046,7090.06756397393,-4.75237343731877,5.74123865152093,0.63024313177447
-603.706220609065,1071.92449435047,-7069.09805821505,7.41641273549707,0.0940329960302259,-0.620123844734693,-603.396296815099,1071.37088763066,-7069.13928222645,-3.94127677692011,-6.26447019332143,-0.617895307667744
-366.537585647968,-1071.74856775098,7092.33144570749,-7.43981980005242,0.056736209504612,-0.375452304111907,-367.025490222024,-1071.62717956637,7092.34064144552,-6.55032489972235,3.58871702971165,0.1952349648198
-448.864294577305,-1054.07011719439,7090.34824649903,-7.43475165326878,0.0684995853364966,-0.460770170831471,-449.163703476907,-1053.92785435269,7090.34470959669,-4.75250027004114,5.74080965485075,0.633128955735282
2163.29799727258,1011.21220244355,-6766.33217783799,7.09706236586332,-0.331834239062515,2.22039717744684,2162.73363034535,1012.12714879537,-6766.07247707331,-3.97598332574142,-5.90067762317624,-2.22343969494857
-1252.08136503823,267.778461642354,6749.89999338177,-7.48889778399057,-0.0548891251129811,-1.38358569547769,-1251.53656516083,265.901082846934,6750.11363192967,6.26468534858523,4.2071019513586,0.996234210074881
-6704.34235465708,61.3896554409669,1559.89201040403,-1.73742940535931,-0.291425117576086,-7.40501563577623,-6704.45306120731,62.3846899722215,1559.82931290098,1.7271529376087,1.02367301745506,7.34861971121824
-410.73758322707,1065.21013480929,-7093.57779438419,7.42866136680957,0.0612698974006936,-0.408014285359539,-411.074329090437,1065.18785279445,-7093.49674889216,7.42642207248631,0.329281173641548,-0.343633676343014
35.553076636982,-1056.13802879299,7080.25339372487,-7.46007073741605,-0.00550462477908806,0.0369023697780423,35.8048046385229,-1056.94254232938,7080.28579478925,6.08804253473144,4.25706992100988,0.618964831330208
5019.04335288936,-755.636525846916,5053.74102793613,-5.32902007404781,-0.772131354087767,5.16404781628681,5018.65079718791,-755.611999437422,5053.32881300449,4.83455802437171,3.767816987947,-4.24468922779118
-1224.86064777976,-235.106558758368,6981.30507527841,-7.38180923761216,0.0433580697101623,-1.28747878181123,-1224.82699269599,-235.420899951868,6980.93139482176,7.28051167630757,-1.3365404137972,1.19384064052125
4.02304713770196,-1056.14907897544,7080.34044140924,-7.46016206992306,-0.000657947541053284,0.00441081723410232,4.27348552821768,-1056.95161703399,7080.37291769765,6.08805406157086,4.25311328867692,0.645489835354531
-1224.86228517374,-235.106001054136,6981.30382570222,-7.38180965725393,0.0433580633101117,-1.28748142042375,-1224.82867789156,-235.419975699635,6980.9306462099,7.28049398525208,-1.33654355213781,1.19393654472735
6454.24699607619,468.847600985515,-3125.47992600775,3.26975734189916,-0.992390298201576,6.61556601785159,6454.33905739451,469.099072045382,-3125.53519724431,-3.21482896256922,-1.51448153795537,-6.56073410990033
-1256.32529640854,267.748000843631,6749.1095335302,-7.48802724709127,-0.0550760804005739,-1.38829360754435,-1256.05254282952,266.797686080603,6749.23499877551,6.26400759891006,4.2072461930806,0.999866216515716
3964.78027843844,889.799482405232,-5930.23916195681,6.20418514551954,-0.608986356815011,4.05869481110988,3964.73478381534,890.117249607271,-5930.28428937278,-5.40966878864909,-3.40654913977741,-3.9321414200385
-352.292028682667,1066.7980847046,-7100.71164524995,7.42678300897936,0.0542544968159357,-0.361121831749049,-353.522066650726,1066.59265994751,-7100.72436149981,7.01291013479335,2.50931427665427,0.0123601571621487
1784.34570164136,-939.650331754586,6695.69551706494,-7.29940416357077,-0.267143821147403,1.9035873172105,1784.96996435053,-941.23530294162,6695.135517032,5.12415484251556,5.50885581997818,-0.59503468734587
-986.669799194084,-985.138129877018,6926.52191172705,-7.43596820830241,0.147372008645322,-1.03617075755362,-987.087864763986,-984.841048989899,6926.80471472284,-0.993999307571143,7.39036934428336,0.878269096201879
5019.04110227828,-755.63625032022,5053.74178750514,-5.32902320537854,-0.77213063870567,5.16404568689325,5018.64927312792,-755.616667928039,5053.32797181702,4.83455489279648,3.76781699482104,-4.24469169931943
4719.77985928558,-741.221463819735,5209.28525660856,-5.59666183225402,-0.705496057210101,4.95819549381626,4718.80270036978,-741.144888864221,5210.22851656896,-5.32979325441886,1.57232481334362,5.04973863353333
905.828711089659,-1055.7944852474,7022.42842731588,-7.40036313787888,-0.140053499563165,0.931537251816818,905.738969976246,-1055.66354263971,7022.54438350662,3.38674997681897,6.9038390731572,1.32566782265103
2763.36709910348,292.609292186701,6223.01632168219,-6.99251226042603,0.145331389509509,3.09079700562466,2763.37379536794,292.530976161923,6223.05508550486,6.83990789963351,-1.67007450724319,-2.96642079266775
2798.5921339866,291.868862459776,6207.28984619009,-6.97488676078537,0.147187650673146,3.13028493887923,2798.62551113753,291.955217069851,6207.33930536893,6.82261761692052,-1.67178645418994,-3.00496828816429
1786.27759169189,-241.002163017549,6848.76252095891,-7.26235344738858,-0.0664441349815805,1.888191993259,1786.39214439236,-240.764344376082,6848.81311716686,5.12459024493931,-5.305182209106,-1.53278135224281
-1594.47366225662,-1049.73057222954,6900.11127666897,-7.27333784036982,0.249428847363305,-1.63954487548822,-1595.59038303445,-1050.19449227729,6899.81080624604,-4.88961250367559,-5.24926179854761,-2.00897486474274
-352.291512909544,1066.7983949202,-7100.71435900351,7.4267803466609,0.0542543876075504,-0.361121136154066,-353.61856724887,1066.57594714913,-7100.72269472619,7.01290257214552,2.50932901176331,0.012262048381578
5006.16657252738,-757.496078780212,5066.1863188413,-5.34214579411434,-0.770149203092863,5.15079969395718,5005.78350928578,-757.499249962323,5065.76885172357,4.8464767458532,3.76611337967167,-4.2326269902199
-723.551282257185,939.658293283543,-6910.29326479085,7.49059134501876,0.105775257493914,-0.77787329881799,-724.124574844407,939.269254818038,-6910.26548340331,2.95096191382771,6.89601911710901,0.630629061171517
1780.09634778442,-939.805317494685,6696.8033487434,-7.30061286820734,-0.266505787542111,1.89904185437112,1780.603284724,-941.106100255039,6696.31642535236,5.12495204860217,5.50843553222726,-0.592040483482561
-2631.29815357799,999.332968658313,-6600.09566563315,6.92565828722063,0.408692807378436,-2.69920287668268,-2630.31392808722,998.691496361481,-6600.74006678329,2.7730642102735,-6.56518486801683,-2.09948267626615
-2631.29803818798,999.332976002829,-6600.09570910301,6.92565833233399,0.408692789760286,-2.69920275795605,-2630.3192211545,998.694945054512,-6600.73754169643,2.773064255349,-6.56518488569498,-2.09948255832402
-3609.07000082272,-815.986617875075,5935.53647193926,-6.46987627747764,0.529584680149241,-3.85221858247115,-3609.23637801427,-816.02351463843,5935.50620158466,-5.64088950603324,-3.2117077147124,-3.84835046568311
-2709.81341599833,-936.849669448952,6458.82441166993,-6.93746056232995,0.412582006680907,-2.84441065651516,-2709.74617552193,-936.772781392481,6458.70049801055,6.42920609593457,-3.20116012808052,2.16655768840723
677.047833385812,-1025.45534851561,6988.16636813537,-7.45420583320556,-0.103816872667029,0.707477600736508,677.04265368525,-1025.48823179703,6988.1996802669,6.1118619360622,-4.16090964956681,-1.18799866513694
5393.0780789399,663.487080958219,-4586.13910286083,4.87233310840663,-0.81220352533207,5.61408184243552,5393.17585675202,662.857678694867,-4586.14987501933,-4.5077063633926,-2.07688144511863,-5.63422944429581
2158.87852818493,1011.4145903071,-6767.69632724696,7.09841980728391,-0.33120689125978,2.21620266425707,2158.38354375262,1012.18964901804,-6767.43368302623,-3.97711950788206,-5.90099979092587,-2.22060935569053
2163.17659011962,1011.21418536724,-6766.35434336544,7.09700666102979,-0.331867603471212,2.22062335061427,2162.6805851128,1011.9906164405,-6766.09135292952,-3.97629038658241,-5.90063182511544,-2.22307131150342
2938.51303011801,-920.047164269622,6360.64218000861,-6.83201263135417,-0.446209236400093,3.08480638964612,2938.54507731708,-919.657462735314,6360.68066404067,6.71289522120747,-0.936748010396954,-3.22723090413471
1260.697467143,923.35646343446,-6833.10528442639,7.41190693944831,-0.180722288884785,1.33739171521456,1260.52964388176,924.276471533825,-6833.01525144184,-6.92497630878186,-2.50373918468072,-1.64893762866374
1260.70072436012,923.354983309011,-6833.10760612803,7.41190387484632,-0.18072214237123,1.33739323717466,1260.53319897826,924.270117844388,-6833.01521236574,-6.92497937331083,-2.50373980849033,-1.64893550784545
-2236.19007124282,-243.705699681703,6717.16436723052,-7.1194375545759,0.0858127377770332,-2.36521400792142,-2236.9754547703,-245.346362523942,6716.85176737974,4.2708328043001,-6.04722329025591,1.2064882982719
1260.70019281826,923.355561473778,-6833.10283312377,7.41190824702957,-0.180722774035594,1.33739614096032,1260.53705860987,924.25514667668,-6833.01942495262,-6.92497500113359,-2.50373991523661,-1.64893301243412
-59.2975423855092,-957.002034372483,6806.99583871634,-7.6343845636075,-0.0064519042013176,0.0458927896618229,-60.145628771299,-956.781346693578,6807.02866980492,-6.67312696252928,3.62762825573292,0.448948851331635
316.548242712523,-1067.93064986958,7095.93388062795,-7.44158971675426,-0.0489726556177757,0.325400731368259,315.743148899172,-1067.98861303585,7095.97597669961,-7.38527546089552,-0.896100165893915,0.235987786534276
802.938302007489,-937.689690704881,6876.54716503033,-7.50981793257527,-0.115496209937647,0.846987678024201,803.268907381695,-938.089516506525,6876.48526885705,1.62459087171196,7.46259161469447,0.684935680456208
4139.65918425084,-224.171204294932,-5502.79372807282,6.07268021801502,0.185894823898983,4.56319835480925,4139.87944793854,-223.596738199922,-5502.63160108722,-3.61647075569931,6.04388148295749,-3.02990276880549
5404.71055253356,661.543947451044,-4572.70773504713,4.85802030156961,-0.813958930516238,5.62621542919483,5404.83736665225,660.65742104426,-4572.71375430321,-4.49453909127979,-2.07527527956693,-5.64533130064028
2176.19404877275,1010.60637828981,-6762.28965321374,7.09280259311293,-0.333815844852614,2.23366038752592,2175.61362442317,1011.54945935663,-6762.02664740447,-3.97348982405821,-5.89957588892429,-2.23081384504754
5019.04076013898,-755.635940957668,5053.74192049754,-5.32902294819666,-0.772130355414665,5.16404604174052,5018.65029695887,-755.63294904589,5053.32157506536,4.83455514992706,3.76781667855517,-4.24469163379378
297.745134030628,1076.63670943889,-7101.52658055228,7.42954429490667,-0.0464432328951275,0.306339752570351,299.178312238758,1076.38375667113,-7101.4903498996,7.00150731339099,-2.52233501001478,-0.0477914196765712
-572.569305544791,1075.53196665264,-7071.08977663811,7.41920400518248,0.0892901975554028,-0.587036554443589,-573.689174028998,1075.07985506224,-7071.31569929856,5.04617472902913,5.4552412562575,0.437526589747967
1260.70149535305,923.354520401331,-6833.10835427117,7.41190303540509,-0.180722070137807,1.33739352133285,1260.52774132729,924.302431929268,-6833.01155456516,-6.92498021271967,-2.50373997838967,-1.64893503540736
-5375.42782550049,617.22025537207,-4449.66034914298,4.82301631646456,0.796965714113104,-5.74546812971658,-5375.41554495455,616.918359792693,-4449.72540951822,-4.74582188262372,-2.03657952527658,5.59667709969975
-6703.34647518779,61.5555586402401,1564.10215702621,-1.74209583747526,-0.291383521404042,-7.40393310742032,-6703.46971865758,62.7763165661315,1564.02235599291,1.73178206099989,1.02363089061852,7.34752375644412
1803.49577489598,1030.79979797979,-6868.05635893057,7.20437551830318,-0.277758994230008,1.85065760204104,1802.83241881635,1029.08729171152,-6868.43648802627,-5.34980896710304,5.15063397312637,-0.696535946171229
4928.99853890617,-686.912258041252,4936.30480846402,-5.37802312478663,-0.728020850147705,5.2317075267516,4929.01764184346,-687.11935492267,4936.2645083354,5.2505151406978,2.23219174296847,-4.94231698343197
1771.59581968667,-940.11601346693,6699.01177793463,-7.30302073999741,-0.265229526688557,1.88994603655656,1772.24654024857,-941.761166164242,6698.44267335815,5.12669401257176,5.50751460653681,-0.58547706102029
307.2220632706,1002.3033669638,-7004.11640983517,7.4843439063718,-0.0460483539820877,0.321785530894334,307.691383958487,1002.03916882519,-7003.95422272547,4.50283899601697,-5.93245115046151,-0.639417407720768
667.095127699671,1009.14370269947,-6978.17731706189,7.45805067483732,-0.101027741103504,0.698598874983687,665.298993165584,1009.77131738129,-6978.35384318039,6.00220859883359,-4.48002616075721,-0.0572976014929232
-849.97902815809,-1009.41615656045,6941.21803813465,-7.45484699237912,0.129703470109307,-0.891898159190389,-850.431122588106,-1008.05203269104,6941.86877835412,6.440321621415,3.67630145407199,1.32700475491626
-899.021529386492,-915.560434801528,6870.44570407422,-7.46226846439327,0.132361905307788,-0.993251591409522,-898.725305334265,-915.81357247411,6870.45401399668,-1.30691927911646,7.39472518211765,0.813655617370661
1053.03096767152,257.335938183244,6784.16689059696,-7.52550338836599,0.0441764317557973,1.16462139068558,1053.45586068624,258.465076411829,6784.05744793713,5.62724723098322,-5.0848930464103,-0.689468803670059
1673.76624890306,-969.580907240059,6795.93562609087,-7.29638263534885,-0.250717150939002,1.75730662475401,1674.71955453326,-971.168042786033,6795.3961788712,3.40061308898839,6.70989791850475,0.1817431268696
-7162.25405253735,50.4057879526578,-335.555960221355,0.344549217220125,1.10662376200491,-7.36689011892217,-7162.30378772881,50.6264484641764,-335.54146303651,-0.283103267074214,-0.00831146018831966,7.45017693674345
410.972942099273,-1068.94947102687,7066.71129400528,-7.44772318887422,-0.0639237017697342,0.422591151682807,411.083287703118,-1067.86741763191,7067.02898173832,7.3537569468026,-1.2667838897261,-0.621576686254154
1708.20294239359,-987.971920392397,6784.80749565795,-7.28729716681991,-0.261065600800957,1.7928373308702,1708.71985084451,-989.113781137875,6784.38969796112,4.6506284029344,5.89969020638358,-0.274935210331197
1853.08447865577,-1036.91820983538,6837.32782566695,-7.20673696799637,-0.288950647818678,1.90530268736284,1852.42427355471,-1036.16718385869,6837.58366966458,1.03655360731422,7.29544961211625,0.913217167218343
-663.311309773353,-994.80100583634,6963.66643310218,-7.47600834303074,0.0995039162241342,-0.696530512242276,-663.435295076877,-994.763039961626,6963.88132431559,-3.04053072539068,6.82503010672444,0.674365716088121
2482.19324825117,1035.49859815844,-6686.89498499849,6.97270049245074,-0.391396637059098,2.5274967123533,2481.78947345442,1036.37016169314,-6686.77379088767,-4.75718121128562,-5.1030813418616,-2.66828401326732
-6701.79270126715,326.677100047065,-2257.09028365155,2.41105818093983,1.01776642423466,-7.03198505317792,-6701.8370415978,325.557130818208,-2257.39076882108,-2.35533551754914,-2.47247835889662,6.68020659146286
1870.49391285162,-1036.21489371785,6832.67745257015,-7.20187760659247,-0.291671099743723,1.92323739485196,1869.62901778674,-1035.22801416816,6833.03586786588,1.03609524156704,7.29587497793976,0.910412329344691
614.679206919564,-1090.67039849383,7067.9686268847,-7.42203169508195,-0.097104996395547,0.629275758384402,614.318688788816,-1090.21765425586,7068.07959469595,1.81641612762172,7.1824675673994,0.943271379969037
3112.72599692435,977.746430416042,-6405.64114009314,6.7045208858155,-0.485932055044519,3.18354152324911,3111.90706498826,977.49578475211,-6406.10906051418,5.30294071345693,4.10100327509291,3.17948808377631
307.223294596117,1002.30333539475,-7004.12020898172,7.48433968779476,-0.046048464343951,0.321786489731943,308.204651249703,1001.78118873058,-7003.96650815946,4.502813086913,-5.93252210073199,-0.638921482891795
-1075.18550448828,1068.67958486497,-7051.82306099781,7.3406891779697,0.16603746215504,-1.09561603636291,-1074.82739848656,1069.0622968742,-7051.97803618489,0.584967682489417,7.33761044293942,1.00396324120038
5395.84807713041,663.015631044678,-4582.87287769164,4.86856141943432,-0.812678366079359,5.617354862496,5395.88315107445,662.954270986092,-4582.89519960788,-4.50483193382372,-2.07652024282315,-5.63671757296129
4129.19940691716,-224.491779784336,-5510.61525587491,6.08124751405578,0.185433385307705,4.55183187504432,4128.52857128391,-226.106359792048,-5511.00473355743,-3.62124277125952,6.0441275890553,-3.02383792688468
6521.315124243,-463.518452583365,3025.27437790405,-3.17036805592178,-1.01946835646341,6.65381942771058,6521.33751289103,-463.570813030152,3024.84091721797,-2.4756367486739,4.13711444180171,6.06680682733673
-1075.1863288985,1068.68461923179,-7051.82116917992,7.34069005584697,0.166038430874516,-1.09561697588894,-1074.81590943829,1069.07925040577,-7051.97723574134,0.584968560463747,7.33760986301734,1.00396759167517
1816.66347803834,1030.29213978052,-6864.65909523495,7.20086830001261,-0.279756940984841,1.86396553876283,1816.11446933754,1028.87836778085,-6864.9666414422,-5.34701375311923,5.15215534694998,-0.706669555616291
-1075.18471518247,1068.68538836392,-7051.8205396759,7.340691082595,0.166038339335356,-1.09561548164499,-1074.81589714019,1069.07873701657,-7051.9773782026,0.584969587112033,7.33760951978369,1.00396994532093
6249.10667377927,-476.115469886286,3276.70131842784,-3.52521221760829,-0.953462389159292,6.56186894194119,6248.79993875691,-475.641640969673,3276.519859716,3.31189399615432,-1.55967399992566,-6.57842338119116
2180.36935678149,1010.4053057283,-6760.96009064466,7.09132000502675,-0.334509213009704,2.2383051807132,2179.96250563835,1010.99708594177,-6760.68980707511,-3.97299464320341,-5.89917704241038,-2.23280916992859
2759.57874843315,-879.578621339447,6368.86832551715,-6.93614078784278,-0.407587730158533,2.95125757696088,2759.45326434294,-879.374327159665,6368.97438073149,2.55411077951712,7.13177969758832,-0.343001014214046
-5347.06600359447,621.851317288653,-4483.0588885775,4.85939990462717,0.792780599703165,-5.71531247249264,-5347.07452009588,621.713104745117,-4483.10077678623,-4.78228050524438,-2.03246889260424,5.56705833469606
2425.9095636997,-995.481327204878,6662.17938844535,-7.02064830919098,-0.372854797055111,2.49529223330334,2425.75269755935,-995.7528235748,6662.08549263607,4.6854186479333,-5.29864679753013,-2.81858597798433
-1075.18739016204,1068.67954261461,-7051.82279980905,7.3406888951698,0.166037751258652,-1.09561795166272,-1074.77401663482,1069.11458126576,-7051.97867628256,0.584967399929426,7.33761073302364,1.00396132344978
-894.668987971749,-915.638593318895,6871.02371187199,-7.46287838470328,0.13173870113456,-0.988573810169343,-895.544786612067,-914.888698995279,6870.99314971441,-1.30684133905053,7.39478294922357,0.813222392757566
2798.58892757764,291.87633291912,6207.2839259172,-6.97488596056613,0.147192360532027,3.13030199667193,2798.62529315273,292.027148714064,6207.32099173795,6.82261841697264,-1.67188927619104,-3.00494426756511
146.234653224695,-947.702157649598,6924.95810006305,-7.55156823807045,-0.0218025484692559,0.159312845992496,146.504884808575,-947.666831826402,6924.96963885375,-7.28301843516132,-1.98657631060692,-0.114839630731045
-451.62635681543,-1054.05509307973,7090.23330299056,-7.43453156177578,0.0688751431773537,-0.463295489531235,-452.025991140857,-1053.87000227604,7090.25343010681,-4.7523695216554,5.74094882953657,0.631513131747567
2461.12037720348,1036.66576892672,-6694.51190122644,6.98084452800502,-0.387971460554981,2.50540799542285,2461.14826606781,1036.48458657608,-6694.40972028034,-4.76285894297355,-5.10531529438234,-2.65387963967569
316.549081111721,-1067.93069279122,7095.93452909842,-7.44158896389425,-0.0489728470479339,0.325402022122897,315.697504217959,-1067.99186008016,7095.97770600667,-7.38527470815663,-0.896100357898894,0.235989083590101
2571.53573011888,-887.453566874058,6442.29375178989,-7.02187267080746,-0.378070984723335,2.74452120696314,2571.70917617325,-886.81879196255,6442.13130180513,5.06485206188928,-5.05327363891568,-2.61901660585952
-3343.9938714461,227.970449811175,5999.74261318059,-6.65653250232371,-0.140424960437989,-3.69570064812522,-3344.15285772653,229.65259305002,5999.58778393966,6.50462835264767,1.76983461540185,3.54379889800632
-568.077140881307,1075.58642970078,-7071.44011811402,7.41958010671267,0.0885877268041788,-0.582417545410801,-568.728287865749,1075.34226219929,-7071.66972519191,5.04646143240186,5.45468791320985,0.441164982485446
-1070.70609982041,1068.77599498237,-7052.49357638009,7.34138203941256,0.165343899178488,-1.09104480389769,-1070.24312145107,1069.25694593796,-7052.64697251391,0.585047510341693,7.33753969328537,1.00442963755117
26.6359991872972,-1056.14042406801,7080.28867904409,-7.46011578082646,-0.00412625974162217,0.027662042210191,26.8595767581239,-1056.85886641399,7080.34141380475,6.08805285638679,4.25597386864495,0.626312664863361
2575.6183783019,-887.234926677745,6440.69298076225,-7.02012811495012,-0.378674444442024,2.74889607902985,2575.83114337845,-886.495887757551,6440.52851006158,5.06365631646232,-5.05283922284547,-2.62216616786838
1188.63601051966,961.226650341517,-6840.23192508198,7.42127998733994,-0.177825197855564,1.26542536168704,1189.71576369938,962.169654005015,-6839.89778089629,0.8413429068533,7.38539758350375,1.18330869818903
2417.46681484857,-995.923578033365,6665.13913120107,-7.02384214180442,-0.371556761511443,2.48660526297913,2417.32381850551,-996.157158541016,6665.04032091864,4.68788013779451,-5.29961253715425,-2.81279955810473
-5210.95198484749,739.542374915198,-4875.56501665398,5.11774259317199,0.811682795282448,-5.35115231311223,-5210.71055086921,740.901886379685,-4875.60983533464,-4.47149706925399,2.86413679178607,5.25082104504478
-5367.33120549193,-647.738485688173,4556.15976133602,-4.89563590853242,0.801527867618205,-5.63789488277228,-5367.25823102475,-647.864665486498,4556.11294848929,4.58612145224148,2.11745235819182,5.5958398966331
2571.53425734382,-887.453201522264,6442.29439224529,-7.02187340423718,-0.378070498754122,2.7445190776286,2571.73258051741,-886.752320930367,6442.13038081484,5.06485132827054,-5.05327352359757,-2.61901841210252
-489.598928113733,-1053.67753654017,7087.71438534932,-7.43198111228542,0.0747092867114729,-0.502540913284582,-490.275025597553,-1053.35733856539,7087.7116219121,-4.75115481479884,5.74483697597542,0.606038122398354
2571.53225794478,-887.453441445172,6442.29459513052,-7.02187418892434,-0.378070515400686,2.74451853770227,2571.74241985923,-886.721153929646,6442.12988602788,5.06485054342081,-5.05327336721764,-2.61901910301774
-1075.18615985457,1068.67508601485,-7051.82645901525,7.3406863951815,0.16603670690328,-1.09561619357566,-1074.68417466807,1069.19301073018,-7051.98032273095,0.584979806201085,7.33759633114294,1.00405586617258
6519.38470405688,-464.138174721432,3029.31872872299,-3.17459922612915,-1.01916778585481,6.65185673008451,6519.41420776969,-464.192828864176,3028.87326127544,-2.47901270175779,4.13734887172744,6.0652760184046
-2396.53435951832,-1017.61988502016,6683.91379260705,-7.02661408789455,0.37414188839339,-2.45742386936487,-2396.78802245826,-1017.04612290202,6683.91899328276,4.45540225217957,5.4056502713309,2.47907198412838
2461.04404094372,1036.67688042889,-6694.54569718796,6.98078460505239,-0.387995842813908,2.50555123951929,2460.9260258798,1036.8480952639,-6694.43361580613,-4.76293427294872,-5.10534121798456,-2.65370192519301
2608.30648100166,-885.454340964372,6427.76929548883,-7.00608148834876,-0.383488883297104,2.78384628738597,2608.50355887766,-884.751910031513,6427.60346205219,5.0539820074896,-5.04936293920187,-2.64740199236982
2571.53189229196,-887.454901673929,6442.29355213171,-7.02187418177451,-0.378071557604438,2.7445211430826,2571.74806131752,-886.706290747248,6442.12815173349,5.06485055054186,-5.05327309895787,-2.61901763989459
6454.2452855525,468.847989852854,-3125.48253272106,3.26976110156805,-0.992390089505694,6.61556465351913,6454.34158013875,469.114560977585,-3125.54048563645,-3.2148252030056,-1.5144813380717,-6.56073547382794
2604.2290077242,-885.678562378167,6429.39033785562,-7.00784930159949,-0.382887802277875,2.77948000708441,2604.18044188376,-885.631394167258,6429.24174423486,5.05508095830153,-5.04975741797743,-2.64453639715201
39.6835689307979,-1056.13076199659,7080.21395175163,-7.46006631770656,-0.00616984902671265,0.0413620042725237,39.6966773083262,-1056.19300557654,7080.36686778482,6.08811287287822,4.25748966632021,0.615473053835448
-1139.23637268082,276.706294298648,6770.80812352276,-7.50965292185147,-0.0514689177454711,-1.25940252787883,-1139.49573142093,277.301134665578,6770.76959075406,5.13723619638599,5.58553464535924,0.636024204400739
31.1735631475254,-1056.13789602212,7080.26900441987,-7.46009756945346,-0.00482091035063637,0.032318895241206,31.4285062946759,-1056.95396761468,7080.30892383859,6.0880456904479,4.2565317646447,0.622572560304648
6184.11469021038,491.651331573118,-3412.52667674215,3.64819623749611,-0.93457241780957,6.4868100401138,6184.21038349637,491.54622547005,-3412.5736205393,-3.44124265597901,-1.60541428470557,-6.46276298259235
2575.61944611932,-887.235961125378,6440.69222165668,-7.02012757331218,-0.378675200944685,2.74889804497272,2575.85523937597,-886.434648952937,6440.52536651229,5.06365685807209,-5.05283904699774,-2.6221650129741
2386.03027382349,248.495966582777,6442.24838552156,-7.1418606954712,0.101670568396362,2.63579475557579,2385.79127189254,246.93414229115,6442.48824158557,6.7338016322396,-2.7746506283652,-2.26713830534802
2448.2697886929,1037.38344577326,-6699.12052725513,6.98556229374715,-0.385975273018347,2.4925075270588,2448.19924788542,1037.43460916683,-6699.00617384553,-4.76642020192074,-5.10672550764291,-2.64476590080365
-3208.12616282479,989.19331752917,-6383.7941343456,6.65001466262284,0.505961097906767,-3.26522766205838,-3208.02200711727,989.431976424849,-6383.73876417406,-5.21551206545441,4.17732152858552,3.23031850470543
-341.742732603806,-1093.11837860032,7091.61550294488,-7.44003198497406,0.0534501800376212,-0.346757165101575,-341.241487744161,-1093.15391992851,7091.61942098069,-7.3735698973546,1.01845845575465,-0.0956374446293773
2575.61844859358,-887.235518993791,6440.69352771343,-7.02012828022687,-0.378674325056289,2.74889361019621,2575.85926209061,-886.420814052837,6440.52631193636,5.06365615104798,-5.05283868032066,-2.62216900475804
-1080.15046002381,272.399029708558,6782.36896005817,-7.51912515151492,-0.0478933285488574,-1.1924740113696,-1079.40515333589,270.767942218021,6782.69815678943,4.77270058914302,5.91333777197552,0.515044598811117
1814.08519781961,-1021.17640529125,6849.92370233664,-7.21768836992336,-0.278174641211713,1.86595385266425,1814.29767424325,-1021.39424333849,6850.05136699098,1.23615550834848,7.3132398029629,0.749406632301123
6519.38496864716,-464.140088822986,3029.3202896923,-3.17459795457167,-1.01917129300495,6.65185561407941,6519.41739299937,-464.195813420473,3028.86887330126,-2.47901143031001,4.13734568147637,6.06527768815924
2250.98177010035,-1002.2032411811,6722.23878631169,-7.08331245228704,-0.345208231620634,2.31546237490881,2250.04558339867,-1000.71103094595,6722.80292727015,2.98204017347767,6.83670311073203,0.0219356993693105
-4828.59379259763,-665.365019584529,4962.22426456876,-5.44862858323955,0.698391622813948,-5.20852000194478,-4828.60558676467,-665.445644712797,4962.24767176265,5.0455931835315,2.18538073401891,5.20107003372792
2571.53547765456,-887.455645722685,6442.29422505015,-7.02187298824539,-0.378071430831054,2.74451821659472,2571.76858131386,-886.661307149403,6442.12712778587,5.06485174418199,-5.05327243959756,-2.61902103005
1760.79336528932,1027.06354169696,-6879.48201259342,7.21670392738669,-0.269319168228706,1.80394833433483,1760.43371019571,1027.08139244946,-6879.75387304471,7.2383742958231,-0.463932602961359,1.76250113379258
6186.27783789079,491.097317930124,-3408.67771965679,3.64407638486004,-0.934900728683397,6.48908202940209,6186.36778772504,491.115801615046,-3408.72784807512,-3.43736710452406,-1.60510576814016,-6.46489794110025
3112.72868373911,977.746575326841,-6405.64101891591,6.70451866773158,-0.485932396818254,3.18354323612583,3112.03739911352,977.534988061066,-6406.04802723887,5.30289519523111,4.10098933235386,3.1795790184093
2250.98018289036,-1002.20484909451,6722.23977540538,-7.08331277624314,-0.345208321600304,2.315459599479,2250.04366837217,-1000.71269065662,6722.80231620496,2.98203984979558,6.83670350779025,0.0219344501941068
128.96186539653,-947.868809180875,6926.21411135162,-7.55106733736795,-0.0183405315383351,0.134016285529749,129.566761648625,-947.783395748404,6926.1944337844,-7.28249807682506,-1.98325880849008,-0.139080249627649
-4059.24775662933,-882.470853026437,5833.25360717631,-6.15064280467006,0.631595373768871,-4.17492046098969,-4059.22273928078,-883.001959988248,5832.85315709245,5.31874728403424,-4.27219946487469,3.04538844685065
2994.39441587812,866.954455088243,-6279.32234761416,6.81502205037239,-0.439361276964737,3.1822677544474,2994.2378649525,867.481254335078,-6279.30920382311,-5.55700344866262,-3.95784001685184,-3.15685413751858
-2264.98696877558,894.569793024812,-6572.95404072396,7.13403697420829,0.326023254087815,-2.39548377259014,-2265.20967918387,894.74100580178,-6572.84262008026,1.79828085433761,-7.13266328341061,-1.59945524754138
6519.38456915488,-464.140425824777,3029.32092862021,-3.17459881113951,-1.01917175481555,6.65185520053377,6519.41968389563,-464.197078464699,3028.86454400158,-2.47901228693187,4.13734526490774,6.06527767232666
2608.30865441551,-885.454352453712,6427.77078023403,-7.00608101128545,-0.383488085085259,2.78384110374413,2608.52466899265,-884.69993632908,6427.60233622196,5.05398248455408,-5.04936230083537,-2.64740703833358
2571.53312707663,-887.456561925288,6442.29570065456,-7.02187413128947,-0.378071072031213,2.74451339971939,2571.72511775805,-886.770087559754,6442.12997675397,5.06485060115126,-5.05327149869688,-2.61902635499588
-5210.9503462093,739.542741592354,-4875.56649920605,5.11774453126873,0.811682725156991,-5.3511508207245,-5210.70747724132,740.912974882839,-4875.61209558893,-4.47149513123517,2.86413641981323,5.25082259580153
905.793033349174,-1055.80088787839,7022.44697531759,-7.40035055116879,-0.140050930687874,0.931516984248694,905.329720718276,-1055.10818121562,7022.74750660705,3.38661647893064,6.90388947695384,1.32533162438755
-7162.2533289073,50.4057241451473,-335.555393714232,0.344546468836583,1.1066243595508,-7.3668909847552,-7162.29653588062,50.6375638867067,-335.539778778899,-0.283106015453658,-0.00831178214961931,7.45017600170467
1816.32320307299,1038.94646791572,-6863.18651175193,7.20090863868525,-0.282202096972033,1.864194780105,1816.08761338228,1038.66614673926,-6863.24807196655,-1.45259883070083,7.24137587048919,0.721556160226119
2608.30543281319,-885.455260937082,6427.76922990326,-7.00608232118488,-0.383488961880924,2.78384393437866,2608.52167027847,-884.700291996078,6427.60080605421,5.05398117451099,-5.04936224747571,-2.64740500712234
-322.232271771882,1066.94651712321,-7101.71012742857,7.42888754246661,0.0488913033505919,-0.325424450232766,-323.466693330055,1066.74072759151,-7101.72495071018,7.01509902172747,2.50420908745227,0.0463402974832586
40.2110223647684,-1056.12901577423,7080.22421680601,-7.46005153243991,-0.00620772123002778,0.0416160222797378,40.4391459443951,-1056.86111467595,7080.27821620654,6.08802367931265,4.2576832241894,0.61485319820954
-3204.06627191148,989.502540512383,-6385.78262678424,6.65209563525825,0.505320487579133,-3.26108985047982,-3203.97084137273,989.717860872558,-6385.72992780894,-5.21710903454025,4.1778217300951,3.22708765094156
-4765.88191940691,812.532311115409,-5352.18665149716,5.5738720891849,0.736973078291033,-4.85446315462256,-4766.19043512816,811.114817256265,-5352.17835536835,-4.83371030237504,3.05789833035332,4.66738807559856
-1245.83113835884,1074.88745658178,-6997.8032027477,7.32376902335732,0.195777098967513,-1.27455623844303,-1245.80061776019,1074.98079438196,-6997.74601253799,-6.58637435415446,2.9735155354024,1.61541232271371
-4059.24756281756,-882.471342017348,5833.25314079167,-6.15064278038764,0.631595830860161,-4.1749208353629,-4059.2324310489,-883.047553542948,5832.83776024741,5.31874730824156,-4.27219968482673,3.04538761254386
2233.88720128643,-1003.03268313471,6727.80313338923,-7.08918781138595,-0.342581418531009,2.29784348528565,2232.91724199505,-1001.48181173512,6728.40325167667,2.98446555975917,6.83561177069428,0.02925600698545
-1236.89308035578,1075.12490934603,-6999.35302096561,7.32537290104593,0.194388201907368,-1.26551489583225,-1236.89448472604,1075.075487804,-6999.31198603768,-6.58785027364926,2.97480821912524,1.60699722542254
6777.65924308268,-242.890144433368,1774.15183682963,-1.92794966015519,-0.988999236691455,7.22397918779945,6777.71288545179,-242.61982318345,1774.15916153835,1.80630087140703,-1.33844182507116,-7.22741978173876
2600.15118723638,-885.902105232569,6431.01130362212,-7.00961538600692,-0.382284625468023,2.77510061512321,2600.31845103299,-885.276545608039,6430.84479142829,5.05640031219848,-5.05022660058716,-2.64112994953078
1743.12358231761,1027.73185585532,-6883.95368407695,7.22110899082847,-0.266688276402465,1.78632488949698,1742.74948666342,1027.74917497337,-6884.22995018911,7.2427481353052,-0.461293578784774,1.7448232300158
-5316.55776187592,-166.829675304963,-4385.57407877966,4.8330086110297,-0.222894219506389,-5.85937088545798,-5316.61180898244,-165.149832443723,-4385.44185642032,-4.71909845138824,-1.44627622296619,5.77879519268594
312.174841024728,-1057.03684051113,7073.56852865162,-7.45290722355652,-0.0479386784373802,0.320798852732154,311.4889371476,-1056.24136705931,7073.53317751478,1.04146218153862,7.30813316912755,1.03474917981624
-2392.28143061633,-1017.84654001173,6685.39933980351,-7.0281790723042,0.373477001029973,-2.45305561038947,-2392.54019443137,-1017.26404447623,6685.40752271761,4.45642578809504,5.40607113985422,2.47630690733019
1600.96164051586,-246.128262384531,6904.64034346807,-7.30129920649225,-0.060036026708939,1.68418511453419,1602.01312272556,-245.766694326031,6904.42349920911,-5.97381102515912,-4.2256589746903,1.17540523711684
-4783.3699249283,186.015169504621,4934.09166892075,-5.47658644833742,-0.199359818694614,-5.2880471893259,-4783.40268761941,187.923879494795,4933.81828592975,5.41042210964431,1.48556824300315,5.1710940876558
2864.14134217439,993.333371546776,-6538.32956094786,6.81524462852159,-0.443716965507424,2.92062902290337,2864.37722879544,994.163908654122,-6538.39645969807,-6.3791325385833,2.87698427612603,-2.37709988870665
6247.05374333265,-476.684027459652,3280.6467682268,-3.52941388057727,-0.953122370233414,6.5595939482437,6246.73143185095,-476.210204857298,3280.45691851598,3.31583374089798,-1.55998894811809,-6.5763175786587
3112.72801559207,977.744849123002,-6405.64269698237,6.7045184775114,-0.485931210041593,3.18354191271452,3112.08644078576,977.548487044741,-6406.00919381273,5.30285170452493,4.10097691671934,3.17966541488456
49.6049955367942,-1004.26377299147,6993.48520643314,-7.5089662023747,-0.00743184784640813,0.0517536287613311,49.8802986625772,-1004.68124562857,6993.38447903473,3.11760659479979,6.78903271860064,0.927292194399146
2604.23104514067,-885.679484990002,6429.39392374725,-7.00784987102344,-0.382885893034615,2.77946480346396,2604.45047726772,-884.914137362994,6429.223413273,5.05522934742149,-5.04980581376946,-2.64418414925917
3085.91194575899,990.482500648596,-6443.85428424091,6.71095786492878,-0.482793434683026,3.1409344974057,3086.25061691847,990.823893184714,-6443.58377431823,0.316356468301949,7.31316607847293,1.30804306266492
4226.33451241558,816.997157907203,-5623.21270860976,6.01290795076332,-0.64340419820163,4.4283978606929,4226.41272035562,816.15262417135,-5623.08734262731,-5.29522195251354,-3.00225692096561,-4.40769256158319
1893.37470820351,-979.251228035532,6736.81774402744,-7.23565001030238,-0.288882121391669,1.98737428489263,1892.96773969022,-978.790017883771,6737.08938535812,0.752503947246174,7.42246063653459,0.862278840641446
914.715342012811,-1055.62910109093,7021.31710438513,-7.39915948093203,-0.141433800557754,0.940716531909689,914.323414261406,-1055.04353201262,7021.5838655886,3.38698506756245,6.90450742178035,1.32122190713015
7075.19650244669,189.56741972842,-1239.69370030444,1.2924635642194,-1.10882046378461,7.25122901054784,7075.13915307087,189.478255445435,-1239.69586097101,-1.3063980687947,0.915190361411222,-7.29353317002622
6104.27977801242,145.277813399126,3017.56919838988,-3.40507687567867,0.329560039128254,6.8452901363357,6104.3054307557,145.487871319698,3017.56555343782,3.42928421867199,-0.740930163082199,-6.74743603281624
-1372.39733917047,1053.8533328113,-6963.51965729546,7.30578439273238,0.213044069341481,-1.40772058393836,-1372.68013433907,1052.50219273562,-6963.746876102,-6.75311855426518,2.64102487914338,1.65209503902225
2472.94040353228,-1025.53884326963,6681.10279701289,-6.98940625048746,-0.38717418292798,2.52232440375206,2472.83654627793,-1025.72526766754,6681.05923979295,4.33888119942124,-5.53631222826416,-2.45044180080616
2472.94205589358,-1025.53900793895,6681.1021252102,-6.98940565347907,-0.387174526892099,2.52232599028533,2472.85158370325,-1025.69443955057,6681.0569680149,4.33888179637857,-5.53631237751115,-2.45044041583607
1799.13194302433,1030.97270487799,-6869.17782574786,7.20554876492243,-0.277086277794885,1.84616719276615,1798.88469278941,1030.35394648284,-6869.27768330299,-5.35082271318841,5.15007988976752,-0.692837794113494
298.690148955361,-1057.12421532144,7074.14767456688,-7.45349560081637,-0.0458603137175128,0.306890483568884,298.05248198369,-1056.38185363905,7074.09001191873,1.0415770781993,7.30784471990528,1.03667956809092
-1498.2932165182,976.23251341529,-6852.55855252844,7.32212546613087,0.223674831123788,-1.57005517056732,-1498.80366300242,975.475119822784,-6852.45379255858,-2.13865137527213,7.02319636261606,1.49116910999978
1812.26103404486,1030.46471822964,-6865.80291028622,7.20202767468971,-0.279094857970576,1.85955256563105,1811.99463652032,1029.79702244333,-6865.91324800945,-5.34805065517857,5.15159373167543,-0.70292633940921
2477.18919626738,-1025.30350659714,6679.56881006796,-6.98779759377668,-0.38784035004011,2.52666397351262,2477.09063858838,-1025.4735791612,6679.52047680844,4.33788990674874,-5.53589839476351,-2.4531375927582
-1785.99361829902,-968.869023242629,6767.59469188535,-7.26629451670067,0.268431052898103,-1.87499597849585,-1785.01632470082,-967.659688408791,6768.12710442656,1.47198483556478,-7.34192129906977,-0.628594597359115
2485.65517543789,-1024.83943859939,6676.53247272615,-6.98455310640582,-0.389167974640029,2.53530810038891,2485.55633377768,-1025.00965273786,6676.48380801155,4.33585075591197,-5.53508044671341,-2.45846317566964
-352.291455251544,1066.79887312102,-7100.71719478144,7.42677754892726,0.054254354296537,-0.36112089626064,-353.495203590979,1066.59776630509,-7100.72915100413,7.012909575271,2.50929929735772,0.0124598485855863
-1856.6918681295,981.353620986899,-6787.29605751521,7.21638945261529,0.2811073815396,-1.94420431405865,-1856.42652410161,980.601331558306,-6787.47642881433,-5.60150355912228,-4.90598745289007,0.833650315237557
303.107319428066,-1057.10096906706,7073.98111748435,-7.45328204776758,-0.0465475130320573,0.311488644723666,302.510282582164,-1056.40419997396,7073.90842003675,1.04146807725535,7.30791668169044,1.03619807522071
-1114.29681968549,272.178003937573,6776.83732199073,-7.51303711007789,-0.0494117150483816,-1.23027447835479,-1114.18389938264,271.904400753212,6776.97573230361,4.76907082852272,5.91427014172214,0.538257023177577
2938.51654061211,-920.046057480643,6360.64118143394,-6.83201114378044,-0.446209112089412,3.0848087661664,2938.5493279121,-919.648639200072,6360.68065387374,6.71289670880558,-0.936748821299271,-3.22722845491332
31.3787297455249,-1056.12281189515,7080.26607307833,-7.46010223209009,-0.00483577716090757,0.0324190157902941,31.5887713754395,-1056.80021778101,7080.33566122097,6.08803931340968,4.25658942190117,0.622185862495665
3755.69141243435,907.442261256084,-6079.330929649,6.34061004704881,-0.571836597936953,3.83095865987539,3755.5724557521,907.523887303508,-6079.12200100218,-6.32894962144693,0.635055435164605,-3.85416558969547
6715.01703168765,-312.727250904887,2202.54981070154,-2.37125980961058,-1.00153499367613,7.05384242159319,6715.71500614921,-312.812679331312,2202.78175999786,2.2653120626956,-1.36663010433832,-7.03284940588801
6984.41385742772,71.8281738540661,-520.665178798156,0.561973201020237,-1.02880684434079,7.45756836625837,6984.38902810657,71.8893971408348,-520.586969937319,-0.0408564464627884,7.53257605504875,0.564182558892721
6715.01711218321,-312.727206783834,2202.54969052419,-2.37125962413998,-1.00153491337404,7.05384246646198,6715.70851878285,-312.839551723779,2202.78017565444,2.26531224815028,-1.36663019367308,-7.03284935662543
-317.678342060407,1066.98363421403,-7101.93411357175,7.4290644627202,0.0482083518604838,-0.320877624301076,-319.214292926062,1066.72602235693,-7101.9423067779,7.01526096406691,2.50360946693445,0.050332466087147
2790.77446683254,292.035782082189,6210.78745529947,-6.97882857991689,0.146777577311806,3.12153746409214,2790.84583560002,292.503499830228,6210.80949450994,6.82647432761069,-1.67148416088599,-2.99638440650362
-412.634946285987,1057.72272719547,-7083.64496755441,7.43144045510296,0.0642815115135043,-0.430496332158622,-412.296725038289,1057.72079112622,-7083.47537281577,7.3463882933799,1.19371280953343,-0.247984152140138
892.403052734692,-1056.05070319239,7024.11576234194,-7.4021216027277,-0.137975853550947,0.917716016422988,892.38923316335,-1056.0339199726,7024.19039813461,3.38621545207363,6.90288398411894,1.3320198555831
-3910.38873881064,-846.824038527662,5826.19101709958,-6.25993450095429,0.596662462155848,-4.10505466319744,-3910.83123022658,-846.851658235028,5825.2900731229,-5.84136903747721,-2.11167709177262,-4.22760177103674
-1839.8944830025,-1024.51994801765,6842.70356604715,-7.21039288586963,0.283355404197959,-1.89250577054442,-1839.50734790605,-1025.18004626495,6842.6587655713,3.5012328326508,6.30529348236977,1.94172772364818
-917.187394256347,928.448982908523,-6851.4392809279,7.4783554475347,0.134107111906376,-0.989632092064573,-916.790918973785,927.969882152017,-6851.53854842122,-1.51916518293269,-7.35321576968012,-0.789289343570538
-4986.02911007804,783.353236254914,-5152.00623813933,5.36572026184936,0.772296677318741,-5.07927746619285,-4985.89992523957,783.249714641215,-5151.8856369462,-5.36441825210654,-0.787255624214951,5.075877785241
-3418.99359176069,-219.460591253003,6210.85998650307,-6.57139757925214,0.127204907193052,-3.59995977667455,-3418.83367411556,-218.643889606388,6211.06819763128,5.65861123528535,-3.93720583542885,2.9492422199303
298.693295914552,-1057.12529506928,7074.14854145616,-7.45349425016435,-0.0458607739942236,0.306893296056203,298.034545272972,-1056.35886237451,7074.09375129456,1.04157842853541,7.30784416406628,1.03668334693148
-249.365579594329,-1062.44807354505,7088.8013433671,-7.44864132099006,0.0383029133917173,-0.255561378881362,-249.286540206238,-1061.77107110109,7088.84167882608,7.25418014295755,-1.69323466215072,-0.00384343703681027
-3187.77480897071,990.717421940018,-6393.73855993633,6.66036434845375,0.502752704481568,-3.24457731332003,-3187.59828791691,991.203397840813,-6393.69044248248,-5.22349395477704,4.17983933695425,3.21411236235835
-6523.28408056072,-89.8726792295326,-2207.90856666564,2.43363739657019,-0.293098030249058,-7.20055258054952,-6523.30295994522,-90.0628480699533,-2208.09874452581,-2.03256197665475,-8.92784159060451,1.87715112172822
7075.19948292413,189.56788372693,-1239.69299170423,1.29248443651372,-1.10882273021462,7.25122194044796,7075.1410537893,189.477471839867,-1239.69513309342,-1.30637719652424,0.915194656389618,-7.29353932706389
-6526.05067466697,-89.5391805792882,-2199.7121064657,2.4245766342755,-0.293223003481312,-7.20361177288245,-6525.90336818205,-90.8701239066288,-2200.90506177914,-2.02999706872432,-8.92774176769257,1.87960150246915
-1284.02628671889,1079.85002118213,-7008.25194397561,7.30817758796403,0.201907878806993,-1.310382067765,-1285.01365144506,1078.57927265946,-7008.32266511009,-1.76202945826915,7.0972920543772,1.42293440944984
2994.3939489425,866.954313683527,-6279.32154603303,6.8150227138658,-0.439361348495898,3.18226838516863,2994.25350956369,867.419828844475,-6279.30583155145,-5.55704549774635,-3.95785248538302,-3.15676392043176
-4986.02876704134,783.352727848886,-5152.00873266775,5.36572010868811,0.77229548672983,-5.07927538813736,-4985.8986129724,783.249050229486,-5151.88713131034,-5.36441840519194,-0.787255104583095,5.07588012600667
176.554650555441,-1101.3087381066,7102.65217095785,-7.44203764681387,-0.0279945111999601,0.180543845919489,174.908367519217,-1101.44489853042,7102.56891046775,-7.31108508960763,-1.46988392517301,-0.0507387197484174
-736.910925665479,-1073.48233010619,7066.52478967806,-7.40675186364209,0.114959006949153,-0.756749881677773,-737.718817884129,-1072.94409837672,7066.51230242758,-3.00611653798628,6.75419173949702,0.701271588894244
1265.03394862737,923.248270556574,-6832.32844513268,7.41104569854676,-0.181346239878675,1.3420138003176,1264.86556128585,924.152563506894,-6832.22352226979,-6.92417054565457,-2.50315816632355,-1.65324183516349
3112.72619257421,977.744970357477,-6405.64136049079,6.70452080972568,-0.485931354957836,3.18354180059866,3112.02585051579,977.530617261725,-6406.04611499553,5.30289733700166,4.10099037314891,3.1795764231647
4212.00392649444,818.526613688932,-5633.72828099942,6.02413083829765,-0.641231921451595,4.41343767838217,4212.22118030217,816.99463980155,-5633.5967320778,-5.30519673613148,-3.00419344084934,-4.39435622642828
12.6964471589901,-1056.14372759629,7080.30930045395,-7.46017386174479,-0.00201853731748548,0.0135320826557977,12.7055805156086,-1056.19613046171,7080.46826038115,6.08813982541025,4.25410491214841,0.638164250143648
-5944.90290093425,-609.224435851687,3975.72126197431,-4.18501056463034,0.93427637818847,-6.09695934093722,-5944.66367984002,-609.167511896715,3976.04880254092,-3.60431362634299,-2.83780268300292,-5.86551716441089
1768.86192670133,-984.615703234006,6769.66675586957,-7.2711425943364,-0.270015712191425,1.85646976847787,1769.56185916888,-985.522499208028,6769.48077995523,2.06327733315474,7.21964555105803,0.468488382901151
3.69726021041531,-1056.14569463988,7080.31916704041,-7.46018535714725,-0.000634253616843292,0.00425197462110395,3.70884766892507,-1056.20650830205,7080.47768830892,6.0881303642937,4.25297708670841,0.645725120037716
3979.83843780622,888.317801076689,-5920.3598879926,6.19383305379101,-0.611304091969047,4.07413881504289,3979.78499525036,888.693193243005,-5920.41336789479,-5.40116475956282,-3.40453794979423,-3.94554284113654
7074.4164422748,190.239996848879,-1244.08979271964,1.29710331015562,-1.10869720581158,7.25040961847445,7074.34340712588,190.208548710322,-1244.08107119625,-1.31098470176426,0.915070326582919,-7.29273483425215
1786.07153494038,1031.47128144722,-6872.50686655132,7.20908956124468,-0.275052275626062,1.83261695459629,1785.50303782447,1030.00841568113,-6872.8218185987,-5.35341822015469,5.14865303473903,-0.683332340206738
171.915386773981,-1101.32407813503,7102.76663087922,-7.4421493984339,-0.0272671179759665,0.175853081957953,172.590339293288,-1101.24671984691,7102.66549467899,-7.31113456623428,-1.46953719401131,-0.0529745087882173
2692.32624320226,-998.263176242997,6573.55128000246,-6.91037441158674,-0.419303834380474,2.76110144780239,2691.41569399199,-996.722040262297,6574.13488916457,3.19486012049798,6.71701283460795,-0.317536075528108
-5634.45035690785,562.456757393297,-4134.04697744672,4.48892136578523,0.816415062927357,-6.00062462672155,-5634.58611228714,561.440023460024,-4134.0536997724,-4.15888256699762,1.89174184461752,5.9988943651109
389.361492627767,1076.70975559832,-7096.97308020576,7.42530768593923,-0.0600713099751348,0.395949610878531,387.719363798267,1077.12830441259,-7097.01891976769,6.54476579127598,-3.57824823427566,-0.183583616195477
-3992.12359099255,-876.149674878357,5880.33433478528,-6.1979633815294,0.611964506201384,-4.10722704896772,-3991.95981207836,-875.358091019482,5880.61884974034,5.33636011129098,-4.32412514077513,2.98642436397231
-7026.24212619386,240.951608841183,-1559.45215512582,1.62351688398763,1.10888121084733,-7.17673529011908,-7026.59431850486,241.102718225359,-1559.53060658847,-1.55113554139605,1.1536741849381,7.16151634955945
1070.60657913356,-982.605953612731,6914.5711403299,-7.42280821046457,-0.159749204279249,1.12414623853298,1070.17155522627,-984.464096061727,6914.27381476879,6.70184876311074,-3.05104120550114,-1.47277500460371
-2601.0919003204,-892.433038809494,6445.57152486619,-7.00658329089706,0.380831691402714,-2.75053524453955,-2600.43909712551,-894.124267084143,6445.55470117524,4.97799016817558,4.95131204355878,2.82744663081234
4215.58452402855,818.145088201119,-5631.10979401908,6.02131671515637,-0.64177629742036,4.41719035037148,4215.79062496398,816.645885939413,-5630.97285151873,-5.3027449620067,-3.00371611828907,-4.39764663453099
-1407.03756683017,980.350807226222,-6871.37015091434,7.34242985218032,0.210228819825506,-1.47350760648407,-1406.84573838073,980.602449620435,-6871.36304926455,-1.80479749655654,7.1027553642016,1.3774577017277
-275.631232260802,-1060.32723309187,7074.62275856626,-7.45442790423076,0.0424819965931823,-0.283443566498104,-273.852936168754,-1060.71704152308,7074.7222992793,-6.8310684327439,2.99663300986594,0.148894706243172
-1402.27594546009,980.481733747452,-6872.28835409963,7.34322792873595,0.20969858380225,-1.46979127588774,-1402.12007707251,980.683548113289,-6872.27613831584,-1.80526374241389,7.10320921994552,1.37498468961795
-2878.36190080203,-978.83643060283,6482.39119410655,-6.83321776195414,0.447029545596255,-2.96046467243803,-2878.90274897439,-979.618734379944,6482.14041093984,2.54402990125744,-7.00697967695447,0.068575589814074
-1384.82006962209,980.974995298866,-6875.74767133546,7.34695601578924,0.207083654247202,-1.45146347515557,-1384.43527343775,981.48548083992,-6875.74718276355,-1.80609910918546,7.10381540574932,1.3707362112944
-2709.81260871688,-936.849450756399,6458.82598878627,-6.93746146937838,0.412580960855472,-2.84440480146563,-2709.75822570756,-936.847131926665,6458.68259536991,6.42920518867214,-3.20116083382693,2.16656378859128
7025.99803401886,-118.728973471565,828.992628879749,-0.898084545181884,-1.05677064411549,7.37860855140529,7026.33876585293,-120.124303046572,828.735051124808,0.876017310932056,2.06132663061312,-7.16566126252261
729.56095969523,-1073.41061810744,7079.02735139737,-7.40198564010862,-0.112889590186701,0.74449186675154,728.61800730461,-1074.02967089871,7079.06833475393,-3.1307106975707,-6.71372524240199,-0.686743202231322
-1411.03545866892,980.22953212482,-6870.51913977341,7.34138091106968,0.210993459338236,-1.47886681868544,-1410.31280507665,981.192464773448,-6870.5285622747,-1.80465776340382,7.10278991338185,1.37792346670565
17.194490841636,-1056.14274775733,7080.30101502178,-7.46016252790603,-0.00271046765183141,0.0181707091785169,17.1929976616579,-1056.16132785766,7080.462213762,6.08814211751192,4.2546689920485,0.634382688208962
4208.42730786704,818.906481114254,-5636.34751071399,6.02693870391227,-0.640686055704066,4.4096842840028,4208.51897513692,818.016912414425,-5636.2266229033,-5.30759086794128,-3.00466088916843,-4.3911421334564
2064.35654565261,1036.85886813192,-6793.17437655508,7.12897210819385,-0.323138916319899,2.11709733663362,2064.1141155011,1037.36210063005,-6793.20656297501,-3.97282814459183,-5.94142318855595,-2.10493520144434
2439.82321629415,1037.84269113226,-6702.123179641,6.98879477500663,-0.384603369468198,2.48366189869093,2439.84792429443,1037.66544016985,-6702.01646975686,-4.7686017008363,-5.10759820487661,-2.63914025836221
-4055.5361533296,-882.851408016108,5835.77238754986,-6.15329907250001,0.631017056967866,-4.17110003606819,-4055.45424120463,-883.211718956812,5835.3971943258,5.32111816545959,-4.27160849786292,3.04215263164298
3724.31108263485,-798.298075330648,5865.38898740014,-6.39514902949588,-0.542067742400938,3.98275786414448,3724.70787946644,-798.592452691514,5865.05297243726,-1.90013276156785,7.11271097739316,2.58464945718079
2465.33976324795,1036.43385495818,-6693.00547816503,6.97921038127627,-0.388655526188064,2.50982220000254,2465.25428801758,1036.51761081336,-6692.88769303617,-4.76173118614078,-5.10486497279593,-2.6567852976153
-2527.1305706464,1007.01326330331,-6666.88252579372,6.95954693695273,0.389276349668154,-2.57717643453884,-2527.15721721094,1006.91279651461,-6666.85578534022,-4.89354070848264,4.9490499512051,2.74291830473163
257.96416335005,1106.05157812538,-7117.8982240917,7.42064566177014,-0.0410053371382577,0.263885281004211,257.424905253631,1106.17966173405,-7117.98356592524,6.75775916815142,-3.14242439722409,-0.20217028513402
6186.27665449499,491.097198024589,-3408.67754572516,3.6440781717491,-0.934900586636622,6.48908229617381,6186.37217185807,491.077175425404,-3408.72872548284,-3.43736531763094,-1.60510597920331,-6.464897656049
407.444310277675,1076.55893643509,-7095.97095708842,7.42428952413153,-0.0628657706160447,0.4143683493454,405.783094728446,1076.9832278239,-7096.02255362218,6.54386441967862,-3.58070987625113,-0.167358475347887
457.186912517569,1075.94039359486,-7103.07581911215,7.41750639325869,-0.0706112459450185,0.46615512541989,457.456945434868,1075.83681609092,-7103.037445242,5.75002113015278,-4.73996403410687,-0.403290580760614
-710.405539982957,939.843823092202,-6911.64533816992,7.49204676908722,0.103868309421155,-0.763848207229742,-711.032773000521,939.419364057033,-6911.62055097822,2.9515090091544,6.89527846844734,0.6360765371187
-310.625499309748,-1092.90265845678,7090.22452127236,-7.44440064960939,0.0485693491568752,-0.315093230036636,-310.622713318229,-1092.90778284767,7090.24354011526,-7.37747621566225,1.01371286903224,-0.0648507846911375
3736.32728607908,909.185620678324,-6090.98900800978,6.3527419688154,-0.568896838852028,3.81125063308416,3736.21094968776,909.259007553752,-6090.78432808084,-6.34124013168487,0.632106152540204,-3.83439363756178
-3187.97772080945,990.726741115785,-6393.6884860077,6.66045764466996,0.50271501497784,-3.24427814684569,-3188.15000536475,990.078389101194,-6393.63636192395,-5.22332302377368,4.17979500141831,3.21435527394048
2374.85337661714,-1004.42373221536,6679.08119386507,-7.03951314732252,-0.367330888281646,2.44261868608813,2374.69001600747,-1004.29681287722,6678.96605628917,0.00406025109696573,7.41883932816436,1.03189874655942
4928.99842951453,-686.911725994788,4936.3075482545,-5.37802473580018,-0.728019457445881,5.23170447051433,4928.99763572289,-686.919263717429,4936.30452576532,5.25051352976536,2.23229033475257,-4.94230679436055
2362.11476869636,-1005.0860370326,6683.48747468408,-7.04416672020321,-0.365357051373549,2.42949416284722,2361.60083776227,-1004.60910117861,6683.55205389378,0.00407481654697507,7.418894007922,1.03153543144553
-2535.60406946513,1006.53707388502,-6663.73569506031,6.9562578874194,0.39058545255899,-2.58584550419496,-2535.62091544941,1006.46326958725,-6663.71005465303,-4.89106515586195,4.94813542982883,2.7489745065156
-90.3864069560281,-941.632225546232,6945.77718601231,-7.53235157051236,0.0137968727401738,-0.101769744889561,-90.5188551544678,-941.829742502596,6945.74662650069,2.93355588283062,-6.88230586914427,-0.890177726774374
1070.60901874269,-982.608109668802,6914.5711723672,-7.42280737469016,-0.15974986276992,1.12414841737397,1070.17683145677,-984.452880393157,6914.2743872711,6.70184959874806,-3.05104107261966,-1.47277370760239
5573.36805339838,155.193623026079,4029.06814698193,-4.47187351501552,0.237194089525727,6.1579157683127,5573.28841908508,155.789094128131,4028.94450780055,4.44312768502625,-1.1211225862869,-6.12604073823455
1884.81536296047,-979.591704990669,6739.16933279199,-7.23817097709284,-0.287571391567949,1.97835978025728,1883.65515589108,-978.302558329169,6739.76832898953,0.752556611680687,7.42243772773359,0.862436372077321
-244.861235291639,-1062.47052382142,7088.95620189538,-7.44880111326415,0.0376087175448279,-0.250929804399748,-244.780786557331,-1061.7812331662,7088.99635346293,7.25433515284343,-1.69255939866479,-0.00834870277207364
4935.27654588302,-686.059137361305,4930.18792394048,-5.37135968480195,-0.728946318315763,5.23837284628967,4935.3214927642,-686.450553583512,4930.12094722935,5.24399250986457,2.23318181149435,-4.94872080091626
4229.90609491503,816.61519092166,-5620.58630146982,6.01008685317287,-0.6439478449119,4.43214170104939,4229.94206425936,815.966802316944,-5620.45939830998,-5.29269945839061,-3.00176817293613,-4.41105827347259
7075.19948601212,189.568213792449,-1239.69472363617,1.29248834825654,-1.10882295217636,7.25122089628444,7075.13829412907,189.479754698139,-1239.69609963497,-1.30637328474387,0.915195182165518,-7.29354026717699
4700.54845069626,-691.160596264774,5112.79094392421,-5.59902749952388,-0.680596193947294,5.03462861404446,4700.59390276045,-690.806522329525,5112.78259344984,5.17567366192952,-2.30118727561373,-5.03385960508868
2374.85229716995,-1004.42418509422,6679.08194129007,-7.03951346321936,-0.367330695939888,2.44261657585432,2374.66318959684,-1004.27211847779,6678.97704694685,0.00405993509570854,7.41883959089629,1.03189702442657
-90.3880861303523,-941.631450673382,6945.77383392019,-7.53235549865907,0.0137969179024118,-0.101770117573931,-90.4943692055005,-941.790141258768,6945.75100025665,2.93355066535343,-6.88231929260625,-0.890078701891685
2469.59732783892,1036.19652673043,-6691.47290133399,6.97760776132611,-0.389328620186008,2.51416885914724,2469.50485182975,1036.29728231992,-6691.3549187641,-4.76057663596537,-5.10440918021186,-2.65972866776685
365.870751299136,-1017.12962469313,6982.28550687502,-7.49909647515039,-0.0559084762778336,0.383793110745188,365.769946504516,-1018.59988703429,6982.57205744659,7.39447932972597,-1.25766896029498,-0.542951969967449
4212.00683578709,818.524986514434,-5633.72884788975,6.02413098527193,-0.641230901283216,4.4134398793321,4212.08197915683,817.713475704198,-5633.60779230585,-5.30513711228433,-3.00418347915931,-4.39443287774791
-3813.43462880737,-851.599518499098,5889.30649419743,-6.32689848950373,0.578929404758372,-4.00362159634665,-3812.69722537893,-852.863109048024,5888.60916092249,5.52322727671398,3.04140802043032,4.06534465543035
7074.41187513284,190.239203026858,-1244.08706448346,1.29706890398837,-1.1086967068289,7.25042070875617,7074.35098360537,190.152360392981,-1244.08822918795,-1.31101910798586,0.91506652392307,-7.2927243425607
4212.00692295945,818.526644925464,-5633.72865694888,6.02413025419828,-0.641232161707108,4.41343946297395,4212.13433345145,817.452312271124,-5633.60432197455,-5.30513784308731,-3.00418215789922,-4.39443398638016
5268.29667537074,-604.431672151247,4448.18670059627,-4.91099906263371,-0.782469604734931,5.75840640004554,5268.25469416533,-604.470213774302,4448.12190204622,3.68200428148903,5.58187822301652,-3.59422468473359
-4999.11339100077,781.467269629179,-5139.60341590904,5.35276708294952,0.774324141488076,-5.09261273908254,-4998.98025875257,781.359869618819,-5139.47994504293,-5.35151307670593,-0.789277215147288,5.08917443644658
-50.7074511725239,-941.687003605287,6946.17369243245,-7.53281143352651,0.00807009921600619,-0.0595273731099986,-50.7760757377568,-941.788658043233,6946.15238071388,2.93374935979916,-6.88008625217303,-0.906550642445189
-3813.43389048058,-851.598717808974,5889.30857875642,-6.32689808071669,0.578928602283412,-4.00362122426804,-3812.65860998969,-853.042893652693,5888.61073008632,5.52322768555452,3.04140869660149,4.06534457668217
4219.15896488068,817.76403974131,-5628.48891150817,6.01850478957762,-0.642320797458732,4.42093942327965,4219.37282082931,816.218557476278,-5628.34969156964,-5.30034609726246,-3.00324968205172,-4.40085822500649
-90.3884820324993,-941.632807785862,6945.77963331563,-7.53234882153454,0.0137972968789372,-0.10177285226493,-90.2057592528023,-941.359243946004,6945.81239896586,2.93355347402771,-6.88235914931855,-0.8897847371973
-3817.17836439726,-851.256506428515,5886.93956229431,-6.32435466250106,0.579496043204192,-4.00754376753879,-3816.37009283598,-852.823917310132,5886.23179151633,5.52097201177309,3.04091020908027,4.06879042851611
2994.39230296001,866.954484357837,-6279.32115661876,6.81502426970815,-0.439361487095981,3.18226856175707,2994.200646632,867.609133145379,-6279.31045967021,-5.55700122955776,-3.95784003502046,-3.15685343692745
1463.30406689179,976.491952053321,-6860.09359691706,7.32993179035392,-0.218341831542815,1.53389851801238,1462.42800532103,974.967616293821,-6860.66458424253,-3.58812305608989,6.54851493851234,0.220255566355063
901.288573627851,-1055.88456438305,7023.02083050435,-7.40093668366541,-0.139355653941375,0.926894784588641,901.038335169288,-1055.51254770076,7023.21882348746,3.38647045175173,6.90353853223137,1.32766658652296
1356.04439191454,1036.02476209834,-6996.32616765311,7.29744452532611,-0.20455824406642,1.38138675851533,1355.8576268819,1036.25531396635,-6996.32266352339,-1.38818279966254,-7.19925155716655,-1.33879260304757
7074.41030868221,190.239491255514,-1244.09027850413,1.29706529139845,-1.10869579586009,7.25042249538038,7074.34902114824,190.152827679864,-1244.09134726014,-1.31102272050076,0.915065113394885,-7.29272287899126
257.964901681817,1106.05380054372,-7117.90245894158,7.42064095155311,-0.0410055015623911,0.263885967407947,257.539614929519,1106.15662310735,-7117.98182038897,6.7577508790113,-3.14243980663662,-0.202071513414034
257.964664787688,1106.05157764051,-7117.89821921238,7.4206456400169,-0.041005416153777,0.263885790733496,257.405574584045,1106.18390851906,-7117.98361710731,6.75775914646738,-3.14242447619314,-0.20216977556667
2700.68103242386,-997.754950052398,6570.20687085662,-6.90685300763937,-0.420607060247769,2.76968410046918,2699.80228276488,-996.270693750756,6570.76313862167,3.1932393674648,6.71760178410483,-0.321414894213087
3340.78387928033,-977.628347612335,6291.65479568697,-6.59613030825662,-0.53027272179613,3.4126286565887,3340.67695167361,-977.507245570547,6291.5801464947,4.03519050757608,6.35962393637594,-0.638334640791667
1432.81275929965,977.389705402267,-6866.40358860441,7.33668881956974,-0.213783495476049,1.50187588495542,1432.31077001957,976.506358929376,-6866.78736218053,-3.59125657530101,6.54624716516299,0.236187392131076
-50.7059257610239,-941.686974636863,6946.17417660721,-7.53281059252978,0.00806993624950007,-0.0595261726208945,-50.7927544890743,-941.81549085844,6946.14636351778,2.93375020080974,-6.88008642646848,-0.906549349883506
2617.0051981353,-938.912793706551,6508.91453869305,-6.97934339172872,-0.395098369420802,2.73896816163404,2617.07202592712,-938.626477267406,6509.03735607136,6.82280578507916,-1.20199786798357,-2.8900280784392
-406.808641198845,1065.0476163421,-7092.48520261572,7.43034415059442,0.0604515073054833,-0.402563785737832,-407.115307066051,1065.02485708915,-7092.40129072387,7.42809768389927,0.32844812307034,-0.338085581391943
4212.00605045107,818.526774271535,-5633.72788252797,6.02412835713589,-0.641232237245759,4.41343867819065,4212.24214170747,816.892129566122,-5633.5930176129,-5.30525869508896,-3.00420498025586,-4.39427576251575
-2388.00299815079,-1018.0765756244,6686.92010991065,-7.02972159539352,0.372806512422713,-2.44865534552923,-2388.31151474881,-1017.41203799943,6686.96053710949,4.45752379987275,5.40641319852688,2.47339820919652
4229.90685399988,816.614503512144,-5620.58764503425,6.01008546831235,-0.643947037602191,4.43214093460186,4229.95639716377,815.892166830985,-5620.4583727144,-5.29276057365529,-3.00178025714777,-4.4109793092249
4212.00871999598,818.525110939173,-5633.73010157726,6.02412978604323,-0.64123086375964,4.41343993402788,4211.9878542429,818.190317550713,-5633.61344845457,-5.30501935651067,-3.00416041297068,-4.39459190722952
1356.04678194662,1036.02389810454,-6996.31997648042,7.29744940835373,-0.204559047468069,1.38139212253467,1355.70879110886,1036.44577708757,-6996.32558314663,-1.38814025624878,-7.19922356821732,-1.33898159422345
-90.3887993001518,-941.633139017726,6945.78142679385,-7.53234686703226,0.0137974306065769,-0.101773830010911,-91.0579398487377,-942.630929210135,6945.62631187121,2.9335670338569,-6.88223810777208,-0.890677568691756
1096.87891158818,-981.886555820508,6910.47324515724,-7.41855475187132,-0.163675772003425,1.15193805825643,1096.49676608836,-983.46033099003,6910.15775699972,6.69279501533505,-3.05900992613318,-1.49787237318706
1599.54369667133,-1051.31694274849,6931.82748758719,-7.25704654272767,-0.247982389156403,1.63505865026867,1600.0361351275,-1050.58163733035,6931.7574047572,2.2627244096545,-6.92719710312599,-1.5520480532017
-90.3887400877237,-941.633516381932,6945.78243367712,-7.53234568222893,0.0137974816916981,-0.101774180591076,-90.7061920784295,-942.10605598752,6945.70158852445,2.93356435010746,-6.88227832933408,-0.890380897978823
7074.41162060964,190.239146835971,-1244.08645540435,1.29706551576626,-1.10869706485798,7.25042164212255,7074.34954552507,190.153248305312,-1244.08727691613,-1.31092404187134,0.915069235547565,-7.29274066432217
-536.200801354988,1075.94984918703,-7073.8402774168,7.42207466125831,0.0837980753065904,-0.550928972957505,-536.592256432011,1075.79020435634,-7073.91166160496,5.04816585927577,5.45168757653712,0.46222035671204
-311.639820170176,1067.07772132436,-7102.57437077422,7.42872614928734,0.0480094076860044,-0.319554140113408,-313.252348170217,1066.80773672837,-7102.58651400212,7.01481663402229,2.50347668904414,0.0512155566951716
-5824.72518531165,507.967547164493,-3824.32759889911,4.11597267231195,0.831844921782103,-6.26268700954776,-5825.3142830245,508.329596565017,-3823.84580632613,1.83975176210959,-6.35025572983087,-3.64878473313619
2763.36177001798,292.604215131784,6223.01147829594,-6.99251594767511,0.145329118864428,3.09079992990481,2763.55552824758,294.293468739406,6222.9476980595,6.84002584962729,-1.66995930040085,-2.96615004478686
881.40042514009,-257.045998020111,-6828.25304583014,7.5313750084486,0.036569300000045,0.971434377405575,881.567182291943,-257.354198926584,-6828.19612639468,-4.0115364206722,-6.43873157601227,-0.27296597694616
4222.73377037595,817.383620261077,-5625.86585602562,6.01568871064764,-0.642865882077556,4.4246874129826,4222.93651929148,815.875539049778,-5625.72256262973,-5.29788738841379,-3.0027713024047,-4.40414752472037
-2709.81275406511,-936.848948732045,6458.82725166079,-6.93746179348864,0.412580059470529,-2.8444006666754,-2709.76045366396,-936.85987284199,6458.67986321351,6.42920486452567,-3.20116121454561,2.16656829885225
4212.00867360825,818.5242301573,-5633.73058128118,6.02412947104287,-0.641230074829688,4.4134396283854,4212.00008124985,818.126649739531,-5633.61286897708,-5.30507914919835,-3.00417263784719,-4.3945122687256
3976.07458964904,888.688523989671,-5922.83242014169,6.19642681438624,-0.610724943823462,4.070280197772,3976.0238853694,889.05618803917,-5922.88723641449,-5.40329190151132,-3.40504051258037,-3.94219444943103
-3992.12165126539,-876.148113936266,5880.33629027012,-6.1979681620236,0.611962107792425,-4.10721962947033,-3991.9562186887,-875.346441394444,5880.62513622078,5.33635533092818,-4.32412535291033,2.98643330466921
4229.90689255057,816.615587935872,-5620.58392171407,6.01008709544284,-0.64394877501156,4.43214407581778,4229.93362303215,816.019165789407,-5620.45906570923,-5.29269921627032,-3.00176795837329,-4.41105620385166
-549.893457143321,1075.79690191252,-7072.84366092019,7.42100964737875,0.0858412033986052,-0.564362188518765,-549.40422735755,1076.02563293205,-7072.90889910846,5.04754620455411,5.45291294307657,0.454163631515832
298.029545474874,-993.516608340213,6988.92835394158,-7.50239248383319,-0.0445456656334319,0.313356809995627,297.727141690401,-994.205283446656,6988.97322823896,4.91794516748264,-5.58380065388358,-0.996745228216901
-15.0993965651843,-956.05668066346,6940.3026701673,-7.53735559923914,0.00285353458383001,-0.0207146387411576,-15.0033937022354,-956.212406699404,6940.25622313002,3.57136581041586,6.57905548760003,0.891791299340742
4219.15941683313,817.763053964662,-5628.48902167564,6.01850444177535,-0.642320062360849,4.42093978040292,4219.37798570917,816.189800033124,-5628.34841602363,-5.30034644506639,-3.00325048456097,-4.40085745631585
-536.361920764542,1075.95073854839,-7073.85447251995,7.42207429442869,0.0837443370759674,-0.550576307494139,-535.549331544997,1076.32288770452,-7073.92214843998,5.04825959815277,5.4514459896373,0.463808261368088
-745.278858788075,-1066.48358555434,7053.58637620962,-7.41275003766159,0.115580215908273,-0.764429872388282,-746.369516459574,-1065.79082608743,7053.57071947335,-3.24698630045297,6.70652800954367,0.673884085417124
-754.24520597363,-1066.34357253262,7052.65751597774,-7.41176878210977,0.116973605145423,-0.773645229137296,-755.204146097709,-1065.73380338065,7052.64068849662,-3.24656781709417,6.70712379847812,0.669943644299987
-5944.90251819089,-609.224706967338,3975.72118397032,-4.18501118161051,0.934276784058671,-6.09695915644235,-5944.64520677951,-609.163251372625,3976.07719301257,-3.60431424326909,-2.83780229325238,-5.86551724224894
2998.37794242924,866.696752439988,-6277.45809162352,6.81299669580977,-0.439947774905156,3.18651688642533,2998.24630307899,867.129444453469,-6277.44135735238,-5.55542555456649,-3.95737606454343,-3.16021544742025
7074.41634018039,190.239920172117,-1244.09032029882,1.29710335524755,-1.10869631426139,7.25040978480855,7074.34112843553,190.212785673196,-1244.08060816407,-1.31098465665892,0.915069420760262,-7.292734918032
4700.54820007133,-691.159961079679,5112.79108340181,-5.59902930896598,-0.680595390751369,5.03462743624681,4700.58683135154,-690.854481506676,5112.78325527924,5.17567185252277,-2.30118773729122,-5.03386057934144
1049.86299084641,-1086.69721608976,7036.60670082175,-7.36103817524177,-0.165344849664506,1.0706407475548,1049.87501306696,-1086.66989191202,7036.67013859307,7.23326739112701,-1.1588673039815,-1.26722158714236
2696.50543976263,-998.009263023774,6571.88016343753,-6.90861455467782,-0.419955636641987,2.76539392704343,2695.59532596539,-996.471759470222,6572.45684700198,3.19403206902181,6.71731421320074,-0.31952089553222
-754.244844914079,-1066.3415104497,7052.65519496211,-7.41177092238633,0.116973535423292,-0.773646009253523,-755.828015990521,-1065.33582938719,7052.63208077149,-3.24650686269256,6.70721327215833,0.669351332613384
4215.58250751352,818.145784071503,-5631.10821214971,6.02131870865471,-0.641777051004627,4.41719053754709,4215.82698296598,816.457163900886,-5630.96981167385,-5.30280249652482,-3.00372700608677,-4.39756731074619
-235.850200356444,-1062.51736664089,7089.25630951728,-7.44911263048848,0.0362201073541441,-0.241664403020323,-235.768727284316,-1061.81908520295,7089.29318860597,7.25463582262661,-1.69120911379354,-0.0173583666256414
-3222.20332383551,-974.213060033037,6362.3180056946,-6.65653580529022,0.503319818018741,-3.28703316658936,-3221.00369961881,-973.454341660511,6362.9953864252,-2.73502356449883,-6.4992605361507,-2.38850551122042
-740.758644902553,-1066.554291362,7054.06047912377,-7.41322743741882,0.114880491287927,-0.759802702477746,-742.048486873723,-1065.73436196236,7054.03895325267,-3.24716692552592,6.70625310718496,0.675701993688123
311.335165366444,-993.435102614112,6988.35878145893,-7.5017833398957,-0.0465369192103251,0.327364471511286,311.033200474648,-994.123811497656,6988.40562832595,4.91755675335865,-5.58249681749862,-1.00591729143192
-4762.47695898115,812.983862725763,-5355.14630064872,5.57696367269323,0.736448216471394,-4.85099250758607,-4762.81457019446,811.433592967021,-5355.13747943036,-4.83631334280272,3.05835145457248,4.66439206129115
7075.19824238364,189.567943889609,-1239.69289386392,1.29247456874144,-1.10882362256467,7.25122490182727,7075.13893761411,189.472955510786,-1239.69551565479,-1.30638706429451,0.91519462545298,-7.29353624580839
-1835.09102755971,982.179894700788,-6793.02312157289,7.2225414110404,0.277866403852295,-1.9217924396382,-1835.10965137212,982.242495196363,-6792.99191413535,-5.60635546044187,-4.90350940996486,0.815815380108206
-1835.08891639943,982.177926281,-6793.02131082727,7.22254529874103,0.277865597621276,-1.92179019880001,-1835.0114976465,981.967742756541,-6793.05632095687,-5.60632574436661,-4.90352336739567,0.815914508651638
306.899032976357,-993.461726898159,6988.5514821131,-7.50198945984065,-0.0458729886705115,0.322694292863194,306.591514925773,-994.162175497066,6988.59610478082,4.91768805696258,-5.58293139664267,-1.00286036586762
3136.91400737409,975.984368035867,-6394.09275203339,6.69213845167177,-0.489805406548869,3.20891530597855,3136.21368332188,975.769969460904,-6394.51265473033,5.29312537548108,4.09790578552015,3.19977929577815
-1830.77830533135,982.344449660131,-6794.1645759136,7.22376270780838,0.277214470794613,-1.91728445354743,-1830.80668783908,982.436232385494,-6794.12380951385,-5.60730010982757,-4.90300747498603,0.812344584774717
-5648.42299400718,610.519671152238,-4226.09382855451,4.51898536197235,0.855663856402693,-5.92300171253192,-5648.30004346528,610.543624283296,-4225.99248590488,-4.44790774251561,-2.10527319512501,5.65561877727802
2621.14135754437,-938.678910704797,6507.29128317362,-6.97759652916573,-0.395724090681922,2.74330510693373,2621.20849045555,-938.388877217913,6507.41415680555,6.82112139248007,-1.20128626692609,-2.89425998247768
27.408253512389,-1004.2796571054,6993.60606090678,-7.50909202707592,-0.00407682839149682,0.0283901087436875,27.7059091696303,-1004.7310968003,6993.4992121528,3.11774105265872,6.78762786902877,0.937075373305068
-781.095699544592,-1065.91286270088,7049.81696710398,-7.40874878735469,0.121148967679371,-0.801261356686426,-782.596728784798,-1064.95566353746,7049.77837746342,-3.24518739269047,6.70902992959332,0.657336024676183
3724.31331557985,-798.29772991931,5865.39331651579,-6.39514373417553,-0.542066963338595,3.98275680210095,3724.66356499997,-798.559408448268,5865.08667794103,-1.9001274664559,7.11271153769503,2.58464719772374
1437.21204239811,977.263679980203,-6865.51236469139,7.33573841584632,-0.214422787741542,1.50636576642367,1437.37646071403,977.518062674925,-6865.5726708378,-3.59096861341002,6.54647398385499,0.234594422777381
7073.62773069929,190.911529981592,-1248.48298167243,1.30169672980138,-1.10857225880887,7.24960206026043,7073.55204080757,190.882438705424,-1248.47340650637,-1.3156166312481,0.914944247369686,-7.29191988808423
7073.62882568582,190.911740602974,-1248.48305755657,1.30170757883283,-1.10857289968452,7.24959869454413,7073.55323871051,190.880767736673,-1248.47376275046,-1.31560578221986,0.914945871390598,-7.29192293863517
-3279.93922918049,962.740337626475,-6308.27192218715,6.62109158038515,0.513678421388667,-3.36582233102348,-3280.34568364679,961.276391251804,-6308.30389675385,-5.46040821093247,3.72226058108822,3.30783586963628
-5367.33129304958,-647.737873140769,4556.15933313928,-4.89563671158435,0.801527155106148,-5.63789467354743,-5367.2570312364,-647.862693443431,4556.11127447916,4.5861206492014,2.11745297895634,5.59583994967555
1378.30233663626,1035.39280181012,-6992.06399306294,7.29302902481584,-0.207913421325421,1.40404546863052,1377.96773454266,1035.81024223515,-6992.06899327301,-1.38727241837044,-7.19857479304176,-1.34336276243374
3090.0474347386,990.189230479338,-6441.92684779881,6.7089753239482,-0.483427293575157,3.14504871325518,3090.44998878069,990.594883120794,-6441.60603455363,0.316231974103286,7.31313519510509,1.30824334078887
2989.45931714804,922.10267859387,-6353.39483253738,6.79251875496724,-0.454509294830805,3.13161120853696,2989.43892741171,921.636044186962,-6353.62611569572,-6.3548857516677,3.01530405188996,-2.70998223698806
3120.60899455983,977.173493227078,-6401.88173557691,6.70026911854346,-0.487269125946784,3.19229833612847,3119.92505469463,976.964136141194,-6402.29174002127,5.29945044568406,4.09989634408,3.18673775987062
-869.440196708694,-928.412458932089,6875.50447731385,-7.46377029469076,0.129184707395246,-0.956694029773866,-869.393436481183,-928.629847186194,6875.52302168406,6.69155627201014,3.36225157034243,1.25014661886413
-2765.2725220062,222.022575972968,-6542.19024186553,6.88712369498316,0.0989453928381921,-2.91554739550663,-2765.42204530128,221.283389679236,-6542.09472918704,-6.07908385434479,3.43709887752309,2.62054721666347
185.548008740016,-1101.27460379166,7102.4284599557,-7.44180226328431,-0.0294249369172941,0.189768939701138,184.900349950138,-1101.31828452475,7102.33371472933,-7.31083352738932,-1.4714424044053,-0.0406877674044399
3137.09726396952,975.970619733056,-6394.00329787482,6.6922812006609,-0.489761579568609,3.20862848436622,3136.40988705383,975.760185351145,-6394.41503482115,5.29328797450034,4.09795558889956,3.1994532624095
1378.30063371044,1035.3928498068,-6992.06431672976,7.29302936574498,-0.207913164497629,1.40404372973674,1377.97459538858,1035.79953785676,-6992.0690148031,-1.38727207753715,-7.19857453606266,-1.3433645013704
-7163.11579663845,47.7252109554504,-317.711521737773,0.325766477737215,1.10674325911858,-7.36769500442823,-7163.20328040795,47.2797449539311,-317.748546753117,-0.264853696927722,-0.00890954326867115,7.45080181716812
-1284.02644709067,1079.8500490434,-7008.25145323482,7.3081779686362,0.201907939454307,-1.31038233641809,-1285.05593330445,1078.52442996312,-7008.32352897756,-1.76204689570371,7.09730706038011,1.42283698820896
-2765.27259353583,222.023046228268,-6542.19037964935,6.88712402646986,0.0989455958980556,-2.9155472650653,-2765.36470651795,221.532218445541,-6542.11016120773,-6.07904460907909,3.43709556251923,2.6206396493741
-1607.81956209806,-926.567707240153,6753.37256217026,-7.33783922554396,0.235846509594261,-1.71898172945267,-1607.39814497241,-927.265944142729,6753.35529263882,3.29605956740547,6.56943173297266,1.69536309282171
661.431164890125,957.143158425338,-6927.22434670501,7.48419173826048,-0.0970681768556786,0.702517944645372,661.266169789327,957.250551713737,-6927.1901279824,2.6841053842079,-6.9976734084507,-0.785323803320599
280.245749003978,-993.618627530394,6989.64839122066,-7.50316658187187,-0.0418876827822032,0.294659312066921,279.929349482056,-994.337184306287,6989.69001726773,4.9184352378428,-5.58554661623201,-0.984463169083638
311.338391800388,-993.434560974393,6988.35868952119,-7.5017831499811,-0.0465373743543462,0.327367856406322,311.018478349636,-994.162293955565,6988.40038119205,4.91755694313107,-5.5824973717612,-1.00591349633451
-2223.58474829133,951.925164439133,-6443.43708246864,7.19360829047835,0.358781731177891,-2.42852905606169,-2223.50833229107,951.845319889915,-6443.42736407738,-1.20956969619496,-7.47064527043824,-0.679249653863654
-3387.83541191879,947.713611059706,-6253.37085618046,6.56244599925683,0.526965736709302,-3.4771073067783,-3387.83304773851,947.958728719847,-6253.48906868726,-5.28850729119516,3.97430848546111,3.43406326543716
-3415.6598038974,945.467953230713,-6238.55472144158,6.54690871304533,0.531287747356279,-3.50562639348873,-3415.66817807538,945.686281090305,-6238.67679356695,-5.27610933457519,3.97081888919908,3.45708951728717
-3391.80984550231,947.393953604061,-6251.26649902459,6.56022819415201,0.527584362488668,-3.48119193349328,-3391.81080560419,947.623102997373,-6251.38228592292,-5.28675352380181,3.97381223594658,3.43733984720328
208.171118560491,-1101.17965505259,7101.81613242001,-7.4411611677587,-0.0330126159933711,0.212906803973071,207.120910985263,-1101.26099958351,7101.72870239315,-7.31022599844056,-1.47490565769411,-0.0183523444524897
-3407.72430635974,946.109816416108,-6242.79320034978,6.55137254794826,0.53005132050124,-3.4974697959232,-3407.69614896672,946.460330662892,-6242.9188823232,-5.27959265237191,3.97179701846242,3.45063692381215
-3423.61832005594,944.822175252812,-6234.27993851604,6.54247420429795,0.532516452609849,-3.51372611992994,-3423.5975492954,945.166411138638,-6234.41434520798,-5.27244666814004,3.96979642865575,3.46382991971653
311.334969158325,-993.434208387921,6988.35905188535,-7.50178316379247,-0.0465368432530113,0.327364243967241,311.014235388644,-994.163706455471,6988.40043131575,4.91755692948995,-5.58249691588215,-1.0059167948098
4215.58263449748,818.145294989279,-5631.11001517799,6.02131775018865,-0.641776249231362,4.41718907201149,4215.84154658943,816.372253477302,-5630.96753985237,-5.30280345482995,-3.00372735591799,-4.39756846769938
1143.25163960913,-930.857703069019,6835.01187293988,-7.45032346018337,-0.166886997046606,1.2253966400756,1143.88928266829,-930.077892015077,6835.03839855716,1.39512292138958,-7.31630785376893,-1.22657559324074
-1616.4329915813,-1048.96875026624,6895.10619877132,-7.2680935399481,0.252869745666144,-1.66216320124599,-1617.69645110362,-1049.49318352909,6894.75923237267,-4.88578833322022,-5.2469197350692,-2.02437019482989
22.2193213440351,-1056.14662032021,7080.3132612011,-7.46012081667995,-0.00344029819274211,0.0230633693613316,22.2676645445148,-1056.32134092715,7080.46011904529,6.08816740179295,4.25524321790559,0.629855302768387
4212.00847082933,818.526326860059,-5633.72966601066,6.02412447620424,-0.641231575138971,4.41343793274893,4212.27023228625,816.738689292533,-5633.58677491569,-5.30526257594531,-3.00420539967725,-4.39427621752131
1729.52548769401,-246.139891576277,6868.50594890127,-7.2741838515251,-0.0651958505621526,1.81927578794137,1730.08976290322,-244.767227699802,6868.46536682166,5.04087875846767,-5.22686237880627,-1.53562017396666
-2223.58327681171,951.925230857967,-6443.43757225727,7.19360891993531,0.358781497413024,-2.42852748441323,-2223.45258160258,951.780863324475,-6443.45590235558,-1.20953675888662,-7.47065933403429,-0.679154454155354
1323.70624965221,1063.10685752677,-6971.55759219215,7.31544242368676,-0.206983972722615,1.35733795053371,1323.15075326354,1063.67526260725,-6971.40731653581,-0.637178913528544,-7.28347070185511,-1.27343694742983
-4173.75456407141,-877.653054854628,5752.75634851615,-6.0670335523197,0.654827356955666,-4.29218794382555,-4173.89338319837,-878.202210965409,5752.62645314905,5.37652489355394,-4.02199193844795,3.25018345978959
2255.28116576554,-1001.98894301844,6720.80042401268,-7.08185750656421,-0.345870201173219,2.31990216103547,2254.38619760184,-1000.54790719089,6721.38501624169,2.98138332148605,6.83698213563097,0.0200642058580707
-554.240996691436,-959.8736635455,6894.11747955273,-7.53869442235095,0.0825531089703564,-0.59292011026569,-553.954071362616,-959.425189165941,6894.17479619269,3.22926637267933,-6.79654488920889,-0.671457253538617
-3426.80604376865,-219.306019430423,6206.57153257402,-6.56685060270928,0.127494686674594,-3.60821069229516,-3426.70174388972,-218.746497540824,6206.72382374764,5.65479081331361,-3.93745233377435,2.9562611299689
-4975.1062259048,725.034035784857,-4986.52537361498,5.33286416593309,0.758218367493747,-5.21474315008614,-4975.06268815241,724.763866036128,-4986.43766060552,-4.79432577038052,2.50517734684338,5.19295534270259
5812.55908054279,-139.173129022683,4066.97946298957,-4.31210191653724,-0.209691883464042,6.12769967570583,5812.47174305414,-137.695155655387,4067.24801718047,4.17347018293436,2.44382512216087,-5.71616281036822
-920.739424200207,-1005.01069993225,6932.85658692059,-7.44537943540267,0.140066830348043,-0.966217890197098,-921.184226917443,-1003.46911632877,6933.42903803944,6.58986405962499,3.32836374230966,1.35343553948632
-741.442853344139,-1073.41147640962,7066.0646460819,-7.40626410922981,0.115660570689905,-0.761368797033329,-742.223734826332,-1072.89153412866,7066.05393529984,-3.00591140319467,6.75447444619698,0.699410250440227
-2036.47375248399,-900.287195333314,6654.0015230771,-7.20351572445417,0.292522103899249,-2.16201550668612,-2035.67657191432,-901.92284849754,6654.03848522248,4.1860485589076,5.93838174764123,2.0349499504836
819.153676703122,-992.6728429413,6947.12458240346,-7.45893716768096,-0.122869262078604,0.859885117543195,820.003964786117,-991.976241985081,6947.04416043387,-1.7833556402857,-7.24465144358134,-0.820761868565821
-1284.0278202403,1079.85045147823,-7008.25140324422,7.30817736306637,0.201908220968531,-1.31038366920263,-1285.08122511858,1078.49350586403,-7008.32382249951,-1.76204750147715,7.09730718531867,1.42283604955787
-3193.84777311853,-976.34473343358,6376.24383203708,-6.67112671333469,0.498883481534344,-3.25806299727915,-3192.61604165099,-975.564105558704,6376.95131104036,-2.74112791668553,-6.50109670793868,-2.37651531694651
6155.64332447253,-461.323867297822,3330.12314335892,-3.62190709807916,-0.906894141988918,6.54651775884654,6155.62159949972,-461.318593689451,3330.11110478517,3.44733559716564,-1.58051958257744,-6.50582094728714
-3493.19842215888,-222.111121800321,6166.49276294858,-6.53036943496349,0.1325225288201,-3.67922406713675,-3493.19514865686,-222.128617067673,6166.39586525428,-3.03332790173289,-6.55180550567775,-2.35420101589458
-3992.12166278356,-876.14849210435,5880.33604472264,-6.19796620236799,0.611962863004689,-4.10722275411409,-3991.95079657095,-875.323694972611,5880.63214676392,5.33635729061142,-4.32412508720853,2.98642983945297
3125.0738956908,-908.788927316282,6047.44777940256,-6.786060101437,-0.514523845093594,3.42383610735817,3124.81550595131,-909.772461569479,6047.44476800817,5.64795397221052,-3.76006372938985,-3.45736520648494
-2040.69584518262,-900.11498137404,6652.73498157805,-7.20213502323882,0.293130469368494,-2.16651396059622,-2040.10869798615,-901.317169264554,6652.75880100524,4.18534736462532,5.93805678421095,2.03735285778702
-3605.3020646702,-816.294094470294,5937.77813231341,-6.47232253985683,0.529030817990598,-3.84819303809316,-3605.83130884696,-816.41165177382,5937.51938892367,-5.64275561215977,-3.21213226479765,-3.84526512426039
-2036.47478057014,-900.288137383596,6654.00360482796,-7.20351321235765,0.292522212552637,-2.16201472478896,-2035.71994893747,-901.834133853654,6654.03488338577,4.18605107084187,5.93838144719379,2.03495128246864
-745.934373906138,-1073.3427549771,7065.60459489176,-7.40577649411978,0.116360185848743,-0.765973383427863,-745.033451098346,-1073.94023077671,7065.60607301552,-3.00589249121832,6.75448966848962,0.699310350987501
1066.20555204571,-982.443055342446,6915.17454668103,-7.42362011286805,-0.159067369244907,1.11963150619501,1065.80118614678,-984.110442498187,6914.83920732397,6.69742793197686,-3.06306484050182,-1.46873810890233
2425.93773754464,-995.468343534994,6662.13551345531,-7.02066968569303,-0.372858330317124,2.49533199469923,2426.08418891881,-995.082514012595,6662.10048119855,4.68547329015503,-5.29868726354395,-2.81832795427567
1386.23085822307,-993.492896866252,6856.80627684367,-7.36377794902786,-0.210867520388589,1.45534206180976,1386.84493632071,-992.753897826547,6857.02235640122,1.94995476057912,-7.10344168992147,-1.44059857652088
1323.70659833137,1063.10704000322,-6971.55802966388,7.31544193305914,-0.206984021543456,1.35733812355143,1323.07014167422,1063.76677312496,-6971.4086859685,-0.637160956084596,-7.28345589197269,-1.27353404971329
-2388.03082576602,-1018.07211673362,6686.88204117768,-7.02973999761233,0.372811891096055,-2.44868745345695,-2388.17008179675,-1017.76565613195,6686.89362824356,4.45741555735074,5.40647830259953,2.47363286911955
2990.92571503479,-918.548861502646,6336.59650379582,-6.80619246068543,-0.455128249563493,3.13968498280335,2990.70926679363,-919.060337073498,6336.48083603823,5.37718190460163,-4.19721520503341,-3.11170180046197
1053.03181221692,257.337522875526,6784.16870227071,-7.52550139482936,0.044176665467163,1.16462069287723,1053.42435375716,258.381857098482,6784.06435872073,5.62724922466566,-5.08489322646943,-0.689468357118001
-4765.87762562634,812.533316284617,-5352.18422519634,5.57387833671815,0.736974511187163,-4.85446438371193,-4766.12200808698,811.468468122406,-5352.19178627126,-4.83363797670905,3.05788610926357,4.66746163635653
1323.70669476527,1063.10689516695,-6971.55796484327,7.31544190392442,-0.206984012545128,1.35733823713065,1323.02320174268,1063.81971989407,-6971.40925068392,-0.637142537206646,-7.28344111663684,-1.27363096265866
698.019925105107,-1073.88350477007,7082.13662709142,-7.40522824731561,-0.108002335828115,0.712260130170358,696.55537794227,-1074.83881993409,7082.17229660087,-3.13216933982734,-6.71158407323657,-0.700864742982372
-340.753554347435,-1092.81821233728,7089.67496027293,-7.4421683177295,0.053284654837537,-0.345683649304523,-339.913752680186,-1092.88322590501,7089.70249384344,-7.37570786454634,1.01824857665998,-0.0942760850341743
-869.439737863242,-928.411173987689,6875.50131370224,-7.46377423791807,0.12918434004445,-0.956692193027632,-869.39766310495,-928.611633414308,6875.52511100241,6.69155232880495,3.36225147339368,1.25014805948516
26.7563315844251,-1056.14236219169,7080.29705475703,-7.4601057335481,-0.00413484494494378,0.0277195742289952,26.8082879529957,-1056.3282732911,7080.44422870607,6.08816190933874,4.25581617068608,0.626014246397856
-3410.97081535712,-830.779898323792,6049.07219018636,-6.59367645582706,0.500032479897648,-3.64082265607764,-3411.17432091325,-830.286378393417,6049.19950194305,5.52797304839351,3.62597792548526,3.61778934485249
1892.37508008833,-1019.42891411994,6829.09982575598,-7.19579435519596,-0.290566897382253,1.94648499017469,1893.05380076812,-1020.16819396767,6828.84490519409,0.744027263849553,7.36590243519723,0.882026502951275
-1937.59288409599,-238.144017132233,6808.98553092821,-7.21720710003961,0.0716693782724148,-2.0491546145206,-1938.07017843543,-238.771233141314,6808.8141045754,1.68530723549963,-7.31893341484702,0.204785244247544
2962.73514634389,-918.457309283699,6349.65532821114,-6.82018867113927,-0.449891374621205,3.11026455268244,2962.75229310268,-918.003737873066,6349.6573193595,6.70133463704388,-0.933126297810272,-3.25227130982096
4122.29966579612,-224.70302617177,-5515.78171510693,6.08700165345783,0.185119854017064,4.54411992692332,4122.6372909744,-223.858812531582,-5515.56124261596,-3.62529064461082,6.04434890719788,-3.01839574843701
-7163.68612840327,45.718889382539,-304.356472912744,0.311705129349123,1.10683180370734,-7.3683142785438,-7163.73717780076,46.217520912521,-304.320881341026,-0.250976519152992,-0.00857810852383599,7.45131763141547
2386.00284040344,248.494345614598,6442.28502567787,-7.14184175873007,0.101668071261571,2.63576220349417,2385.98112225849,248.291480367353,6442.34257541704,6.7339183452972,-2.77464056281749,-2.26690628778107
-2672.82357508463,-939.036790196225,6473.90501778116,-6.953617540229,0.406937346626204,-2.8054963056388,-2672.77955568312,-939.091354875078,6473.74571100563,6.44384524332386,-3.19592975812459,2.13049952607185
-579.847435461378,-1086.14533981028,7090.66225057882,-7.41625231747898,0.0906767720551979,-0.59196123412243,-579.15597411985,-1086.5078739413,7090.6981597755,-4.3674203211481,6.01763191533868,0.537946252543281
2495.01669517717,-1009.49998460508,6670.016451577,-6.98186277622725,-0.385670507471184,2.54821183835369,2494.20533448815,-1011.31129053768,6669.9617105188,4.51217581068515,-5.38158908856815,-2.50602189305575
6994.74456511116,-150.716646732572,1056.18992081758,-1.14172782834751,-1.04826790700923,7.34603234746086,6994.263606128,-150.703584907796,1056.11809058357,1.04729226913906,-1.21881192702263,-7.34216282327395
-2215.46156209723,952.308647246781,-6446.14560382357,7.19677401293839,0.357432309820768,-2.4194373872266,-2215.62717482327,952.515172270148,-6446.01658026775,-1.21026373311626,-7.47042834902694,-0.680710958562138
-7163.68494196955,45.7191487013151,-304.358243925775,0.311704466787153,1.10683180862604,-7.36831539246911,-7163.74544608935,46.1299118826439,-304.329624818576,-0.250977181721659,-0.00857778423209205,7.45131654154147
176.555314098113,-1101.31185289196,7102.65746004278,-7.44203165036305,-0.0279945970228093,0.180544024602783,174.928604740954,-1101.44484015597,7102.56549984881,-7.31107909330198,-1.46988393809053,-0.0507389959151205
3002.35464967035,866.440505819072,-6275.58926264867,6.81097380184553,-0.440535160109013,3.19076475033917,3002.21552623723,866.908468348146,-6275.5775066018,-5.55379760364592,-3.95689887306774,-3.16366647165677
5812.55882814284,-139.173340046485,4066.98077092902,-4.31210206633555,-0.209692116490196,6.12769916276479,5812.4700547607,-137.657831016783,4067.25670598096,4.17347003318874,2.44382537249591,-5.7161632149998
-567.403210908633,-959.727107867863,6893.06324821332,-7.53754761791888,0.0845275568527453,-0.607101027455989,-566.958952921551,-959.033019325919,6893.17213365537,3.22873107118104,-6.79740536980662,-0.665276921661849
2386.0010842346,248.494713819699,6442.28578434523,-7.14184256144206,0.101668085097684,2.6357589615087,2386.01727866979,248.514734233657,6442.31987374729,6.73395225045516,-2.77463719191899,-2.26681566472043
-2388.03181668797,-1018.07242206379,6686.881599922,-7.02973963091409,0.372812208085942,-2.44868864217703,-2388.17284375442,-1017.76273352684,6686.89401909403,4.45741592405976,5.40647835153667,2.4736319544615
129.627135848892,-947.821032463956,6925.82138098659,-7.55146078956491,-0.0184970376923058,0.135159047174197,129.85335183027,-947.789172698263,6925.81462792111,-7.28289934614909,-1.98335735246079,-0.138360996555735
-2396.53420662027,-1017.61991701871,6683.91394022903,-7.02661413299329,0.374141829884252,-2.45742346158087,-2396.76555426317,-1017.09756423052,6683.91963556188,4.45540220713125,5.40565020603912,2.47907239900444
3112.7229358746,977.745817894355,-6405.63559140622,6.70452703837955,-0.48593257006297,3.18354413324696,3112.07603579819,977.547812115141,-6406.02164348349,5.30286026519953,4.10097555781574,3.17966907221157
-5932.18783062685,-612.037910830812,3994.08215217121,-4.2043543566803,0.932298240320729,-6.08405100318601,-5931.3541302218,-611.832501614203,3995.33871201769,-3.62206002132869,-2.83959819724678,-5.85380071312678
4703.79430090969,-690.76520740347,5109.86912754685,-5.59583160368488,-0.681065584381027,5.03810387402924,4703.85079716027,-690.326519016875,5109.85898844206,5.17273402418958,-2.30075069444073,-5.03709189294605
-1839.89312348921,-1024.51995083135,6842.70337249276,-7.21039359739913,0.283355344003568,-1.89250530653789,-1839.49861012167,-1025.19360484147,6842.65924977309,3.50123212119948,6.30529340464998,1.94172821505849
-1937.59496379291,-238.14354752076,6808.98341927846,-7.21720819258263,0.0716693242052634,-2.04915648092763,-1938.0917962051,-238.795819418762,6808.80700610736,1.68530614319897,-7.31893333771509,0.204783806925291
-570.832071302417,-1086.25462064393,7091.37613211554,-7.41700025597463,0.0892648359658747,-0.582743791788695,-570.319034119267,-1086.52503070421,7091.41038027444,-4.36787900500766,6.0168303851398,0.543178915878979
-392.646836799978,-1016.09875146421,6980.93284860419,-7.49762828720728,0.0599512725982181,-0.411883281581495,-392.310574149412,-1016.8536059625,6980.57531625299,5.40551843072025,5.12209416450815,1.03599963401562
-593.408592234729,-1085.97703626533,7089.56134276807,-7.41511274550605,0.0927974675642705,-0.60580549096332,-592.877239467593,-1086.25763722836,7089.59928378987,-4.36669289339237,6.01889482251868,0.529701645507795
-1933.31056770322,-238.187419483133,6810.20281868955,-7.21849168987143,0.0715111686294439,-2.04462400925276,-1933.80050639446,-238.831795590407,6810.02502428416,1.68559869043499,-7.31889635705367,0.203723704734867
-732.313198660345,939.535301161925,-6909.3765670341,7.48960759472674,0.107046558336387,-0.787221075900277,-732.912508096582,939.130724528898,-6909.35776830527,2.95058592391351,6.89652139309166,0.626935716346427
-2392.2819724006,-1017.84629031302,6685.3994486924,-7.02817888342648,0.373476832411552,-2.4530551458192,-2392.4773637459,-1017.40788054951,6685.40708738909,4.45642597717435,5.40607116324796,2.47630717623833
4204.85477795904,819.287060618398,-5638.97074950788,6.02973134320305,-0.64013931668505,4.40592417449107,4204.91722875021,818.476926788161,-5638.83340375015,-5.31005522769665,-3.00513929746755,-4.38785198402597
1142.39719260736,-938.367855853946,6834.16778475752,-7.44747651867141,-0.167393463825076,1.21912767850278,1141.32438326431,-939.749190342048,6834.24245984927,1.58078148025117,-7.30497349681449,-1.10809983985632
236.200972829859,-1067.26826469211,7088.64728957917,-7.44898318155048,-0.0364003100868953,0.241764855451421,236.10002826325,-1066.74358853802,7088.80682928725,6.93824938125851,2.75492124353252,0.165126243180363
-3175.7421160182,991.648170938763,-6399.63792522596,6.66661540967505,0.50079546399211,-3.23189178231723,-3175.86087652942,991.157282094116,-6399.57669560073,-5.22814739079831,4.18131823813559,3.20452620701939
2872.40633983693,992.791879526806,-6534.76791741904,6.81150419416244,-0.445016729231057,2.92918547460278,2872.64570509338,993.648150703058,-6534.82642809213,-6.37568581670285,2.87826184565055,-2.38484439522315
-3193.84774688042,-976.343107518763,6376.244078416,-6.67112680954274,0.498882616410462,-3.25806289892224,-3192.62350455123,-975.567060019177,6376.94857214319,-2.74112801286386,-6.50109734832066,-2.37651343403774
-3422.9017449797,-219.381791190902,6208.71688195758,-6.56912505505424,0.127348900805258,-3.6040853654574,-3422.77046024611,-218.707980259572,6208.88979497295,5.65672657465799,-3.93732684418642,2.9527100999445
-2109.79196498131,955.125804352059,-6692.95544412253,7.15173326105497,0.315415788020101,-2.21023858255058,-2110.13596151499,956.421041963398,-6692.6324568522,-6.11964615183819,-4.09717565961404,1.35041534060926
176.392562021893,-1101.3139816931,7102.67510386797,-7.44201966580427,-0.0279806859608671,0.180454408326793,177.941077973059,-1101.15143035123,7102.53671451374,-7.31098597303172,-1.47037599361872,-0.0475655108918598
1701.28879108471,-1047.10083170256,6908.68573765928,-7.23197750559443,-0.263496015488156,1.73851886618124,1702.29802285731,-1045.53928472522,6908.67799458649,2.74003081056488,-6.72531444338889,-1.66651239056348
-723.549087995919,939.659461749525,-6910.29307441063,7.49059166023733,0.105775085244646,-0.777871037157978,-724.216187025515,939.20959656538,-6910.2743930269,2.95095190940041,6.89603210786424,0.630533916016127
6815.99057714099,-5.3170026665697,-112.441414324059,0.116139317611668,0.361233364272874,7.63917653887631,6815.95884396471,-6.81946970661122,-112.923213791888,-0.0909071024429054,4.7406001223025,-6.00401821033947
3743.89232401628,908.509146544815,-6086.45289544853,6.3477004223858,-0.570119824597111,3.81944127724669,3743.75890904706,908.611860712948,-6086.21586819545,-6.33676485164593,0.633086334798196,-3.84163499252748
-2114.03930280967,954.938133843404,-6691.64189358986,7.15032538014591,0.316052150799519,-2.21469832761691,-2114.38294089513,956.232428807791,-6691.31880753871,-6.11844467063773,-4.09771722908435,1.35421076531441
-2127.40232510033,-923.463106460507,6596.99564534852,-7.19221809850967,0.317734610276345,-2.26980976864216,-2127.81451578501,-922.456801707534,6596.95878847823,4.76869768050415,5.383737463825,2.28197893002206
2236.76378321009,961.53496584658,-6650.28485333153,7.10869035350996,-0.338781358652369,2.34311207023894,2236.34382604876,959.760375256465,-6650.72944415932,-6.27600483459997,3.81384533074892,-1.58907352953203
-1624.95090665979,-926.017367847661,6749.35625547584,-7.33343847827495,0.238356733559825,-1.73727634393413,-1624.41361283373,-926.90348320395,6749.32689253573,3.29406501980151,6.56829629783848,1.70363806061315
-3275.92648829942,963.051321249754,-6310.30911572366,6.62323560919797,0.513048912462448,-3.36169726438105,-3276.34596160629,961.541092143975,-6310.34242623794,-5.46210322046805,3.72277654147546,3.30445489272972
-2114.04196572263,954.938400267203,-6691.6408001986,7.15032465057803,0.316052700711701,-2.21470120883614,-2114.38680787797,956.236648647168,-6691.31730132875,-6.11844540034131,-4.09771689943709,1.35420761110529
-869.437163141462,-928.41344999395,6875.50566191938,-7.46376959907225,0.129184439776948,-0.956691182341945,-869.461284471624,-928.335624218908,6875.54636836794,6.69156940228186,3.36226431894512,1.25005151863847
-5171.34626494686,-682.548428295976,4772.16835291946,-5.12775294619893,0.776800062025346,-5.43113475951157,-5171.03499791993,-681.008383171675,4772.29602582054,5.04026902001446,-2.15360057509325,5.12693382625264
-3214.10480833059,-974.825081987913,6366.31103472116,-6.66071974307385,0.502053036699062,-3.27875815343464,-3212.86927790211,-974.043079030618,6367.01297317864,-2.73680699717328,-6.49979476908359,-2.38501584926195
-3179.81155429481,991.341636875354,-6397.66529226242,6.66455355284038,0.501437861180301,-3.23604033970339,-3179.9199426727,990.881911638181,-6397.60280671466,-5.22656421330819,4.18081712590085,3.20776232603376
-3212.14929036841,988.86952163601,-6381.82020033151,6.64790460766866,0.506602252886453,-3.26942464555644,-3211.97143951546,989.3464256184,-6381.76495008826,-5.21392815688597,4.17683554785353,3.23350057076676
896.905662434465,-1055.96070066519,7023.54264638826,-7.40154734654576,-0.138670745647487,0.922341291707257,896.196031964262,-1054.89895167027,7023.98132107652,3.38620920061613,6.90329290821396,1.32930099103509
-5932.21473162178,-612.049343693766,3994.15072249441,-4.20436850780091,0.932286457450947,-6.08396490849148,-5931.54136421271,-611.884567060294,3995.14710999619,-3.62182170505858,-2.83958395131015,-5.85388567103491
-5393.5241906995,199.854840965264,4151.27882989533,-4.68076815121051,-0.291141396947892,-6.04742158755737,-5393.50941734282,200.668618350186,4151.34264177579,4.56613951810512,-1.40221231072059,5.98100496665553
-3175.74170278056,991.627326748144,-6399.63969670795,6.66661797078085,0.500785239158957,-3.23189462500192,-3175.57534504943,992.06183311525,-6399.58072904486,-5.22796871320955,4.18127376245821,3.20486641035544
-3275.92628704964,963.053109989204,-6310.3071510583,6.62323776735261,0.513050218189954,-3.36169853084778,-3276.25433243014,961.88610706947,-6310.33997034257,-5.46205540461779,3.72276226823559,3.30454261456813
-409.169193160821,1060.08733305862,-7059.4569258084,7.46335132574254,0.0646540838335061,-0.430550440697889,-409.086168480632,1060.06957594177,-7059.38088078806,7.46124183131594,0.332592055549603,-0.365681683330439
194.53786085076,-1101.23971819401,7102.19789766178,-7.44155091070906,-0.0308547692652023,0.198990132496825,194.86245345837,-1101.19255744144,7102.08687088036,-7.31056369960238,-1.47300027223445,-0.030640831238994
231.694173509877,-1067.28852136775,7088.79289334303,-7.44913559583007,-0.0357026680585871,0.237131596201457,231.587794114149,-1066.73594878843,7088.957242605,6.93840289352745,2.75427285768855,0.169432344907116
1192.97796133112,961.122701910343,-6839.48968079879,7.42047372405187,-0.178476322443756,1.27005837831083,1193.98881492858,962.0055461257,-6839.1762321121,0.8412674187679,7.38533551639583,1.18375026151086
-3275.92727329028,963.052838105029,-6310.30517397981,6.62323832741109,0.513050567413062,-3.36170071909258,-3276.22816237707,961.99105091954,-6310.33942105126,-5.46200918655999,3.72274916367728,3.30462839095306
-2109.79115855721,955.127563750264,-6692.95500933134,7.15173389048963,0.315416291087676,-2.21023789087223,-2110.13839694751,956.433305435638,-6692.63108742946,-6.11964552233087,-4.09717610632809,1.35041485535672
-1717.06340512699,-969.023855924184,6785.28438839372,-7.28504284914455,0.257441848600498,-1.80264843847693,-1716.44115639353,-967.540794473677,6785.81437630708,4.89460706290509,-5.6617652137499,0.461131639751256
4471.39268962484,832.329234933831,-5549.07070622611,5.82272132701164,-0.688663297239377,4.59124989170152,4472.72129037997,832.995400644007,-5547.93383602439,3.52918359063855,5.43406950277743,3.68388274113738
910.29185237503,-1055.7114484147,7021.86398031191,-7.3997692149672,-0.140745674036239,0.936139493333403,909.674208981126,-1054.78712507073,7022.25265937753,3.38676583749352,6.9042264049969,1.32309104616192
-397.08138729673,-1016.06126060859,6980.68711643473,-7.49736540500113,0.0606304196399363,-0.416549937924083,-396.739774183501,-1016.82936070354,6980.32967795279,5.40533660224272,5.12160582900646,1.03935516331484
1857.39363826601,982.656482152994,-6763.3027158811,7.22944862590777,-0.282672499154098,1.94553480612132,1856.83604898033,980.98373235953,-6763.88973985998,-5.57102297396325,4.94138860976862,-0.78202212994141
-6622.3333309956,357.435922840768,-2476.65893870856,2.64610543859818,1.00286581591921,-6.94880914822768,-6622.13816374247,357.41867066232,-2476.5876967783,-2.61448286656512,-2.07468753174117,6.71730105135378
919.1021822259,1012.27671493913,-6948.92671430364,7.42800016836926,-0.140310929613341,0.96318176851998,920.110377917804,1011.32971231816,-6948.92076064319,0.649378325172634,-7.36937832203346,-1.01348930618595
-1297.73873958043,980.014224817127,-6892.84196335521,7.36494229164636,0.193233842758501,-1.35908749943765,-1297.57379829442,981.194767169029,-6893.02495143972,-6.80322440883598,2.64741982029345,1.70316024936973
1870.49512640251,-1036.21199643635,6832.67288899287,-7.20187943235306,-0.291671261647,1.92324256164588,1871.21241533172,-1037.03962775857,6832.3068291308,1.03653756214997,7.29562844425962,0.912037505820259
-5184.54050844992,732.59244370988,-4900.24183526686,5.14278707351807,0.79736737102438,-5.3335038648015,-5184.51687750426,732.574085895701,-4900.10591056324,5.1080239024224,1.32404562844666,-5.25632769365943
4179.99505539573,206.549615844633,-5740.15281411285,6.04626072385286,-0.158590539492913,4.40732543737604,4179.71243883031,205.343691105263,-5740.60613908583,-4.9584809206298,5.16035324852393,-2.88131695226686
-4684.84775427528,827.175316468917,-5388.52885182726,5.64162170885855,0.736105791949288,-4.79525631492854,-4684.76426157638,827.7908468959,-5388.55889057664,-5.03644899401123,2.64910217396088,4.7246652444638
-1297.73775442647,980.012597851106,-6892.8367233282,7.36494742729107,0.193233812581522,-1.35908851033855,-1297.57824418178,981.169347008878,-6893.02577084336,-6.80321927323482,2.64742017421685,1.70315893067373
-3410.97283827643,-830.780233371296,6049.07075522437,-6.59367656130576,0.500032727012127,-3.64082212948808,-3411.21366044066,-830.12874923345,6049.1923587614,5.52802171263419,3.62598942424697,3.61770365205656
4671.27181049354,-694.714522742204,5139.08567917251,-5.62769333016176,-0.676337283117854,5.00312851833696,4671.34814233878,-694.150288108842,5139.07645052052,5.20209079812352,-2.30512193116304,-5.00475810379721
-2392.28160158141,-1017.84599611802,6685.39970110131,-7.02817899063349,0.373476653699184,-2.45305477261016,-2392.48184030173,-1017.3961130974,6685.40691983126,4.45642586994213,5.40607122425001,2.47630730470821
-1493.81990341129,976.365822219487,-6853.49186183876,7.32309191564972,0.223060747039655,-1.56574413427467,-1494.53633117927,975.3386665484,-6853.42438854429,-2.13906210455856,7.02347090254813,1.4892418945999
6697.68967064043,322.33366958757,-2270.39768016458,2.42439704074879,-0.998073978036976,7.03005257468286,6697.77512075614,323.383431516779,-2270.4523285407,-2.38300525110298,-1.33862021545475,-7.02865532987579
-3488.36978728767,223.599266845171,-6182.16287258736,6.51635262649899,0.133091967579073,-3.67976884213633,-3488.12469861504,223.511086344629,-6182.268725691,5.10236289900649,-4.53890561338959,-3.06168380216158
1399.43601249916,-993.105121528852,6854.13081443229,-7.36102643653427,-0.212870119501327,1.469163561473,1399.7795669116,-992.672031239772,6854.2044242034,1.94916553974478,-7.1030638684368,-1.44460085107392
-3193.84620113516,-976.342525668136,6376.24514070489,-6.67112815411576,0.498881745345988,-3.2580596904205,-3192.66642526059,-975.594807561948,6376.92291427409,-2.741084985504,-6.50108455432847,-2.37659801094083
1097.34035079454,-982.360263894485,6910.24097039705,-7.41861233748509,-0.163784830347897,1.15211102469372,1097.65187559145,-980.847460919165,6910.27560196755,6.71414779320565,-3.01348235181872,-1.49502102616085
7074.4124669962,190.240292459973,-1244.08974577399,1.2970783237709,-1.10870017033222,7.2504174635355,7074.34358908679,190.157465834811,-1244.08891943764,-1.31100968814063,0.915070821142953,-7.29272650783443
-1781.69578636232,-969.028020800622,6768.70382562534,-7.26748570207929,0.267783444057395,-1.87047200612728,-1780.57403479179,-967.642068526815,6769.30229525192,1.47219453278556,-7.34181815224743,-0.629315274420128
-1297.74100431798,980.013904842456,-6892.84422149034,7.36493968736528,0.19323392561698,-1.3590889761715,-1297.56176831946,981.260214708672,-6893.0137802982,-6.80322701301526,2.64742018251256,1.70315854914555
-1297.73993334946,980.012655426855,-6892.84212302572,7.36494205669706,0.193233708074124,-1.35908876329488,-1297.56471827991,981.241709936056,-6893.01645672476,-6.80322464373115,2.64742037903748,1.70315843003149
-3271.91536014407,963.361438145246,-6312.34311750514,6.62537511310883,0.512419377861597,-3.35757336032043,-3272.35295198933,961.782923355779,-6312.37641433163,-5.46379798298002,3.72329323084288,3.30107018123964
6694.84514814686,323.512841923503,-2278.69893410253,2.43327596366,-0.997642994689883,7.02700332595913,6694.96933272579,321.864438944781,-2278.70152615621,-2.39176063122791,-1.33904611797664,-7.02564254334423
1870.49553533271,-1036.21282985949,6832.67275456109,-7.20187923550721,-0.291671505708588,1.92324258727103,1871.38359852159,-1037.23608887386,6832.2301668404,1.03659001153498,7.29559937632828,0.912229329198134
-1781.69257049312,-969.027457088687,6768.69760219393,-7.26749066608814,0.267784587375769,-1.87047935646691,-1780.60292129582,-967.679447987351,6769.28949113877,1.47218956915786,-7.34181706726729,-0.629322985202914
1106.07717512582,-982.058154066039,6908.91749205869,-7.41712200560132,-0.165075154151253,1.1613223017151,1106.2819653152,-981.018428797055,6908.89251102524,6.71283433963349,-3.01221451131755,-1.5033512110937
794.21238323124,-937.823330403791,6877.52463320639,-7.51090311324759,-0.11422273507948,0.837648371471575,794.414502708703,-938.067137049885,6877.52016146894,1.62497567195065,7.4623273726504,0.686873755888181
-497.83905859764,-937.428898422027,6927.38391900853,-7.51588477248808,0.0717270522706063,-0.530044181044414,-497.383281410769,-938.749262246938,6927.23566716068,5.93424007819604,4.53862556605966,1.03707868264239
-4304.68986758341,-848.064506197254,5660.13213280018,-5.96741052657243,0.663525591504588,-4.42847497813598,-4303.97674135382,-847.756957827026,5660.87167839137,-4.20681176817197,-4.88864031241278,-3.81724772456086
3106.38298879811,989.004361754551,-6434.24470296516,6.70091180393092,-0.486000952624577,3.16180520837203,3106.63230692656,989.261193658277,-6434.02281838624,0.315798226740774,7.31302202808341,1.30897994956742
-1297.73866091196,980.013599936213,-6892.84052106141,7.36494406404834,0.193233839269938,-1.35908805765194,-1297.5634683322,981.245037690977,-6893.01686859777,-6.80322263643084,2.64741999958799,1.70315954467953
-2341.94042552028,-909.514213816714,6523.21213402038,-7.11709673329158,0.348434779418534,-2.49903204217589,-2342.65060071146,-907.656420418849,6523.14594364137,4.94340223019554,5.13631230872382,2.48386897001795
3574.35912942057,-857.05017178566,6036.20470181889,-6.48205598986897,-0.533041633533351,3.75420043230881,3574.40102602239,-856.565800089862,6036.27009966144,6.41840642127273,-0.619043377484239,-3.87340174646899
994.603586320546,1070.36072307977,-7063.49947630431,7.35266393261852,-0.15349473571554,1.01293512751548,993.854036394496,1070.6883036614,-7063.57703361529,5.22379018524598,-5.34671200965901,-0.347348950159674
-413.780085242522,1060.06843106943,-7059.32888581974,7.46290641339161,0.0654197731332215,-0.435649248927717,-413.83457299836,1060.04819491206,-7059.24681226283,7.46080106690489,0.333387190896398,-0.370976589070467
972.108031516338,1070.82146343792,-7066.5512095356,7.35585357874856,-0.150035507483527,0.990108717993996,971.451516817045,1071.11079202899,-7066.62806705633,5.22519269770883,-5.3442723277938,-0.363448257035916
990.072095260107,1070.45389166716,-7064.10877249582,7.35330962438123,-0.152813538588167,1.00843901445583,989.337864784244,1070.7768152505,-7064.19246213386,5.22407689696813,-5.34623290896342,-0.350510992139137
985.58069578552,1070.54534638463,-7064.72314040139,7.35395086942994,-0.152118855800511,1.00385623645947,984.803798622565,1070.88637113497,-7064.80908632632,5.22436321146754,-5.34573901687622,-0.353769610130701
1003.5784469533,1070.16927746812,-7062.24908402487,7.35137721104124,-0.1548824771672,1.02209492219446,1002.95785883898,1070.44440951499,-7062.3283297259,5.22318971584291,-5.34772899969291,-0.340636770065349
-5406.17860725877,162.030216540817,4244.06288261848,-4.71357226071613,-0.22823357284552,-5.97811683635623,-5406.14561529673,161.207025204737,4244.12806569838,4.67632957268466,1.08929233362472,5.90816757282762
985.579914405366,1070.54414093024,-7064.7219548841,7.35395242665632,-0.152118643423462,1.00385579534082,984.940141314128,1070.82729257499,-7064.80160318114,5.22435110449583,-5.34575383905187,-0.353671370054593
-3422.89931683454,-219.383073485866,6208.71844175983,-6.56912655912222,0.127349499333595,-3.60408213673958,-3422.77754584802,-218.740541048703,6208.88970422692,5.65672507061946,-3.93732753968156,2.95271252620002
-7076.43082649824,-11.089124450098,78.0803857412164,-0.0925179894322906,1.05544180538812,-7.43154693998343,-7076.90668617618,-11.7754590777571,78.0888028006956,0.113761343482523,1.09474860079566,7.43559663013399
543.797732171082,1096.95860172894,-7101.09997326658,7.40652040998495,-0.0853612258988921,0.552579012649867,543.740907189059,1097.40790693351,-7101.1698561133,-7.06234267136854,-2.13876846066328,-0.884306831455487
-1662.21544434045,246.678095544228,-6899.25291133092,7.27513222115257,0.0627325244565387,-1.75453725718403,-1662.8225450419,246.488966341003,-6899.10189638915,6.12080869381504,4.06969761286338,-1.37680316872406
-1603.24659199467,-1049.42805260503,6898.12736244026,-7.2712433191595,0.250804224243492,-1.64858660942285,-1604.15558938946,-1049.80609680034,6897.88901536338,-4.88814499900138,-5.24836629342834,-2.01486201111282
6984.74010689582,71.2283438481166,-516.316513394408,0.557248611075952,-1.02885650114673,7.45791904416661,6984.71515461402,71.2604120555314,-516.274524151119,-0.0404549502781985,7.53258013205416,0.564153623633823
827.974105760499,-992.5254780553,6946.10309710843,-7.45783572468799,-0.124195659477716,0.869168978227295,828.880906831777,-991.782862439164,6946.01887959768,-1.78307183629391,-7.24498330956542,-0.81843890329395
-1839.89479656258,-1024.51964170817,6842.70324276549,-7.21039295222875,0.283355434659712,-1.89250645142551,-1839.50316120169,-1025.18805729019,6842.65893297732,3.5012327662751,6.30529365423309,1.94172682078231
-1653.58188301232,246.754191327704,-6901.35275818753,7.2773244665583,0.0624028794861701,-1.74531036458106,-1653.6720458229,246.724917766799,-6901.31771141561,6.12284841846179,4.06939867261798,-1.36843599274128
4700.54656703132,-691.16040193233,5112.79217577801,-5.59903192653292,-0.680595371584087,5.03462515456705,4700.58477169009,-690.867518599044,5112.78591857828,5.17566923494347,-2.30118715120897,-5.03386295228902
3743.89537794873,908.511237774487,-6086.45404480958,6.34769688804382,-0.570121015227962,3.81944118743852,3743.76028929463,908.610993689029,-6086.21471099633,-6.33676838604819,0.633087507757709,-3.84163471100726
-7076.48714919828,-11.0947731664154,78.1201385934308,-0.092565278288302,1.05543342809866,-7.43148598567545,-7076.93837531216,-11.9265054657721,78.1286015949302,0.113796236519632,1.09475389979052,7.43555742924804
-1649.19930621224,246.790139796251,-6902.37857945773,7.27842889399776,0.0622412897680005,-1.74079610090201,-1649.62647509464,246.656818559863,-6902.26956140255,6.12371216137603,4.06927718138908,-1.36504253337182
1599.54236231185,-1051.31672272943,6931.82803012462,-7.25704654894267,-0.247982053568773,1.63505690413707,1600.09608824642,-1050.49348483099,6931.75673073925,2.26272440333868,-6.92719690335434,-1.55204951445303
-3271.91501477627,963.363024364626,-6312.33877323127,6.62537896052619,0.512421030424305,-3.35757635301771,-3272.24850265373,962.1799209951,-6312.37373490274,-5.46374853389264,3.72327913749203,3.30115628516681
-1683.94033627962,246.490416174953,-6893.9995002568,7.26957146351746,0.0635486095957505,-1.77736087757084,-1684.24131402179,246.395903795037,-6893.91692843097,6.11606230040759,4.07037349242582,-1.3957056121286
-1679.60460131653,246.528001916742,-6895.05790892784,7.2706882613737,0.0633848857141628,-1.77278360522438,-1679.85571184689,246.449031658297,-6894.98775163918,6.11705327816127,4.07023221276426,-1.39175581764052
-1666.59602889262,246.641213564443,-6898.21756980681,7.27401906325306,0.062893910386734,-1.75905001468968,-1666.83567361026,246.565699220109,-6898.14891294059,6.11993821022734,4.06981894783725,-1.38019589150156
-1662.25721256794,246.67824566579,-6899.26592095923,7.27512365835512,0.062730015937354,-1.75446932982171,-1662.47352116758,246.609931052537,-6899.20228199731,6.1208950934562,4.06968099259357,-1.37634025561775
1056.36752213035,984.543931532085,-6922.14125826957,7.41618890631424,-0.160480161627102,1.12830125481755,1056.69279409413,984.532942285934,-6921.99249861723,7.42697270028715,-0.647546692538303,1.06874101988011
-1666.5949581471,246.641805949792,-6898.21723558925,7.27402087134156,0.0628940224021134,-1.75904883488047,-1666.4028257565,246.700208148575,-6898.24965622377,6.12005736855551,4.06980165983585,-1.37970863745371
1110.46241367806,-981.961197962978,6908.22910630804,-7.41638173716555,-0.165731509974994,1.16593877941236,1110.65546683189,-980.971648322954,6908.19597015681,6.71216582833026,-3.01162105648865,-1.50752529271684
-1670.97851517356,246.604382045935,-6897.18038473678,7.27290161258278,0.0630553774939235,-1.76356421120338,-1670.88358818698,246.632292592786,-6897.18644846911,6.11906439076781,4.06994036521868,-1.38359019934573
-4684.84673968702,827.175427021956,-5388.53124137779,5.64162232725384,0.736105210394629,-4.79525400742498,-4684.7571692189,827.819879592995,-5388.56027480324,-5.03644837569133,2.64910203450564,4.72466746309038
-1844.2428895538,-1024.34892205138,6841.56130631432,-7.20918582568804,0.284026381507976,-1.89698717507146,-1843.84579768978,-1025.02490067193,6841.51372692745,3.50061529285061,6.30496785567674,1.94390253336883
2798.59089507648,291.872077090696,6207.28800900666,-6.97488687888251,0.147189512650661,3.13028913352224,2798.66389882535,292.351193493078,6207.31013811394,6.82261749810622,-1.67178784788944,-3.00496312783284
-423.236758152849,-1004.37024386415,6922.63057882756,-7.48528748819865,0.0518791312079157,-0.35757451364447,-422.543389575147,-1004.64274773279,6922.63680815428,-5.484610931775,5.16020863975984,0.418319126069476
-1867.62118118822,-963.880851466104,6746.15606476193,-7.24320920482787,0.280197989535961,-1.96108478873415,-1867.19696429119,-962.635890970923,6746.57276825644,5.5717625640699,-4.9845405637229,0.72203155558121
-2341.94033711092,-909.514742755893,6523.21267275886,-7.11709599367943,0.348435133657591,-2.49903333512648,-2342.64647250811,-907.668323314669,6523.14763348221,4.94340296978269,5.13631232300002,2.48386800383324
-1683.98415031575,246.491170022037,-6894.01322486202,7.26956305719912,0.06354629847859,-1.77729433807596,-1683.41135426851,246.667579946731,-6894.13409434861,6.11629239147596,4.07033622112009,-1.39466154058264
-6044.38230922176,-528.608325151753,3632.60132697571,-3.90706282555037,0.923490739692731,-6.34622737093124,-6044.38082667216,-527.008301652965,3632.98846661149,3.85370887128919,-2.09535713756993,6.1007591130077
2930.43495759291,-920.572921201639,6364.28541695514,-6.83592654166467,-0.444981488006215,3.07632261623554,2930.56717425002,-920.261321017107,6364.54567108921,6.71650992595481,-0.937661010247141,-3.21882739652487
-535.737143474806,1085.77699080321,-7105.3331777758,7.40544120660432,0.0827081338566711,-0.541240581746332,-533.948355520796,1085.86981480956,-7105.53780523801,7.3747268490577,0.851791816906206,-0.460860579421519
-5417.68245742491,168.354653708051,4230.81551075067,-4.69844225083066,-0.238317440673628,-5.98899382619363,-5417.64510942589,168.940151177552,4230.71974142771,4.66081167958824,1.1117571176801,5.91476208425559
-3196.10935017992,990.095060592557,-6389.72973341339,6.65631442827136,0.503990223787746,-3.25256771133183,-3195.92272551695,990.595709337817,-6389.67155299878,-5.21996598663986,4.17874710563827,3.22116421868723
-3175.73988370923,991.627406373541,-6399.64043187806,6.66661897971903,0.500784953242794,-3.23189288699317,-3175.57751362598,992.049530125418,-6399.58175175264,-5.2280117337029,4.18128725845484,3.20477940273169
-427.715800512853,1060.02539023402,-7059.05675135944,7.4613888077107,0.0677630129021417,-0.451254508238519,-428.015247526843,1060.00095728984,-7058.96481448684,7.45931855566862,0.335759495360225,-0.386775348397499
-2114.04184765712,954.939865145321,-6691.64030885801,7.15032489120827,0.316053203695796,-2.21470117337974,-2114.39695423471,956.274411741555,-6691.31008045134,-6.11844515961219,-4.09771719870156,1.35420665425716
1114.84411012798,-981.86258880532,6907.53764040059,-7.41563981691715,-0.166387250977565,1.17055236372134,1115.07110405758,-980.720108243048,6907.52154468209,6.71149338991836,-3.01102757258504,-1.51170089885727
-2032.32384959362,-242.904780785863,6781.56665124693,-7.18924645261405,0.0767873781270772,-2.14378962470803,-2032.37870148837,-242.813513787815,6781.6387045982,5.63256188300212,4.56119781101805,1.9368228370923
-4971.972967441,725.479593911311,-4989.59187798447,5.3361954260141,0.757731637178868,-5.21139780333946,-4971.89324130672,725.376378428404,-4989.49686172893,-4.79724966990853,2.50559892932685,5.19005787859325
-1147.75454629528,276.647709431362,6769.37404672169,-7.50805935989397,-0.0518545079149335,-1.26883751256994,-1148.02089418514,277.259854703935,6769.3304619912,5.13615036080221,5.58579799980369,0.642468394874369
3857.31980170291,-202.060630814358,5940.33056894452,-6.29612801885831,-0.138698056980766,4.07753762325313,3856.96292611329,-200.343745647681,5940.58931374078,5.6347486279627,3.48899850692251,-3.53807362879125
3857.3167644101,-202.060517544621,5940.33011874176,-6.29613254337118,-0.138697887771415,4.07753462005591,3856.95606960073,-200.312089093294,5940.59790583114,5.63474410362257,3.48899855010401,-3.538076691903
-446.613607191694,1062.14257633898,-7082.32802599035,7.42838968142824,0.0686511265970785,-0.457761454932748,-446.505009953118,1062.19914015425,-7082.45321631534,6.07822072693692,4.31203577302341,0.288281861061212
3868.5384438246,-201.810408991758,5933.01161529319,-6.28841446171491,-0.139102554343566,4.08945500864068,3868.16511901426,-200.001889726248,5933.28834473554,5.62781634806018,3.48945874982194,-3.54868569547414
4201.27470750709,819.665475126373,-5641.58447444823,6.03253006132567,-0.63959233907758,4.40216661814114,4201.44605898217,818.296504543138,-5641.43708737108,-5.31256835640653,-3.00563070821884,-4.38447602700431
3868.53800557717,-201.810680687464,5933.01183324682,-6.28841496559992,-0.139102717497398,4.08945444865333,3868.16086798168,-199.986286028213,5933.29015620214,5.62781584422883,3.4894589263901,-3.54868609406616
-6526.04840153079,-89.5418625301075,-2199.71134855051,2.42457081415104,-0.293231964603266,-7.20361366989835,-6526.20705989472,-88.2745376690267,-2198.58446788518,-2.03152123083297,-8.92783454630496,1.87973522306411
3868.53542599739,-201.809335818455,5933.01095750065,-6.28841927298559,-0.139101729572826,4.08945204947711,3868.15791841894,-199.967646576751,5933.29691874316,5.62781153696884,3.48945822277787,-3.54868929671619
3868.53596860835,-201.810991840986,5933.01195077491,-6.28841773624632,-0.139102855923652,4.08945228990302,3868.15483997306,-199.960888649084,5933.29626047882,5.62781307372271,3.4894591824556,-3.5486880653118
4804.96527880664,731.417910278754,-5150.27248983633,5.50509810728058,-0.715446262479879,5.03779588547381,4804.02964785966,731.000290490258,-5151.17761433292,3.7357077433042,5.00675688227556,4.22662693801121
-783.640401449301,1071.45153808291,-7051.35551552437,7.39855006744898,0.122130442275803,-0.803752529592495,-784.627333318981,1070.75513132508,-7051.28857106705,2.72052206960649,6.89883774906393,0.726618319047438
-783.642499566275,1071.45076330531,-7051.35554953794,7.3985496383705,0.122130676104029,-0.803754659023943,-784.640308628191,1070.7467652707,-7051.2882390149,2.72052164019378,6.89883814813012,0.726615456910881
4703.79597552598,-690.765152069652,5109.86929531147,-5.59582729110361,-0.681065856088725,5.03810645539141,4703.86021632321,-690.244837273787,5109.85431148694,5.17273833673444,-2.30075111715172,-5.03708928722956
-783.641614243531,1071.45151852621,-7051.35771995263,7.39854770732571,0.122130516545613,-0.803753286860964,-784.348765258512,1070.94811412886,-7051.29019855229,2.7205524740799,6.89879310078333,0.72691205023372
-783.643005319166,1071.45216309431,-7051.35820682021,7.39854680806081,0.122130772169479,-0.803754544578407,-784.310859526851,1070.975738476,-7051.2900338576,2.72055157479053,6.89879323528721,0.726911328555262
-783.642618844995,1071.45176451078,-7051.36430196436,7.39854075354213,0.122130366507717,-0.803752865925163,-784.578201372195,1070.78891886231,-7051.28900653705,2.72051275567107,6.89883790841547,0.726616941350226
-783.643375534574,1071.4525106699,-7051.36351683881,7.39854163269606,0.122130605612996,-0.803753792441451,-784.094960428203,1071.12444946252,-7051.29123848249,2.72056824272363,6.89876330113855,0.727108196983835
-783.641258624974,1071.45149007534,-7051.35667664476,7.39854897523307,0.122130513507457,-0.803753168656429,-784.092798760005,1071.12508294007,-7051.29158356188,2.72057558533769,6.89876320510249,0.727108838432169
-783.643659459149,1071.45272200069,-7051.37246228808,7.39853259135526,0.122130226647268,-0.803752157749719,-784.205559040362,1071.04642719538,-7051.29096082011,2.72054827981613,6.89877809832827,0.727010479510832
-783.64138700452,1071.45265693764,-7051.36683837747,7.39853861527687,0.122130152295932,-0.803751071860043,-784.1809797084,1071.06303656181,-7051.29098483688,2.72055430392026,6.89877785655796,0.727012307087885
-6424.94021409535,-497.762624632395,3208.20107908602,-3.36533086188925,1.0177384343741,-6.5595637431009,-6425.21400986806,-499.073472807161,3206.93643636289,1.15406770576643,-7.57018119856527,1.36367526315701
-783.641902740811,1071.45301199574,-7051.37318699806,7.39853223249203,0.122129954958191,-0.8037502300007,-784.132400755948,1071.09592574765,-7051.2913338787,2.72055884261545,6.8987628560034,0.727110850052725
-783.643367262932,1071.45197210475,-7051.36599911982,7.39853880933683,0.122130417186201,-0.803753238635211,-784.430868927375,1070.89110314966,-7051.28962836756,2.7205326544642,6.89880810460552,0.726813068978524
2430.16872501322,-995.243679826743,6660.62974690876,-7.01908037795867,-0.373510100105218,2.49969309181397,2430.32991312496,-994.822453301093,6660.59441482358,4.68421536423487,-5.29825183607789,-2.82124136381781
-783.644211958203,1071.45240334717,-7051.37904384736,7.39852541309074,0.122129941588051,-0.803751270576081,-784.36671866793,1070.9335556725,-7051.29008048446,2.72053017981477,6.89879302556423,0.726911853975435
-783.643518956028,1071.45217264556,-7051.38875988626,7.39851585809732,0.122129328473958,-0.80374851159601,-784.349765224838,1070.94243959699,-7051.29045426042,2.72052062506242,6.89879277478929,0.726913009509442
-783.642696552983,1071.45277321681,-7051.3921519812,7.39851273047126,0.122129101536895,-0.803746951090647,-784.157221725274,1071.07497951699,-7051.29205492001,2.72053934066693,6.89876266482561,0.727111197714777
-4684.84643457848,827.175834666623,-5388.53057420626,5.64162288483521,0.736105725871753,-4.79525440885106,-4684.75270408751,827.843275441373,-5388.55956086134,-5.03644781812959,2.64910166961189,4.7246672386
3112.72922326103,977.742961243433,-6405.64439108951,6.70451657382205,-0.485930109592312,3.18354169325597,3111.99931578173,977.51957133995,-6406.05187846488,5.30289310129513,4.10099161706002,3.17957458620871
-3279.93741495897,962.740875480615,-6308.2731633983,6.62109241078581,0.513678280653597,-3.36582018554876,-3280.33298935632,961.314668143094,-6308.30358585649,-5.46040738046681,3.72226008060078,3.30783818834045
1373.45801261756,-994.775094698102,6859.26858645546,-7.36648622554138,-0.209068026040636,1.44158016990188,1373.68552162364,-994.553196281772,6859.46118037852,1.84941676523344,-7.18021412835619,-1.41320694225601
-6732.59316048475,307.42545376984,-2166.18378930485,2.31284239119444,1.00297610309076,-7.0671719124569,-6732.55881923915,307.60515308089,-2166.08775949734,-1.03574768836939,-5.27403627195225,5.87640868834912
1114.8463079142,-981.8642121341,6907.53518296824,-7.41563999952906,-0.166387859127502,1.17055429730941,1115.13523426293,-980.444415931405,6907.55116912974,6.7115089863462,-3.01104132637519,-1.51160199692482
1305.49194382809,1063.61242348033,-6974.86717442554,7.31874003746636,-0.204357210655055,1.34011135602887,1304.85772562881,1064.26749731432,-6974.71070538832,-0.637796404926261,-7.28402325674773,-1.27047692437343
-6426.98352375095,-497.144119104354,3204.21347754309,-3.36116130208495,1.01806171950245,-6.56164497978878,-6427.26942408371,-498.488951840535,3202.91907757169,1.15257831829732,-7.5702865951451,1.36435357592981
-423.236195654321,-1004.36973310587,6922.63244471089,-7.48528675996452,0.0518790326825046,-0.357574110862968,-422.673388596459,-1004.59032801916,6922.63357422943,-5.48459812461481,5.16023729082134,0.41812139770901
-1844.24148986906,-1024.34832224135,6841.56008951811,-7.20918721987079,0.284026469043473,-1.89698853051709,-1843.84270507906,-1025.02944395,6841.51585192786,3.50061389872347,6.3049681724336,1.94390081846789
-2501.78921777838,1008.40944065237,-6676.15848971029,6.96947148657923,0.385319810444968,-2.55099490404649,-2501.85296217446,1008.24283564193,-6676.15770797859,-4.90081435539416,4.95174130460346,2.7251098505881
-6750.73659700469,371.969999547366,-2435.4926311074,2.54749882925645,1.05647917587771,-6.9173449427896,-6750.73789544868,372.034154767633,-2435.46095740108,-1.18936045483184,-5.236602060215,5.67612632334715
-1924.74700597834,-238.272796063317,6812.62514798551,-7.22105520946955,0.071194454070948,-2.03556301157689,-1925.28116265173,-238.974637746627,6812.43349249842,1.68617671241287,-7.31882210021578,0.201598533501282
-4383.48842202178,-737.590841625791,5400.72663329917,-5.88859679833872,0.640074621738406,-4.68668823265458,-4383.47656439344,-737.636634931901,5400.68376341855,5.13549197552106,-4.20243544375583,3.53526359222361
-5937.27215705373,-610.909826544614,3986.71700648413,-4.19660917375205,0.93309679016509,-6.08925704565059,-5936.47903773066,-610.714459848971,3987.91148383791,-3.6152366312597,-2.83890190205473,-5.8583400489842
-4386.91326790947,-737.217942388607,5397.99777864327,-5.88562628672995,0.640574216875272,-4.69034767907791,-4386.90470350548,-737.282108166203,5397.94854300561,5.1329295431615,-4.20287267610236,3.538466224136
-2032.32385289208,-242.904694307228,6781.56667734957,-7.18924636352999,0.0767873562797525,-2.14378978623241,-2032.37897859678,-242.813149102093,6781.63928530959,5.63256197208378,4.56119784169972,1.93682261783845
1092.58530477668,-982.126229219235,6911.19109793878,-7.41920763947938,-0.163034740790096,1.1472656846921,1092.3594587493,-982.995523218932,6910.93337273229,6.69877412436677,-3.0481681789836,-1.49299181680929
-4956.06906626419,727.725686317982,-5005.04853604943,5.35272847232107,0.755314132247084,-5.1947802019544,-4956.10229835406,727.017387161416,-5004.96141058493,-4.81234342204076,2.50779080724371,5.17499140543947
5713.90825984874,655.818032479739,-4305.62968706233,4.51259188667902,-0.891487453106416,5.85285538428791,5713.87487242147,655.508145380051,-4305.57754270293,-4.24077044042886,-1.9040040977273,-5.7690746075325
2291.92122936334,1013.9682187372,-6723.20234925903,7.0537318196911,-0.354726848755099,2.35203821651465,2291.9363478167,1013.75347679834,-6723.46536146044,-6.38790569957153,3.70559136223407,-1.73574694745496
-6046.69453736758,-528.061851281312,3628.8443637499,-3.90302940217965,0.923843562540639,-6.34864920269819,-6046.6804821467,-526.416139545196,3629.2346960124,3.84972765239172,-2.09570697823903,6.10316049091565
4154.70676019173,207.20974047267,-5758.49815484171,6.06561191441267,-0.157630062009211,4.38063315729183,4154.37690285217,205.824445705311,-5759.01266281849,-4.97182302671757,5.15956835512639,-2.85950380282738
-6519.58012272672,-351.442522700651,2545.54605048876,-2.76946192287577,0.959717067740329,-6.95135388392343,-6519.31507485064,-351.456550859392,2546.20243761832,-2.7196973307192,-0.646833726586903,-7.0057835755077
1049.86259422624,-1086.69774876831,7036.60799282098,-7.36103703229718,-0.165344651308344,1.07063913340095,1049.87432179514,-1086.66926099714,7036.6690967114,7.23326853407141,-1.15886699752523,-1.26722324722667
-5393.52510005459,199.853776927489,4151.27748924461,-4.68076618709644,-0.291140016416939,-6.04742315900279,-5393.50716982979,200.67893594113,4151.33992579387,4.56614148219673,-1.40221381978147,5.98100312833826
-6755.36485181431,370.04753428882,-2422.90514508422,2.5342996217006,1.057203823833,-6.9220895032289,-6754.73024199095,368.381071662733,-2423.55063092585,-1.1771820757242,-5.23702383381852,5.67888774907568
7021.15037383592,-124.366355137139,868.353254451216,-0.94026554430367,-1.0560329607451,7.37345057060331,7021.27164823338,-125.299882321549,868.168571242103,0.917938843866763,2.06073412064989,-7.16081160361725
-5174.37867302514,-682.089092283403,4768.95471034723,-5.12430226292191,0.777255562718579,-5.43431708401676,-5174.05543866581,-680.453788012629,4769.09756101669,5.03688931450282,-2.15405006980641,5.13007421962076
1673.76693779757,-969.579311596458,6795.92690109143,-7.29638842347847,-0.250719464396473,1.75732348358496,1674.66417847868,-971.070346129587,6795.43137585755,3.40058361329805,6.70990924701369,0.181663453495134
-63.9098747409967,-1092.01083229739,7112.95137195946,-7.44023947418654,0.00998216160171308,-0.0650198260238093,-63.8634855861763,-1091.41510622219,7113.04905620519,7.36396922243692,-1.1324710021859,-0.128137371849524
3218.00533820715,854.083207519997,-6193.89103700416,6.67560646859771,-0.470332414807845,3.41088283761361,3218.19711598843,853.417296462706,-6193.88177985263,-5.39614844989669,-4.04184135481154,-3.41766692978211
3218.00320035819,854.083593312144,-6193.89437520128,6.67560595804116,-0.470331841033455,3.41087896546488,3218.19346407819,853.420816431629,-6193.88408068594,-5.39614896035267,-4.04184086199479,-3.41767075975434
3218.00509935182,854.083735579565,-6193.89794486761,6.67560184319081,-0.470331490082707,3.41087781811894,3218.18924457214,853.433889722485,-6193.88359707422,-5.39615307521679,-4.04184088966079,-3.41767170909588
3218.00716416383,854.084051237394,-6193.8976091753,6.67560013322124,-0.470331911439026,3.41087943332785,3218.20299464535,853.393789232341,-6193.88278034716,-5.39615478517766,-4.04184091921586,-3.41767029863683
-2890.69828950874,-978.032490405063,6477.0694323865,-6.82752975149069,0.448945650579164,-2.97315523507464,-2891.32229197459,-978.954209657043,6476.73252061828,2.54192925729314,-7.00767403707749,0.073174672333729
2392.0507817684,-1009.59649818111,6687.15711193435,-7.02796910021255,-0.370313274313283,2.45279613442271,2392.26321239458,-1009.02720879005,6687.08758762662,4.78736776064342,-5.35537886446468,-2.265058052207
923.674775098102,-1055.45207598554,7020.15372647488,-7.39797184739485,-0.142820325999263,0.949940609888747,923.150217663236,-1054.66750003937,7020.50206795371,3.38730375125613,6.90516012599497,1.31688103600386
-2160.9001027913,-921.966827686747,6586.30353797284,-7.18059825516287,0.32274860630532,-2.3056273560484,-2161.26332386922,-921.082357666145,6586.27406639037,4.7609830129727,5.38039967315551,2.30582244474341
3221.93176492881,853.806524583875,-6191.88966610344,6.6734297443442,-0.470907242653526,3.4150543727643,3222.20040909444,852.86871849474,-6191.87409191925,-5.39442445375427,-4.04139307005515,-3.42092026834121
-2890.69873646035,-978.032536972516,6477.06963741824,-6.82752971759022,0.4489455242925,-2.97315435206584,-2891.31078272198,-978.935729585049,6476.74130086271,2.54192929118841,-7.00767417058941,0.0731755377653489
1771.56174548368,-940.120314187658,6699.03893310202,-7.30300625175691,-0.265227281349012,1.88992905164244,1771.82737688656,-940.821935515512,6698.73654156632,5.1265288480887,5.507557508613,-0.585782057016427
5532.98043300323,680.5610032681,-4515.63963668806,4.7391639503931,-0.856592994762883,5.68363151828435,5533.07402414678,678.823976526644,-4515.52725081259,-4.37232288859906,-2.0801749074051,-5.64021166581688
6181.99331929674,492.202731469001,-3416.35279348007,3.65229060439669,-0.934242078822949,6.48451503658848,6182.11220200488,492.072209625001,-3416.41120289235,-3.44510746378587,-1.60573264414145,-6.4605512935645
-6042.0686409569,-529.153931232262,3636.35624070351,-3.91109559518693,0.923136524480663,-6.34380279265656,-6042.07415875015,-527.56667694228,3636.74471238257,3.85768767947823,-2.09500605827423,6.09835596120496
6957.36161075079,-283.093752631797,1824.5644754609,-1.91790905989615,-1.1028284727084,7.10782273241961,6957.04298328932,-282.431170974461,1824.58181551806,1.91719294003615,1.11351703789639,-7.11018500996299
-2890.69825696772,-978.033110550083,6477.06952802794,-6.82752993281825,0.448945774979695,-2.97315421735849,-2891.33880845304,-978.980158749047,6476.72151652098,2.54192907600828,-7.00767419110108,0.0731750083294694
-7069.33510199033,22.1313788072954,-600.636350608583,0.626772296411589,0.275182670778193,-7.46833687608717,-7069.41009139966,21.5067848830069,-600.606055949139,-0.632169052167184,1.1472668289103,7.39537860313098
129.351101628333,-947.843419673699,6925.97787375105,-7.55130431322514,-0.0184316231964702,0.134680913281839,129.54778711752,-947.814838927949,6925.96568026061,-7.28274268873578,-1.98329334325285,-0.138828856639964
-7069.34032880165,22.1314871693285,-600.637889948214,0.626777996195572,0.275183099762535,-7.46833109187249,-7069.42743684084,21.1529327403339,-600.587854766832,-0.632262992999553,1.1472662938297,7.3953759964741
-7069.33860762408,22.1313280244938,-600.636462385832,0.626774741579692,0.275181860251082,-7.46833340585835,-7069.42609756219,21.340365005489,-600.597465773291,-0.632266247662841,1.14726768712883,7.39537352800614
-7069.71540681462,21.9675443950988,-596.19830833721,0.622090307866031,0.275193091703269,-7.46872435727386,-7069.80141959664,21.4306071705758,-596.174038501354,-0.627537220889371,1.1472558925584,7.39577830379991
6815.65283295582,-6.12790098036075,-129.590223600822,0.135416589451113,0.361219223930807,7.63889750028923,6815.61648374507,-7.67790120723773,-130.087155875521,-0.105339436396716,4.74071411302925,-6.00373978723976
-7068.9618478,22.294726435097,-605.076098370846,0.631463294836827,0.275164925156596,-7.46793625611177,-7069.0494124922,21.3034616288806,-605.025405855425,-0.636891011771765,1.14728456635702,7.39497686679962
-7068.95898498402,22.2946833549287,-605.07367188823,0.63145744526457,0.275165643935398,-7.46794024600707,-7069.04812710164,21.4528368406354,-605.031880996558,-0.636797225976786,1.14728383417204,7.39498147195307
3112.59436415379,-848.134243305679,6217.92308822457,-6.75287939307695,-0.45338303306673,3.32387354483651,3112.50021403327,-848.427668043887,6217.91129209173,5.41650298456647,-4.09356189404311,-3.25712120539779
-4959.24771192285,727.276256320057,-5001.96420246983,5.34942213658357,0.75579796886046,-5.19811482729803,-4959.29604621243,726.484261939149,-5001.87782899288,-4.80942786242205,2.50736809813581,5.17790492183386
-2672.82417003694,-939.036912568835,6473.90470611913,-6.95361757038633,0.406937315767262,-2.80549559391931,-2672.78855145929,-939.147602376037,6473.72723448147,6.44384521303596,-3.19592991406206,2.13050014633373
24.246858861645,942.575703700513,-6944.09097874845,7.53528236452042,-0.000421377037175845,0.00310400203799759,25.9545655720206,942.494752125901,-6944.06995388356,7.50687698281788,-0.621133555623421,-0.0796345697589485
-2028.094489129,-253.620858422905,-6581.42727832796,7.25754472385474,-0.0860937418449307,-2.23411170608902,-2027.76516212254,-251.688942620421,-6581.50071422993,-6.86257767037504,2.48208753399075,2.00594449374712
905.790115868098,-1055.79963673348,7022.44619099005,-7.40035220118245,-0.140050498664138,0.931515103256085,905.953728015354,-1056.04928159837,7022.42984790297,3.38678994047648,6.90380336192584,1.32590468359205
-4684.84874530137,827.174845570811,-5388.52933776102,5.64162077571742,0.736105315275295,-4.79525637297123,-4684.7509781523,827.865280177347,-5388.55841731048,-5.0364499272019,2.64910263887243,4.72466499730331
-2676.9356979594,-938.794989252698,6472.24342800257,-6.95183058241926,0.407564599578315,-2.80982306223923,-2676.90034350296,-938.907636345903,6472.06554160627,6.44223499754902,-3.19651024981788,2.13450366458678
2229.58442088913,-1003.24755580429,6729.23459293673,-7.09062603531589,-0.341917051324554,2.29338394377446,2228.67967245969,-1001.81765890111,6729.7414802262,2.98515023928794,6.835320685732,0.0312099308046458
2859.94210324969,993.603571960305,-6540.11025528647,6.81708983241502,-0.443082615748334,2.91645458159327,2860.17752126905,994.440761180359,-6540.17225881068,-6.38092180941975,2.87646050140967,-2.37298745022142
7021.14956990367,-124.366335718247,868.354318954478,-0.940270098303853,-1.05603160850617,7.37345131916311,7021.4803231966,-125.889043852331,868.070079321492,0.917810266030496,2.06060728584092,-7.16064145674323
307.480853744522,-1057.07147178678,7073.80582576241,-7.45307525540525,-0.0472318795378297,0.316069306906424,306.94923718612,-1056.44810285385,7073.70966475266,1.04144694745043,7.30800022556765,1.03563881105388
-3422.90293333827,-219.384486670043,6208.7169872624,-6.56912463973648,0.127350437478021,-3.60408463573624,-3422.76631679273,-218.676337626946,6208.90124571071,5.65672698999333,-3.93732814675807,2.9527090697027
1865.98213183466,982.319387275161,-6760.98617830155,7.22696635082972,-0.28398224935461,1.95455039479308,1865.3869974378,980.538043519512,-6761.6038452733,-5.56915885555323,4.94239131540544,-0.788924220132041
6179.74143214584,492.75913437547,-3420.244494163,3.65646638479967,-0.933911456861623,6.48227655791178,6179.72210689949,494.613733882133,-3420.33020542932,-3.44867775819824,-1.60601846882281,-6.45862047328886
5507.0408918448,685.217269677988,-4546.54080091104,4.77162035265214,-0.852580455353816,5.65701508252761,5507.13796627285,683.459201089632,-4546.4277687153,-4.40207737698617,-2.08387792219011,-5.61564869967971
7023.30896873999,-121.857199030044,850.836468472933,-0.92148613446135,-1.05636724280046,7.37580798676077,7023.50356400009,-122.523940647484,850.717881562052,0.899354541731677,2.06095137189977,-7.1630570317301
-432.023535564272,1059.9548753203,-7058.58125138008,7.4613708606412,0.0683638902307069,-0.455255536883901,-432.360272953811,1059.92927680741,-7058.48559345789,7.45931512624427,0.336360179345135,-0.390775108226007
1771.56338242082,-940.120224196997,6699.03621219535,-7.30300711764845,-0.265228044409659,1.88993390863817,1771.91682318044,-941.032277723111,6698.68399133161,5.12655331587912,5.5075434063305,-0.585681154323614
676.961451432932,-1025.6830939079,6988.08679403352,-7.45423259223567,-0.103853087565038,0.707559189832407,676.96166828202,-1025.70939266635,6988.14451467791,6.11889827363742,-4.15078436545398,-1.18730165823915
-6046.69565621105,-528.061391618323,3628.84240352201,-3.90302716162572,0.923843461538472,-6.34865060883282,-6046.68225151359,-526.421071385064,3629.23183329873,3.84972989288395,-2.09570649373766,6.10315922680458
-100.124996206292,-1091.94930535123,7112.54391263166,-7.43981356431713,0.0156633198465594,-0.102024534087274,-100.078176174016,-1091.34768399365,7112.64154262758,7.36364912689853,-1.13809553449191,-0.0915014642893942
-2122.53152116236,954.562571959999,-6689.00520814962,7.14750213911858,0.317324990834375,-2.22361595641545,-2122.89566034998,955.929937629048,-6688.66809647994,-6.11603347026725,-4.09880015797071,1.36179785647039
7003.12781801337,143.921055926166,-1015.13710721206,1.07959741673414,-1.04260736837696,7.35395281705931,7002.75769167657,143.850968823675,-1016.00572530393,1.02606964525688,2.14587164631379,7.11948934062056
-288.234188519435,1058.09770062594,-7091.00454147664,7.4368225658539,0.0443696615450721,-0.297348992297852,-286.782347875683,1056.97358453107,-7091.11991103714,1.8243616228087,-7.1226754103084,-1.0931238071541
-77.5181044231266,-1091.99229590116,7112.82033788497,-7.44010051411698,0.0121148062899528,-0.0789109153117134,-77.4713046051795,-1091.39107202156,7112.91622724867,7.36387187902492,-1.1345859970887,-0.11436121978359
7003.07608875223,143.925649323799,-1015.16897648647,1.07965775132709,-1.04261364358617,7.35399324102529,7002.69910825792,143.84997132171,-1016.11215865681,1.02622507704551,2.1458673790408,7.1195159528807
901.328366330718,-1055.88267818117,7023.00574197993,-7.40094484909413,-0.139358902538668,0.926916058328561,901.478835920843,-1056.11267190964,7022.99729442876,3.38660816696895,6.90348721556484,1.32800780217837
-576.149012638608,-959.625509576808,6892.34730314336,-7.53677770539475,0.0858311956459611,-0.616465365228587,-575.694670950214,-958.915766328451,6892.46627391903,3.2283721940976,-6.79796752180685,-0.661238700203218
1105.81859777664,-981.718892828075,6909.12717644804,-7.41702297070412,-0.164990036748309,1.16115985337137,1105.47841672674,-983.089480895982,6908.80762049671,6.69682898302527,-3.0462851178977,-1.50565424826968
-371.058489490271,-954.26592794858,6919.61814700756,-7.5390113422635,0.0535160420423856,-0.388056288458191,-371.014200910896,-954.164994950428,6919.66215837912,5.15931399622064,-5.48463060107138,-0.465514560375538
7074.41490573304,190.241008339208,-1244.08920613025,1.29709638657756,-1.10870385742429,7.25041114846011,7074.34399690869,190.142652354017,-1244.0901766517,-1.31099162535629,0.915076253635733,-7.29273155386533
-5352.82580859085,-650.045419985682,4572.82062949893,-4.91351809915751,0.799288602197145,-5.62267763048328,-5352.75842383107,-650.161388982116,4572.77706161654,4.60261980542187,2.1194523501554,5.58155298850442
307.480521461298,-1057.072853611,7073.80747479818,-7.45307345498956,-0.0472317968177718,0.316068412765141,306.942384558232,-1056.4418754414,7073.71050732565,1.04144874788242,7.30800019529187,1.03563907165309
6957.35914581744,-283.09385054237,1824.56453353821,-1.91791395704091,-1.10282898969747,7.10782383204735,6957.04148748769,-282.436148828482,1824.58137202453,1.91728469720862,1.11351326439047,-7.1101584574268
4703.79603338034,-690.765643561768,5109.87003259791,-5.5958263921493,-0.681066248632176,5.03810650035909,4703.85958576575,-690.259661115999,5109.85661708772,5.17273923568202,-2.30075075102832,-5.03708936423842
-2268.01502133977,-955.810643796285,6623.69567684579,-7.1135207742497,0.343596372075423,-2.38108803597278,-2268.3949802336,-955.077476110916,6623.82478717305,4.52610537369725,5.54644393508612,2.32821588685988
-2890.69525140674,-978.031544600309,6477.0707013929,-6.82753106557927,0.448944770944824,-2.97315285951155,-2891.34906335428,-978.998155430603,6476.71559075859,2.54192794303766,-7.0076743939136,0.0731783279799889
6957.35844155387,-283.094295906316,1824.56741560698,-1.91791693345396,-1.10282885529648,7.10782300922469,6957.04059611353,-282.436582479863,1824.58420544671,1.91728172051071,1.11351338476543,-7.11015928251
1771.56168097094,-940.120560205213,6699.0366526178,-7.30300755487904,-0.265227840673608,1.88993190069559,1771.95390707276,-941.125818007683,6698.6618262939,5.12655287839159,5.50754370934647,-0.585682930493006
298.489539588745,-1057.12887462784,7074.18328508031,-7.45347048187992,-0.0458464201990323,0.306797705734029,297.942939345724,-1056.48800568537,7074.08827932381,1.04151678294044,7.30780775926971,1.03692687290401
-3877.04993986565,-847.968051369999,5848.44463481275,-6.28319611623964,0.590130022624544,-4.07012065222945,-3877.16399958802,-846.741427742496,5848.205340824,5.41502283348731,3.25691782849331,4.02389515062701
-3524.89204471189,931.565772757327,-6195.2444098637,6.48205757279486,0.542593795170948,-3.608431180131,-3524.77630918371,930.768222101377,-6195.49514205027,-5.98544241624417,-3.30425276772156,2.87307534481815
1705.71276710324,-1046.93733572728,6907.60558660555,-7.23088112588359,-0.264179765823991,1.74302981462206,1706.65139699376,-1045.49433529945,6907.61600911853,2.73958085623669,-6.72503613433062,-1.66834849227194
7023.84818249141,-121.231982145531,846.469188493262,-0.916810848796546,-1.05645090047935,7.37637586666862,7024.04454604148,-121.909992013883,846.348282716452,0.894708080416281,2.06103400519864,-7.16361791110975
-2379.20426398995,-1001.71092148979,6677.97597236278,-7.03796527765074,0.367070535996637,-2.44709279589052,-2379.57123776863,-1003.41013771344,6677.57794970974,6.48752279512398,-3.51610711614203,1.66035934739941
7023.84868729475,-121.231863735291,846.467872702395,-0.916808678324544,-1.0564514870595,7.37637570121316,7024.04534423085,-121.909473949762,846.347089109955,0.894710250817658,2.0610345973796,-7.16361782384238
-4812.74909398468,-667.383003718945,4977.31334087621,-5.46520881498079,0.696095943534005,-5.19143988386427,-4812.76832470343,-667.481766985869,4977.34704354554,5.06092741093259,2.18750806470179,5.18524260582658
7023.84873217829,-121.23210857255,846.470440496439,-0.916810823937965,-1.05645035597775,7.3763752821649,7024.04383484982,-121.866519784918,846.35872555111,0.894708105350994,2.06103365967297,-7.16361868642716
-3709.24583059751,907.382593819901,-6074.27754568839,6.37276906126818,0.568911904907094,-3.80844703978147,-3709.15862083298,907.478536549151,-6074.04466686413,-5.47036735318781,-4.34248280752337,2.65006096741166
-3222.22240463609,-974.202794172914,6362.26687470097,-6.65655645806511,0.50332562948879,-3.28707933982724,-3221.00796654921,-973.431106245117,6362.98067889403,-2.73510001120196,-6.49927128320328,-2.38843872959093
7023.30976361283,-121.857531255573,850.836935078653,-0.921487992517485,-1.05636944944777,7.37580733000866,7023.4984976138,-122.289870090014,850.767871641852,0.899253424182328,2.06095533143765,-7.16306876037051
1764.5608497052,-984.774702564831,6770.76439537031,-7.27232282330429,-0.269357264887218,1.85194388093232,1765.34544547411,-985.793769062477,6770.5425452126,2.06366072940158,7.21944563734245,0.469862595700189
-3533.93715296583,930.667178924474,-6174.35568051556,6.47907919338374,0.546822022317712,-3.6277881578583,-3533.81855992915,932.316158538499,-6174.39084896875,-6.24276843160079,1.61865598667848,3.72851532753477
1066.29547349209,-982.586063030645,6915.21211045157,-7.42354332703555,-0.159081437719796,1.11957364297735,1066.04764349987,-983.548892983768,6914.93544918199,6.70274981147983,-3.05163455467335,-1.46800335243243
-423.913264035961,-1004.01231631614,6980.8469617195,-7.49571146574713,0.0639637599577798,-0.444734969117062,-422.919126747955,-1004.50409074626,6981.57236745088,-5.69145169993466,4.88555114192074,0.351304339113564
2229.58257695451,-1003.24804166024,6729.2337008218,-7.09062707979212,-0.341917489538896,2.29338546461822,2228.65401851992,-1001.77915954444,6729.75822711305,2.98514919496915,6.83532045089668,0.0312120972717302
285.084535889007,-1057.20712103367,7074.7107576713,-7.45405499977383,-0.0437741084578034,0.29293024675093,284.519218043766,-1056.54464933903,7074.6206247651,1.04170067217237,7.30752803669639,1.03879879281953
-72.952659158432,-1091.99908240538,7112.86567471209,-7.44015137430251,0.0114015888449649,-0.074265312058998,-72.9049505038537,-1091.3863548705,7112.96716051353,7.36390615661892,-1.13387486026739,-0.118993260332096
1066.29536495229,-982.584881040078,6915.21546258699,-7.42354180336381,-0.159081057123887,1.11957285232696,1065.94121173066,-984.018407946066,6914.88453482633,6.70273624356471,-3.05162087517201,-1.46810133478968
1066.29300585117,-982.58444761156,6915.21466065385,-7.42354315579818,-0.159080797136289,1.11957138055792,1065.9757547106,-983.854294624002,6914.9022199793,6.70273489127221,-3.05162073209886,-1.46810267556934
4703.7957371433,-690.765633798833,5109.87025653578,-5.59582697213494,-0.681066143726665,5.0381060155378,4703.84764906128,-690.336062576385,5109.85668330193,5.17273865575292,-2.30075072365784,-5.03708983666974
3720.5930995536,-798.613108063557,5867.70885734611,-6.39766649217461,-0.541525935585981,3.97878054962846,3720.89759187513,-798.840586361233,5867.44221732833,-1.90118510315716,7.11288305886122,2.58338658733764
7023.30953534271,-121.85792147043,850.839390721165,-0.921490172082666,-1.05636971816233,7.3758068740479,7023.50054385028,-122.32417228965,850.763342229615,0.899350504327846,2.0609539855959,-7.16305705324282
-6233.04941457436,-438.28513253316,3173.90822668561,-3.44668835565453,0.917732638770043,-6.64589095459145,-6232.58553670403,-437.580445419834,3174.72238699764,-0.300590992242816,-7.69323549156228,-0.985294065016186
1309.92257859297,1063.48842480523,-6974.06018400124,7.31788021183181,-0.205051545337851,1.34466576708152,1309.22290457322,1064.21547217088,-6973.89976032777,-0.637685345792244,-7.28394943950865,-1.27096108185168
-6521.16194642359,-350.809788710801,2540.96454429493,-2.76435467663196,0.960026999318474,-6.95360279609184,-6521.30870574871,-350.801643493,2540.5900145676,-2.7135888295253,-0.646468454412866,-7.00843320161006
-536.083171118798,1085.73289057251,-7105.02672222329,7.40579488217081,0.0825850976133621,-0.540434062740232,-534.254069548052,1085.82843082807,-7105.24177441225,7.37508609154891,0.851653450274343,-0.459953645974754
-2268.01729000915,-955.811140272334,6623.69585726403,-7.11351972335641,0.343596453631691,-2.38108743463799,-2268.43643372902,-954.9885792822,6623.82305588876,4.52610642455429,5.54644368858992,2.32821685011386
-1735.16976779097,-1036.0521308444,6868.03974637826,-7.23860405614196,0.269209615097731,-1.78459697648327,-1734.4628932432,-1034.25552742219,6868.46808357153,5.32687317175934,-5.21305998337301,0.473549886134897
4671.2724803393,-694.714793397155,5139.08599764799,-5.62769203166058,-0.676337574597512,5.00312903597506,4671.35592332207,-694.081148234411,5139.07316742536,5.20215902502862,-2.30513174108802,-5.00468402609828
-4896.73127538165,182.0433146567,4820.67427487782,-5.3524915697614,-0.204472853153442,-5.41461510062657,-4896.62732676042,182.28361384453,4820.78518909865,2.07359693891385,-6.92300383195557,2.18157833373388
-4956.07308608827,727.726067629613,-5005.04833043272,5.35272398431567,0.755314678370595,-5.19478102853389,-4956.09773644983,727.041916197597,-5004.95687363103,-4.81234791019012,2.50779051874966,5.17499071982308
-4984.62570940267,723.679175678521,-4977.20844234065,5.32292554885884,0.759662188048486,-5.22467462112076,-4984.62078548001,723.143185822656,-4977.1140051683,-4.78531778668698,2.50387915326389,5.20188500322286
-2720.66351882465,1017.62827548768,-6602.2600916483,6.87610071540778,0.426747726620922,-2.76868305171859,-2721.06173543467,1016.50222710813,-6602.1922828373,-4.85400122876312,4.90764063663333,2.75538916424201
-6993.99690933331,268.342460131723,-1729.41865112715,1.79840498891761,1.10627047981185,-7.12970781414164,-6993.96252624579,267.427925226203,-1729.39155609702,-1.69410259997983,1.39689563237205,7.11165079053262
-4984.62679944585,723.678745309702,-4977.20685933697,5.32292485045522,0.759662235088392,-5.22467639380221,-4984.62337841482,723.15288794083,-4977.11557417535,-4.78531848516599,2.50387961086788,5.2018831617966
-1017.22113410909,-1056.15059001081,7007.1743405137,-7.38462373841061,0.157716462619163,-1.04638725894702,-1016.30512747496,-1056.95573055333,7007.18306572779,-1.11346790991457,7.31433490432116,0.978011460961938
-4975.14317686961,725.030778926579,-4986.50052633321,5.33287747583597,0.758215310188459,-5.21471957073278,-4975.02845938286,725.133696056947,-4986.40617798549,-4.79418531887709,2.50515507387013,5.19310619768527
7023.84785630079,-121.232100753563,846.471013354489,-0.91681308369298,-1.05644965981112,7.37637588905569,7024.04754046119,-121.927072650735,846.346884619856,0.894705845615678,2.06103284329962,-7.16361840383976
4703.79551051474,-690.766402833604,5109.87145641942,-5.59582679003742,-0.68106664018327,5.03810525986472,4703.83886419525,-690.38838695071,5109.85702403538,5.17273883787644,-2.30075004514067,-5.03709078128945
514.985445771683,-1055.49469689837,7061.86081748459,-7.44080843755174,-0.0791444277966396,0.529519249579628,516.208754946689,-1055.02154675227,7061.82360341904,-5.59283655732341,-4.92380530865091,-0.319918910420013
-91.1221533519685,-1091.96906930819,7112.66398731389,-7.43993516205365,0.0142467909247507,-0.0927977231535145,-91.0747123016609,-1091.35951562691,7112.7587341944,7.36374800132987,-1.13670158919695,-0.100581152171092
-1581.51003151058,-1030.19214979585,6905.84447665788,-7.27657355944592,0.242686605598181,-1.62683213564708,-1580.74008961943,-1031.35301875407,6906.04646972215,2.11784044307424,7.01464271324994,1.483179342641
2045.88410832011,967.592971757572,-6710.72308375762,7.17261816251944,-0.308971438292712,2.14285759835473,2046.35623713319,968.002655634081,-6710.69068094315,0.569696618750685,7.37436285825165,1.20748614125201
-3545.70024526305,929.672131496337,-6167.75626765126,6.47213923222089,0.548645224268259,-3.63988508386773,-3545.56768915566,931.444871770529,-6167.78461081311,-6.23627415192995,1.61690690277197,3.74012045714781
2353.72728874572,-1011.60186616929,6700.44238217283,-7.04189624640515,-0.36436775902029,2.41341647354603,2353.97576393745,-1010.94641738241,6700.37085490053,4.79544723894912,-5.35942820798629,-2.23823748964243
-3880.76360711278,-847.618894252201,5846.03396119184,-6.28060995399788,0.590695875229617,-4.07402157446468,-3881.03478348134,-845.657510075109,5845.77997629477,5.41292345179023,3.25645259459078,4.02710234463497
-438.204366434125,1096.74714113699,-7108.39310143727,7.41364662405932,0.0694106384835028,-0.449872423447997,-438.784428678334,1096.54166983555,-7108.03545519954,6.66511195052769,3.13074938613162,0.0948573499325563
258.985225948944,918.208546568583,-6938.63822583836,7.50948773229176,-0.0313573461446953,0.236956892957365,258.571630222318,917.705829311711,-6938.70790236899,-1.52838264859527,7.31349742969229,0.891974039940215
457.187907434823,1075.94257455804,-7103.07218726566,7.41750958926528,-0.0706116530301575,0.466156632744902,457.451176021433,1075.84111484662,-7103.03221398792,5.75002432613564,-4.73996411437324,-0.403290828508206
-3422.90377978729,-219.382936488753,6208.71847494778,-6.56912388161701,0.127349490609162,-3.60408416919781,-3422.70456417429,-218.411393091933,6208.94929228168,5.65667949213543,-3.93733049616966,2.95279811597464
-2219.66660101556,-1045.78150597169,6766.35002330426,-7.07914506791755,0.349844647569193,-2.26353500627871,-2219.52475183639,-1045.10862930259,6766.57203720059,6.28872873290015,-3.68819886443073,1.43390626094777
-3533.93638559893,930.667676117098,-6174.35459097605,6.47908104990233,0.546822484844068,-3.62778864774838,-3533.79722221178,932.480698430923,-6174.37808675599,-6.24276657514245,1.61865567851967,3.72851494996087
-522.418372895055,1085.89732312249,-7106.11198491536,7.40670112324897,0.0805109157538324,-0.526861375955917,-520.48466059937,1085.99700243171,-7106.32840536481,7.37606929152793,0.849573031189063,-0.446340192244945
-3545.69949246446,929.672043638389,-6167.75586895386,6.47214024294511,0.548645196858347,-3.63988500967435,-3545.56524637671,931.464631264972,-6167.78417488743,-6.23627314123652,1.61690690771291,3.74012052661161
-1581.51017684965,-1030.191444171,6905.84392869455,-7.27657395084832,0.242686613451796,-1.62683317424395,-1580.7306151956,-1031.36614953605,6906.04699183494,2.11784005163568,7.01464299602435,1.48317770561919
3155.18291067278,997.091564029978,-6409.16642838658,6.67646370805876,-0.499573094454695,3.21117651963221,3154.72113853179,996.786564357336,-6409.44388876876,2.54285349814302,6.59251997414019,2.29464917399546
-3537.85862358754,930.335559721689,-6172.15655992228,6.47677082833719,0.547430105776501,-3.63182293923589,-3537.72033786482,932.150677589911,-6172.18164226964,-6.24060373744924,1.61807293484208,3.73238400663728
1771.56260948718,-940.120345806662,6699.03581602419,-7.30300764794359,-0.265228067048633,1.88993371188863,1771.9581808216,-941.133385540104,6698.65963913793,5.12655278539407,5.50754344761357,-0.585681201266723
-3418.9942826246,-219.458724316244,6210.85959575375,-6.57139747211867,0.127203829154009,-3.59995966778529,-3418.85086525392,-218.715272866653,6211.05316168773,5.65865954369162,-3.93720186807524,2.94915597827857
1177.86993805984,-930.068174982771,6829.21798861286,-7.44404935693229,-0.171927438788577,1.26240758203516,1178.48712037994,-929.314935681579,6829.24763440951,1.39402886888265,-7.31535489568016,-1.23357253071105
-3533.93335870484,930.66707365539,-6174.3545722243,6.47908399493128,0.546821897939832,-3.62778708551093,-3533.7925934625,932.498123346065,-6174.37792459845,-6.24276363028049,1.61865578950093,3.72851641024226
-5406.18080950488,162.030638465277,4244.06166704962,-4.71356867778101,-0.228234300493737,-5.97811862087384,-5406.14629795998,161.177766246152,4244.12893974177,4.67633315562574,1.08929291602454,5.90816564311429
-6042.07014958804,-529.153715386061,3636.3540868664,-3.9110926552075,0.92313691839429,-6.34380433365169,-6042.07800442114,-527.505386847886,3636.75883283687,3.85769061939166,-2.09500599193187,6.09835434080935
3744.12422252884,908.482436779265,-6086.28488078536,6.34796680682499,-0.570061288077338,3.81905597129409,3743.97174895182,908.607037215949,-6086.01288127756,-6.3362765839702,0.633323649018294,-3.84255440076639
-86.7245757947387,-1091.98293231863,7112.7248191969,-7.43998398691117,0.0135462610146767,-0.0882343983831996,-86.6780367712221,-1091.38474382911,7112.80199067799,7.36379848980889,-1.1360286488405,-0.104964696825268
285.004055156975,-1057.21154518238,7074.72947041379,-7.45404007745172,-0.0437683886560872,0.292891519920986,284.405828562787,-1056.51129135569,7074.64174909795,1.0416196221567,7.30751878381595,1.03886079194786
-17.7356388712251,-952.791006279268,6932.17543962268,-7.54650732143687,0.00088971865572032,-0.00647307506087017,-17.7176218468234,-952.960185861828,6932.14096241608,7.37895734947947,1.53953939657582,0.243093285329434
-5174.37921615163,-682.089324179562,4768.95666127139,-5.12430223604404,0.77725532999269,-5.4343158304203,-5174.05299944626,-680.363362251324,4769.12179821593,5.03688934138156,-2.154050199944,5.1300755017956
-729.930128896014,-1004.48079209007,6955.45331829367,-7.46919189010987,0.110675056665006,-0.766358171278849,-730.061880527701,-1002.73617720918,6955.55582807456,7.3685888604133,1.13059643711085,0.945983863930917
-3415.53721819103,935.912092640226,-6240.02781411633,6.54679323334629,0.525938168001449,-3.50658854555319,-3414.97111857749,934.227988713024,-6240.51642102467,-5.1177286544258,-5.01325375520508,2.07109259662424
1057.29964926993,257.312452592918,6783.50142425524,-7.52477095887029,0.0443562722054321,1.16935454393327,1057.69813473574,258.370141317093,6783.40228889322,5.6266906515553,-5.08502694989728,-0.692992919301318
-1219.43673560197,930.866745485461,-6842.10556730538,7.4134392824349,0.1787063068965,-1.31353128740694,-1220.4086403862,930.75634814233,-6841.95064215163,7.32542042707544,1.19103888130172,-1.14433423115906
-1219.38048048444,930.855433001071,-6842.01775063303,7.41353107438202,0.178717190646148,-1.31361038976623,-1220.18301070549,930.764369092975,-6841.89038599391,7.32554682299299,1.19102326593907,-1.14421858023599
-1241.45074492701,930.407915469624,-6838.73288707216,7.40875755021003,0.181786194731169,-1.33616911220274,-1242.13093208496,930.328750321993,-6838.61289981884,7.32089127159856,1.1940413052701,-1.16640265472531
-1232.72539895002,930.60888785108,-6840.20758452663,7.41051679024962,0.180539038079517,-1.32700175253159,-1233.20528371669,930.552760910356,-6840.12135568668,7.32264565244115,1.19278255415798,-1.15715009535793
-1245.61718587817,930.26720537289,-6837.69999808074,7.40817505193192,0.182449101835339,-1.3410418937693,-1245.55095731536,930.274143675745,-6837.70711407687,7.32047031309262,1.19459084454171,-1.1704421468906
-1250.17633274442,930.205445957043,-6837.247364305,7.40698605010254,0.18303332169053,-1.34533630141556,-1250.1519827484,930.207008125144,-6837.24411819353,7.31930255019654,1.19516737318963,-1.17468000998254
-1250.17562199877,930.205451469729,-6837.24261806316,7.40699170581235,0.183033022486052,-1.34533316064956,-1250.08631245078,930.213712119528,-6837.24572319791,7.31930820593545,1.1951670578659,-1.1746767744357
3002.35714036634,866.440025516651,-6275.59163937528,6.81097081953511,-0.440534488903906,3.19076286931986,3002.21362344235,866.911263505455,-6275.57314685887,-5.55380058594418,-3.95689900525534,-3.1636679081684
-1224.21469794669,930.852219910097,-6841.99828085389,7.41192978181665,0.179245007789052,-1.3174907480825,-1223.87114299042,930.888900391496,-6842.0391760557,7.32417635061019,1.19138375463453,-1.14686901379405
-1254.50822655891,930.097917528728,-6836.45285195204,7.40614673659266,0.183661808568671,-1.34995499956784,-1253.83763839142,930.172676137764,-6836.55178497355,7.31860899853424,1.19569557625246,-1.17856161482394
-1214.1336722135,259.000900112086,-7001.57092382048,7.36297461182582,0.047300699025179,-1.27867477591358,-1214.39210440618,258.838916088628,-7001.54125956962,3.34687701419915,6.63200601626166,-0.310231226571604
-6042.07052062565,-529.153756028243,3636.35438132775,-3.91109254476783,0.923136880997812,-6.34380410303902,-6042.07387799916,-527.479645252409,3636.7625732176,3.85769072984492,-2.09500602192001,6.0983545732238
7004.38646678682,143.247250152563,-1010.38380912644,1.07420059265034,-1.04263498629625,7.35414283570448,7003.98466790952,143.142467115385,-1011.71750466556,1.02162648846703,2.14587326649595,7.11947356256009
1319.27688669342,1063.23250857871,-6972.38060330775,7.31630333059968,-0.206289315439817,1.35278241422241,1318.46200660088,1064.09102697381,-6972.22628115765,-0.637225177255194,-7.28348493043532,-1.27334367993831
6184.1624356073,491.646723234675,-3412.5058187561,3.64816875070659,-0.934566409530031,6.4867894934073,6184.25123177206,491.964734839093,-3412.57090459012,-3.44106208651458,-1.60541402511078,-6.4627846907324
729.457927333624,1053.91801768443,-7059.86272088262,7.40433566692001,-0.111892053441087,0.749526547144989,728.02409155763,1054.81899059187,-7059.90777818927,3.37401740231921,-6.59729196758755,-0.678767884271411
1686.7103687264,-969.134589450859,6792.81619023067,-7.29300781625755,-0.252658732984755,1.77091773057287,1687.12473153873,-969.829297147951,6792.56101311164,3.39893483037678,6.71088247075935,0.174841050724011
3743.89417248921,908.509334862218,-6086.45718735459,6.34769624945953,-0.570119055673906,3.81943802613409,3743.74972343252,908.616788866188,-6086.20114653062,-6.33676902457787,0.633086546822482,-3.84163833115648
-1695.73266188937,-1027.49219222828,6878.95384367955,-7.24882410785757,0.260580167449748,-1.74455077283795,-1695.47088732354,-1026.98010920743,6878.92678464556,4.71775726654252,-5.74739141130902,0.323756931653146
-4962.38264193724,726.833762866175,-4998.89554996136,5.3461156902237,0.756290738376002,-5.20147757832684,-4962.0614271995,728.106481740314,-4998.79605099994,-4.80621609345335,2.50688201226094,5.18122412390346
7016.35469253736,23.1884693053895,-167.965682788671,0.162861999322668,-1.0300805506237,7.46137543195605,7016.38191371442,22.4031039587096,-168.197974698685,-0.19334066428435,3.17451270951678,-6.79584987982605
-678.864386385618,1068.15297133277,-7062.29663267449,7.40963790093497,0.106041620688456,-0.701111732381786,-679.524507821835,1068.14734025332,-7062.41869015677,7.38887417967103,0.792504111583971,-0.620485354589605
-3520.955180189,931.895807096119,-6197.43478600651,6.4843529285943,0.541986984224365,-3.6043930769345,-3520.81989210671,931.001572225311,-6197.70536235941,-5.98753162536944,-3.3036951209062,2.86936443298997
-5393.51277349172,199.854045184887,4151.27042766153,-4.68077183894874,-0.29114116191422,-6.04742854444633,-5393.55112254882,199.747096069633,4151.29003005406,4.56621504131067,-1.40221614221791,5.98093693803428
-4968.72256555876,725.933610108532,-4992.71633405891,5.33949983737477,0.757257001192781,-5.20813539371408,-4968.46897697943,726.815588340408,-4992.61735193435,-4.80022766509161,2.50601702667413,5.18718418099786
3803.48754047804,-795.709957035783,5815.72621379756,-6.33938173042233,-0.555548826160221,4.06041113838073,3803.19823419549,-797.232136699642,5815.83445510933,5.43661906736438,-3.36828073055289,-4.01979665199258
6819.85277844744,285.863727851007,-1976.66247670226,2.09117880321521,-1.02872995793425,7.11335460576606,6819.90789560956,285.766527888156,-1976.67698276134,-1.98505151828964,-1.21442568148484,-7.13039201968346
-2592.74718479335,936.451994190917,-6523.43611222105,6.97237782325053,0.389882990794918,-2.71596158868761,-2592.63282576815,936.569045231807,-6523.17103788308,-6.82988301438224,1.16894922163119,2.89462521153865
-1793.65702635012,1033.68073159443,-6884.0873397288,7.20138219758193,0.275628325474788,-1.83561765450133,-1793.63585840309,1033.28295734197,-6883.98928990228,-7.45790009579991,0.428619641978011,1.94983440478016
-1793.65748440445,1033.6846306942,-6884.08512266828,7.20138376869235,0.275629611977652,-1.83561870921714,-1793.63635709938,1033.33196941064,-6883.98905371111,-7.45789852461374,0.428618652585209,1.94983344196949
-1793.6623727206,1033.6890327,-6884.09774500095,7.20136917545387,0.275630013562901,-1.83561693602898,-1793.63841565279,1033.35604055557,-6883.99151274709,-7.45791311775658,0.428617706101546,1.94983526955052
7129.90489589951,115.295014415312,-757.178381461821,0.788515290685955,-1.11619633864307,7.33040502287897,7129.59104452961,115.613465818364,-757.148812817228,-0.624840126334355,-1.14479154893608,-7.3634490552182
-1700.10402271876,-1027.33666170231,6877.90031281327,-7.24771138839108,0.261253607172076,-1.74905624846985,-1699.95327391835,-1027.06937772425,6877.80513985904,4.71704821583136,-5.74781492872869,0.326590309376549
-1793.65902205615,1033.68448367078,-6884.08463129902,7.20138396804071,0.275629850412622,-1.83562043130395,-1793.63504338868,1033.40731712379,-6883.98056762465,-7.45792327658847,0.4286333096294,1.94973595474347
-5165.27477434455,-683.467467357337,4778.59398173434,-5.13465114025904,0.775888209311434,-5.42475934025987,-5164.96479776159,-681.702269256893,4778.78491430519,5.04701955604599,-2.15270192501862,5.12065070634784
-1863.33823205272,-964.043931452458,6747.31366807349,-7.24445576827388,0.279553387904057,-1.95657797085698,-1862.79357560913,-962.461612955663,6747.81747528712,5.57262410861529,-4.98405882595984,0.718663245622125
-4831.59294182184,-664.974432287512,4959.3455414836,-5.44547591465113,0.698822683671584,-5.21177079597334,-4831.61804413763,-665.03696450579,4959.37974037555,5.04267140330485,2.1849846109378,5.2040575469353
-4981.38467740484,724.134506162174,-4980.33479399749,5.32623630589152,0.759190603980856,-5.22142573338296,-4981.26170361687,724.261108315705,-4980.23663080335,-4.78837530349368,2.50430613520686,5.19894340876515
543.797321670458,1096.95952781406,-7101.10114065438,7.40651905406972,-0.0853611706375691,0.552578277941175,543.758508633353,1097.29150282294,-7101.18472370264,-7.06234402744237,-2.13876825809565,-0.884307776751722
-501.895047562668,1086.18298532474,-7107.96274885103,7.40718939286009,0.078570763005787,-0.514163826249581,-502.533874029358,1086.16735900135,-7108.06110814192,7.37638146220097,0.847937948474365,-0.436300911934739
-3218.17587054949,-974.508445529687,6364.26407862861,-6.6586490393906,0.502692232636314,-3.28294335036384,-3216.97735896538,-973.746971494471,6364.96775096124,-2.7359691691664,-6.49953163509772,-2.38673872558787
18.0380983503086,1076.28814304141,-7107.79401696026,7.43594181742791,-0.00281579365821089,0.018595396567905,17.8024651273927,1075.26700792082,-7108.06195826659,-6.79798859312659,3.13839594465142,0.564928741726306
-411.242760205486,1065.03612717839,-7092.41878223764,7.42988923832914,0.0611597620086325,-0.407280834274559,-411.404764496002,1065.01538672291,-7092.33839932198,7.42766900930776,0.329225426010249,-0.342589011375624
-421.768890496997,1059.86216903224,-7057.95781870744,7.46353337174139,0.0662493307262373,-0.441173634741063,-421.640857643308,1059.84359369434,-7057.87702032815,7.46146704446228,0.334186753660128,-0.37630122029301
543.797856693176,1096.95942314614,-7101.1010691482,7.40651903800636,-0.0853612484152195,0.552578829993735,543.75858996538,1097.2943056048,-7101.18423866185,-7.06234404349821,-2.13876835439362,-0.884307198282296
698.100253236033,-1073.87914342745,7082.11114086831,-7.40524291458653,-0.108008459874291,0.712300848859734,696.943082979229,-1074.63789235182,7082.15771538284,-3.13215951735488,-6.71162780426443,-0.700576194023414
3743.89504945937,908.510916888056,-6086.45645537877,6.34769565452744,-0.570120219219512,3.81943871310377,3743.75049092589,908.616178841706,-6086.20057752534,-6.3367696195493,0.633087465689606,-3.84163731706696
6819.85444505443,285.862926415916,-1976.66136701427,2.09117497423345,-1.02872767296743,7.11335475642056,6819.90743042662,285.782255452457,-1976.67547846745,-1.98505534726063,-1.21442792054506,-7.13039181005495
525.852573176086,1097.16585277378,-7102.36365813635,7.40798017160484,-0.0824754313384824,0.533892186262172,525.82384993414,1097.44123998556,-7102.47165626946,-7.06370010461445,-2.14139440124706,-0.867302224263029
626.751186204641,1011.74115791502,-6981.3045672232,7.46202076943726,-0.0953167722969228,0.657710478645465,627.660804800547,1011.23670474044,-6981.27318785608,4.0525859118985,-6.32216832528059,-0.612859619981555
7025.99758513578,-118.729248895699,828.994349826946,-0.898083955597419,-1.05677084317794,7.37860814142438,7026.13628841528,-119.72906687139,828.796915978235,0.876140869194791,2.06145239693346,-7.16583226057361
-6237.12358318187,-437.204670271477,3166.08708820244,-3.43815182427819,0.918327563229407,-6.65020591154712,-6236.52211030792,-436.295456808765,3167.13617922921,-0.300928317156203,-7.69320351886338,-0.985525722938111
-1810.98795914549,1033.01946396976,-6879.63525964858,7.19661403799047,0.278370106244867,-1.85386427732482,-1810.94500839586,1032.66862539888,-6879.45706031275,-7.45345157201997,0.425933400885413,1.96771110823703
2045.92838104985,967.593840567034,-6710.72203332405,7.17262833318642,-0.308960290453785,2.14277802890394,2046.32742576503,967.938687389983,-6710.70628224135,0.569747126206658,7.37439314265512,1.20727596245968
1771.56133480536,-940.12082945041,6699.03672952385,-7.30300764585957,-0.265227862652903,1.88993153673263,1771.95411364806,-941.127324982335,6698.66179212477,5.12655278738269,5.50754378108442,-0.585683076039699
-4962.38235485246,726.832657418351,-4998.89627143308,5.34611584362486,0.756289421925288,-5.20147718479365,-4962.06525193263,728.070086980705,-4998.79484333818,-4.8062159400271,2.5068831575524,5.18122410234308
-7144.51878790739,92.150397773912,-606.340526735914,0.629672022031616,1.1164065828483,-7.34583999318814,-7144.45198911829,93.5572061757629,-605.93402679102,-0.606780340196206,-2.9124146828785,6.8002212769313
-6990.7471476912,270.358135992126,-1742.41837404045,1.81193730940924,1.10573689958457,-7.12630600953493,-6990.70584909656,269.456419006322,-1742.38968992073,-1.70680881785346,1.39739464444917,7.10846976503954
-729.928384998847,-1004.48197151871,6955.46455509346,-7.46918117017133,0.110673743229937,-0.766349406684853,-730.044505921732,-1002.91615229135,6955.53820869028,7.36859957991884,1.1304962578231,0.94597827166161
-2228.2703273786,-1045.3550093593,6763.59261263722,-7.07625515311129,0.351203401507527,-2.272327003265,-2228.15448603401,-1044.79882471386,6763.78092373322,6.28624064888632,-3.68940554253294,1.44171421376255
-644.942471433146,945.211532872474,-6905.60491049857,7.51124535751103,0.0950534086167686,-0.694446244016426,-643.8701107156,945.482880442114,-6905.67199658619,6.69986970671466,3.44860067859931,-0.0998441780940034
2024.61631398674,968.508174359199,-6717.05208122529,7.17941144220354,-0.305734577581053,2.12040268804118,2025.31459917411,969.126441233897,-6716.90630440994,0.570122830440834,7.37461606787124,1.20573012388367
2037.40325345684,967.961776263424,-6713.26237955957,7.17535128811187,-0.307670300555174,2.13382771525421,2038.00389811522,968.490723043074,-6713.15893739137,0.569876062544199,7.37447156956657,1.20673198291091
2510.13619619136,-263.214015422015,-6411.515588745,7.07240460194664,0.113576429378199,2.76654770575891,2510.67765325655,-262.082615543753,-6411.33545105428,-4.04054780728612,6.16906886257486,-1.86322633688761
5530.11142292951,681.079353930811,-4519.0800703928,4.74277787911776,-0.856147807922673,5.68067898566693,5530.18994203176,679.420621653209,-4518.96388339975,-4.37555172824562,-2.08057421938982,-5.63756345239034
3743.89497972302,908.5120247002,-6086.45587211971,6.34769591607432,-0.570121003991453,3.81943894758933,3743.75062035378,908.614470954872,-6086.20076621437,-6.33676935801157,0.633088152134126,-3.84163685151153
-7144.13387216128,92.824892637893,-610.780137320696,0.634330269054252,1.11634404618329,-7.34544656179199,-7144.06607710531,94.2387967458,-610.371475485242,-0.611290443473622,-2.91235488210076,6.79984518956403
7021.14896579232,-124.36662055397,868.355488691292,-0.940270546237224,-1.05603258081581,7.37345115273074,7021.28368581696,-125.374650525858,868.156547987064,0.917933841991866,2.06073360583987,-7.16081121336579
-444.233182476644,1059.66089539319,-7056.62514803594,7.46207221035645,0.0697469320968688,-0.464465689225981,-444.049690416046,1059.64353236839,-7056.54795391863,7.46008879303053,0.337668596461611,-0.39948830479879
-2720.66533134019,1017.62818484847,-6602.2596142102,6.87609967161858,0.426747973100978,-2.7686847017071,-2721.08166754377,1016.45465485279,-6602.19176641092,-4.8540022726146,4.90764089670331,2.75538750284585
2058.7036882053,967.042529041025,-6706.89077896925,7.16852678971595,-0.310894710638551,2.15619164397839,2059.13742820257,967.418518346953,-6706.86202708047,0.569469857839355,7.37423469575718,1.20837440212083
7003.05532736674,144.48786551126,-1019.13412117387,1.08359071337685,-1.04244942539629,7.35283200131314,7002.61335695674,144.361356383655,-1020.75311514802,1.03045511175448,2.14605557130443,7.11818590137299
6171.03736747986,494.977403827652,-3435.60892504649,3.67291792293283,-0.932604863403617,6.47314603950407,6171.1656661772,494.686632101465,-3435.66460560002,-3.46459352320017,-1.60728192739043,-6.44979313285993
-2720.66453395998,1017.62802766292,-6602.25994430966,6.87610003725894,0.426747766033421,-2.76868392231651,-2721.08221698787,1016.45096000411,-6602.19208678694,-4.85400190690977,4.90764085981617,2.75538814430824
530.369135185904,1097.11446458184,-7102.03423590742,7.40763977546565,-0.083188129518951,0.538505977563503,530.340437307151,1097.39186266502,-7102.14448269917,-7.06336500287401,-2.14071890269362,-0.871675212439588
6819.85390802399,285.863324709024,-1976.66246506258,2.0911767869061,-1.02872847931343,7.11335437159798,6819.9078420411,285.785092996989,-1976.67687980653,-1.985053534602,-1.2144270364789,-7.13039221691142
7002.41172365044,145.105803576186,-1023.4927285096,1.088256706845,-1.04235290503527,7.35215140422546,7001.94212118084,144.965834324009,-1025.28794223112,1.0348917353545,2.14615148696825,7.11750956305511
-442.762411881285,1096.70789732443,-7108.14132892662,7.4133386235585,0.0701096505222872,-0.454403096302064,-443.5028969013,1096.46211314153,-7107.77779004897,6.66484331842833,3.13139127836124,0.090696904620152
-6992.94944022482,269.012544667595,-1733.7315080962,1.80286735932216,1.10609598434509,-7.12855971197077,-6992.91775476546,268.131989587676,-1733.70572397105,-1.69825399297992,1.39705904822436,7.11057541880793
-1704.47594997954,-1027.17898751533,6876.84500619076,-7.24659522736193,0.261926750187077,-1.75356293013731,-1704.15597696234,-1026.5416557161,6876.84630394456,4.71626657893296,-5.74828106920929,0.329711143060678
-4828.47585126935,-665.374134916163,4962.32578085729,-5.44875256323531,0.698371762826884,-5.20840709028212,-4828.49813204573,-665.467801126564,4962.36162448451,5.04569835403292,2.18540172123877,5.20094609221168
805.884612561519,-992.890291063774,6948.65222468358,-7.46055707995475,-0.120876246757895,0.845937962817012,806.802222406652,-992.139413345036,6948.56861076948,-1.78373326285774,-7.24419086861806,-0.823985170985419
7001.11634705373,146.340946182465,-1032.20519273585,1.09758319770936,-1.04215833544095,7.35078243758192,7000.63279897416,146.195233036303,-1034.07414124927,1.04346271116322,2.14633862312651,7.11619274028712
3748.02591670842,908.133675010129,-6083.94003352606,6.34556596348908,-0.570643095336027,3.822948471203,3747.8687840348,908.255610301367,-6083.66111071092,-6.33375767469565,0.633930454666505,-3.84661433799926
-1782.86292586361,-1069.84905189918,6884.37919148907,-7.21189212753919,0.282594839695406,-1.81846490961872,-1781.86497286441,-1071.55548756632,6884.49047316004,3.05472938854118,6.52430750992686,1.82522041025502
-3422.89986165822,-219.383577109345,6208.71939843474,-6.56912595159247,0.127349772112695,-3.60408213827403,-3422.72008233477,-218.494277030322,6208.93547280794,5.65667742217181,-3.9373308553197,2.95279974922569
805.883989544527,-992.889908375495,6948.65376455936,-7.46055578870544,-0.120875911280477,0.845936126341922,806.788018303421,-992.149722155618,6948.56958853562,-1.78373197175176,-7.24419067519418,-0.823986402005538
-6990.74748054478,270.357907377838,-1742.41689526404,1.81193582565286,1.10573696348531,-7.12630640029795,-6990.7067041315,269.443612763381,-1742.38808252038,-1.70681030165257,1.39739470147931,7.10846937440838
1814.68913777649,911.204472250115,-6710.64483827117,7.27337379309698,-0.263449586003367,1.94018985157798,1814.40950322578,910.517414582597,-6710.82087741969,-5.13539704099746,5.44933996654962,-0.645001066614813
1823.19857070114,910.894593697209,-6708.37687858965,7.27090443254766,-0.26468200248781,1.94927017724756,1822.82261894678,909.970778806534,-6708.61373334383,-5.1336451295042,5.4502177453245,-0.651468482381046
1818.94247468839,911.050936264828,-6709.50945772913,7.27214409810863,-0.264066057415956,1.9447285430782,1818.68783715249,910.423980609771,-6709.67264044745,-5.13455749470199,5.449759796425,-0.648092027463197
1818.94622385333,911.049534573958,-6709.5174306473,7.27213286999164,-0.264065985186201,1.94473331870006,1818.89844374118,910.935018088848,-6709.54116255918,-5.13462060878669,5.449732936073,-0.647897933205471
1823.20243515351,910.896040467783,-6708.38848899251,7.27088716027294,-0.264682777409262,1.94927616390753,1823.55386912894,911.759449923542,-6708.16742694698,-5.13387043185486,5.4501129791832,-0.650697150098686
4327.88133304306,-253.516080460989,-5266.76111128371,5.90123512004601,0.233040491187194,4.84136865597238,4327.70721441517,-253.836346112725,-5266.95025376797,-0.950306847665521,7.49202318885067,-1.14259492948813
1201.65498883076,960.913469521089,-6837.99882712658,7.41885295323886,-0.179777436721006,1.27931689612123,1202.51106900813,961.661167272877,-6837.73210521456,0.841116364159,7.3852123162908,1.18462679510254
-3222.22287852066,-974.202848500682,6362.26701593433,-6.65655660843778,0.503325496718027,-3.28707836322371,-3220.97851899041,-973.412277651032,6362.99739391964,-2.73510016173598,-6.49927142051056,-2.38843778822593
1189.83608158415,-236.963483542113,6979.90496161952,-7.39572038552837,-0.0424963727748161,1.25175174723945,1191.46459686204,-236.218291137588,6979.63621238955,-4.93521354752494,-5.64209205171184,0.634807872364255
1185.44554105808,-236.989221151832,6980.64716878751,-7.39651057574282,-0.0423387443352958,1.24710587669061,1186.36764685415,-236.566580294356,6980.48868148612,-4.93587002905274,-5.64196008153166,0.630918633256008
-4815.90310934347,-666.982463718079,4974.31324714149,-5.46191765948574,0.696554075583395,-5.1948431621195,-4815.92783457736,-667.054310542513,4974.3486112826,5.05787835000099,2.18708388699903,5.18839361298514
2357.98876276537,-1011.38198316015,6698.97907177757,-7.04035700650341,-0.365029373925426,2.41779625164928,2358.28578153269,-1010.60803059888,6698.90397105894,4.79459531895485,-5.3589928979745,-2.24111934349368
473.61973203487,1080.3052324906,-7077.6715290473,7.42673420939957,-0.0740755572272042,0.485307697267507,474.587862807665,1079.83763507118,-7077.51836040921,4.97554109553879,-5.48783552815107,-0.548746728847373
-2178.29463825435,-248.780639443752,6744.69021666058,-7.13426967935838,0.0845200678313367,-2.29141439879644,-2178.42460247036,-249.094618953998,6744.51080503905,3.86832081122857,-6.35293884422173,1.00428709591988
-3509.13721642038,932.880524071906,-6203.9928459688,6.49122207510208,0.540163274267629,-3.59227019333617,-3508.97611445589,931.869474823389,-6204.28325347396,-5.99373780196661,-3.30203248881573,2.85831232537286
-2388.03094000899,-1018.07137911105,6686.88217150141,-7.02973994783818,0.372811616721415,-2.44868747344101,-2388.16581817026,-1017.77604143563,6686.89491649253,4.45741560713912,5.4064785731771,2.47363229187668
6836.47199365006,-113.585582361704,764.461319081944,-0.866722063566747,-1.11155355887915,7.4810483866209,6836.73466089571,-113.394450953824,764.491149565941,0.803913445898951,-1.07170485408703,-7.4847686893505
-4818.97296879574,-666.589682712819,4971.39193052506,-5.45870428057434,0.696997707007737,-5.1981601326499,-4819.0011868315,-666.635266590468,4971.42702126434,5.05491888263735,2.18667521520552,5.1914491821651
-5566.90489026681,-583.24152955377,4199.37048759606,-4.58201310664209,0.825292136053645,-5.94213640315864,-5567.44961070029,-583.83924074968,4199.83046274308,4.24962243300214,1.91950617811031,5.93849749321868
-5162.23746362786,-683.927597568476,4781.80291443179,-5.13809556926942,0.775433281029625,-5.42156937007579,-5161.93094170679,-682.114385017109,4782.01028774757,5.05039346290946,-2.15225320995012,5.11750434206149
-5165.27655271398,-683.468256647355,4778.59357139262,-5.13464942619715,0.775889261801651,-5.42475997114251,-5164.9670225666,-681.648386225497,4778.80011850321,5.04702127019481,-2.1527027066889,5.12064956607906
-2206.75434359791,-1046.40551393494,6770.46355567157,-7.08346057993673,0.347802830715545,-2.25034951325222,-2206.60656414241,-1045.6821577318,6770.71991007012,6.29244062756076,-3.68638411146718,1.42218646532113
-438.201968479947,1096.74697084894,-7108.39631180888,7.41364362625095,0.0694102494717718,-0.449870168460902,-439.022630845677,1096.48193951803,-7108.03443321466,6.66509679035085,3.13077948764008,0.0946620297048988
-5566.9062679895,-583.241794182448,4199.36771979396,-4.58201038779386,0.825293363782986,-5.94213863554385,-5567.45945263394,-583.762282944973,4199.82687460942,4.24962515123936,1.91950560451359,5.93849542714442
-424.683747804593,1096.8752375689,-7109.22941578695,7.41446273907101,0.0672604316128064,-0.435936611055552,-425.485106572308,1096.61482306401,-7108.86612214217,6.66578313371116,3.12884424287733,0.107204919891389
7024.92683683565,-119.980354278705,837.731306925717,-0.907448445347968,-1.05661018734195,7.37749922687765,7025.07755015585,-121.007480964638,837.529661342328,0.885424847443449,2.06139071135898,-7.16470890809762
-5967.39967932829,-130.878068938874,3826.97764217506,-4.05729880293192,0.215657674692129,-6.3059900534641,-5967.39715687254,-131.134468837254,3826.92217399032,3.89929074406049,-2.3577953797254,5.95154550298467
-6225.00673638508,-440.423272570108,3189.39132003569,-3.46348234971339,0.916546535506049,-6.63730037834868,-6224.49027802889,-439.654213103915,3190.2737055547,-0.300467096650246,-7.69334576341112,-0.984495102522416
323.561795456776,965.753353201409,-6937.34880786282,7.52276236442809,-0.0489829554046311,0.351860570452235,323.769981213248,965.689636948264,-6937.34647328939,6.27472655906063,-4.1502008305477,-0.286782047387445
3713.43632999691,948.454473517111,-6103.0177466688,6.36521017359627,-0.588307745152905,3.78557140126889,3712.1494391921,947.769468738946,-6104.35465573943,3.76915216474346,5.6440566866192,3.09116648244019
-1854.98516744155,-962.694441287834,6749.89565506483,-7.24690406727295,0.277762938412902,-1.94751681182958,-1854.86464735999,-962.135218504258,6750.34813456487,5.70871838298457,-4.80535302757233,0.883951984649673
-5165.27562897128,-683.468309711354,4778.59445855577,-5.13465094657093,0.775888997212748,-5.42475870474663,-5164.96443306568,-681.635160679183,4778.8030849718,5.04701974978137,-2.15270281129354,5.12065087696058
-5566.90480753939,-583.242346236777,4199.37066094761,-4.58201307132234,0.82529322370316,-5.94213615861631,-5567.44899907291,-583.846955836733,4199.83087815709,4.24962246837788,1.9195050657724,5.93849794034285
7025.46231725332,-119.354749339736,833.362529060975,-0.902768906545467,-1.05669078632883,7.37805619106729,7025.61670187553,-120.385875053524,833.160390948117,0.880780504353211,2.06137203351804,-7.16527810245985
7025.99699021266,-118.729004122111,828.99384691136,-0.898085102669146,-1.05676941872717,7.37860893142894,7026.14362158825,-119.763125668246,828.790025964759,0.876139722100298,2.0614508514362,-7.16583210731213
4341.11955159799,-252.992412675177,-5255.87541719291,5.88901315150391,0.233754810542218,4.85620247573695,4340.73820236946,-253.644358355677,-5256.22942935133,-0.94817003053092,7.49189885050768,-1.14517649657912
7005.07352979474,142.625120312825,-1005.99574804108,1.06948155437421,-1.04272411064879,7.35477209174015,7004.66655000702,142.519109362737,-1007.34552732099,1.01733856068804,2.14578879746167,7.12006991267205
7025.46294791883,-119.354998871007,833.362996717937,-0.902768072084182,-1.05669229182171,7.37805541778259,7025.61875090944,-120.389522949101,833.160303715229,0.880781338829813,2.06137364989531,-7.16527820642546
-5564.23491505586,-583.722528785201,4202.83036988094,-4.58578140673581,0.824897662422425,-5.9392914472847,-5564.79586872798,-584.212335607589,4203.29306435993,4.25315239692242,1.91987418635294,5.93584343332754
